<?xml version="1.0" encoding="UTF-8"?>
<screen>
  <parentCode />
  <folderPosition>2</folderPosition>
  <name>Reports Viewer</name>
  <code>1e237071-5daf-4e28-91d6-6b08a1edae72</code>
  <templateID>f39803f7-df02-4169-93eb-7547fb8c961a</templateID>
  <date>13/02/2017 13:19:40</date>
  <note></note>
  <legend-item></legend-item>
  <pageAlignment>CENTER</pageAlignment>
  <orientation>PORTRAIT</orientation>
  <backgroundGrowth>BOTH</backgroundGrowth>
  <width>1024</width>
  <height>768</height>
  <item-group id="1fb6964b-bef6-4c66-a671-ef817a8a3d09" visible="true">
    <button id="04a12895-48c2-4e1d-8dea-13caeab16823" singleLine="true" hidden="false" lockType="none" onTop="false" visible="true">
      <text>Back to List</text>
      <style name="LnFButton">
        <DimensionStyle width="81" height="35" />
        <PositioningStyle left="845" top="60" />
        <BackgroundStyle type="gradient">
          <gradient firstColor="255r255g255b" secondColor="230r230g230b" orientation="vertical" double="false" />
        </BackgroundStyle>
        <BorderStyle radius="30" leftColor="205r205g205b" topColor="205r205g205b" rightColor="205r205g205b" bottomColor="205r205g205b" leftStyle="solid" topStyle="solid" rightStyle="solid" bottomStyle="solid" leftWidth="1" topWidth="1" rightWidth="1" bottomWidth="1" />
        <TextStyle color="3r3g3b" hAlign="center" vAlign="center" decoration="none" line-height="0" />
        <FontStyle size="10.0" height="18">
          <family>Roboto</family>
          <style name="Regular" weight="400" italic="normal" />
          <evc-file>Roboto-Regular</evc-file>
        </FontStyle>
        <TransparencyStyle value="0" />
        <PaddingStyle top="0" left="0" bottom="0" right="0" />
        <RotationStyle angle="0" />
        <ShadowStyle>
          <Box enable="false" />
          <Text enable="false" />
        </ShadowStyle>
      </style>
      <rich-text-range-list>
        <text-range text-range-start="0" text-range-end="12">
          <style name="LnFTextRange">
            <FontStyle size="10.0" height="18">
              <family>Roboto</family>
              <style name="Regular" weight="400" italic="normal" />
              <evc-file>Roboto-Regular</evc-file>
            </FontStyle>
            <TextStyle color="3r3g3b" hAlign="center" vAlign="center" decoration="none" line-height="0" />
          </style>
        </text-range>
      </rich-text-range-list>
      <userID>Button_1</userID>
    </button>
    <label id="1ca0320b-4259-47d9-9695-1dac64a58aff" singleLine="true" hidden="false" lockType="none" onTop="false" visible="true">
      <text>Reports Viewer</text>
      <style name="LnFTextBox">
        <DimensionStyle width="351" height="42" />
        <PositioningStyle left="179" top="70" />
        <BackgroundStyle type="transparent" />
        <BorderStyle radius="0" leftColor="0r0g0b" topColor="0r0g0b" rightColor="0r0g0b" bottomColor="0r0g0b" leftStyle="none" topStyle="none" rightStyle="none" bottomStyle="none" leftWidth="1" topWidth="1" rightWidth="1" bottomWidth="1" />
        <TextStyle color="51r51g51b" hAlign="left" vAlign="center" decoration="none" line-height="0" />
        <FontStyle size="18.0" height="32">
          <family>Roboto</family>
          <style name="Bold" weight="700" italic="normal" />
          <evc-file>Roboto-Bold</evc-file>
        </FontStyle>
        <TransparencyStyle value="0" />
        <PaddingStyle top="0" left="0" bottom="0" right="0" />
        <RotationStyle angle="0" />
        <ShadowStyle>
          <Box enable="false" />
          <Text enable="false" />
        </ShadowStyle>
      </style>
      <rich-text-range-list>
        <text-range text-range-start="0" text-range-end="14">
          <style name="LnFTextRange">
            <FontStyle size="18.0" height="32">
              <family>Roboto</family>
              <style name="Bold" weight="700" italic="normal" />
              <evc-file>Roboto-Bold</evc-file>
            </FontStyle>
            <TextStyle color="51r51g51b" hAlign="left" vAlign="center" decoration="none" line-height="0" />
          </style>
        </text-range>
      </rich-text-range-list>
      <userID>Text_1</userID>
    </label>
    <rectangle id="27ef81e7-24bf-42a7-945c-ceb1d5f6a100" auto-fit="false" hidden="false" lockType="none" onTop="false" visible="true">
      <text></text>
      <style name="LnFRectangle">
        <DimensionStyle width="807" height="541" />
        <PositioningStyle left="152" top="130" />
        <BackgroundStyle type="color" value="255r255g255b" />
        <BorderStyle radius="0" leftColor="64r64g64b" topColor="64r64g64b" rightColor="64r64g64b" bottomColor="64r64g64b" leftStyle="solid" topStyle="solid" rightStyle="solid" bottomStyle="solid" leftWidth="2" topWidth="2" rightWidth="2" bottomWidth="2" />
        <TextStyle color="51r51g51b" hAlign="center" vAlign="center" decoration="none" line-height="17" />
        <FontStyle size="10.0" height="18">
          <family>Roboto</family>
          <style name="Regular" weight="400" italic="normal" />
          <evc-file>Roboto-Regular</evc-file>
        </FontStyle>
        <TransparencyStyle value="0" />
        <PaddingStyle top="0" left="0" bottom="0" right="0" />
        <RotationStyle angle="0" />
        <ShadowStyle>
          <Box enable="false" />
          <Text enable="false" />
        </ShadowStyle>
      </style>
      <rich-text-range-list>
        <text-range text-range-start="0" text-range-end="0">
          <style name="LnFTextRange">
            <FontStyle size="10.0" height="17">
              <family>Roboto</family>
              <style name="Regular" weight="400" italic="normal" />
              <evc-file>Roboto-Regular</evc-file>
            </FontStyle>
            <TextStyle color="51r51g51b" hAlign="center" vAlign="center" decoration="none" line-height="17" />
          </style>
        </text-range>
      </rich-text-range-list>
      <userID>Rectangle_1</userID>
    </rectangle>
    <style name="LnFCanvas">
      <DimensionStyle width="959" height="671" />
      <PositioningStyle left="0" top="0" />
      <BackgroundStyle type="transparent" />
      <TransparencyStyle value="0" />
    </style>
  </item-group>
  <Events>
    <event id="04a12895-48c2-4e1d-8dea-13caeab16823" trigger="onClick">
      <case execType="serial" delayAction="0">
        <description>Case 1</description>
        <block>
          <navigateLink execType="serial" delayAction="0">
            <screen id="88221d3a-91af-46a0-9886-e77414066779">Reports List</screen>
            <type>window</type>
          </navigateLink>
        </block>
      </case>
    </event>
  </Events>
</screen>

