<?xml version="1.0" encoding="UTF-8"?>
<screen>
  <parentCode />
  <folderPosition>10</folderPosition>
  <name>Add User</name>
  <code>2b544a2f-621a-49c8-b596-613dbd43a9fd</code>
  <templateID>f39803f7-df02-4169-93eb-7547fb8c961a</templateID>
  <date>13/02/2017 14:31:33</date>
  <note></note>
  <legend-item></legend-item>
  <pageAlignment>CENTER</pageAlignment>
  <orientation>PORTRAIT</orientation>
  <backgroundGrowth>BOTH</backgroundGrowth>
  <width>1024</width>
  <height>768</height>
  <item-group id="d9269ebb-6066-4a4d-a972-48248b5a21e7" visible="true">
    <textTable id="f4e8a04a-fa95-4bb5-ae9e-7efa63ffb210" numColumns="6" numRows="6" hidden="false" lockType="none" onTop="false" visible="true">
      <textCell id="62f7fd8a-518b-4252-9824-8b151f4b5c41" column="0" row="0" colspan="1" rowspan="1">
        <userID>Text_cell_47</userID>
        <text></text>
        <style name="LnFTextCell">
          <DimensionStyle width="57" height="32" />
          <PositioningStyle left="0" top="0" />
          <BackgroundStyle type="transparent" />
          <BorderStyle radius="0" leftColor="221r221g221b" topColor="221r221g221b" rightColor="221r221g221b" bottomColor="221r221g221b" leftStyle="none" topStyle="none" rightStyle="solid" bottomStyle="solid" leftWidth="1" topWidth="1" rightWidth="1" bottomWidth="1" />
          <TextStyle color="51r51g51b" hAlign="left" vAlign="center" decoration="none" line-height="14" />
          <FontStyle size="10.0" height="18">
            <family>Roboto</family>
            <style name="Regular" weight="400" italic="normal" />
            <evc-file>Roboto-Regular</evc-file>
          </FontStyle>
          <TransparencyStyle value="0" />
          <PaddingStyle top="0" left="12" bottom="0" right="0" />
          <ShadowStyle>
            <Text enable="false" />
          </ShadowStyle>
        </style>
        <rich-text-range-list>
          <text-range text-range-start="0" text-range-end="0">
            <style name="LnFTextRange">
              <FontStyle size="10.0" height="18">
                <family>Roboto</family>
                <style name="Regular" weight="400" italic="normal" />
                <evc-file>Roboto-Regular</evc-file>
              </FontStyle>
              <TextStyle color="51r51g51b" hAlign="left" vAlign="center" decoration="none" line-height="14" />
            </style>
          </text-range>
        </rich-text-range-list>
      </textCell>
      <textCell id="e0951808-82a4-4a44-b622-e12ee9dbe661" column="1" row="0" colspan="1" rowspan="1">
        <userID>Text_cell_17</userID>
        <text>ID</text>
        <style name="LnFTextCell">
          <DimensionStyle width="60" height="32" />
          <PositioningStyle left="57" top="0" />
          <BackgroundStyle type="transparent" />
          <BorderStyle radius="0" leftColor="221r221g221b" topColor="221r221g221b" rightColor="221r221g221b" bottomColor="221r221g221b" leftStyle="none" topStyle="none" rightStyle="solid" bottomStyle="solid" leftWidth="1" topWidth="1" rightWidth="1" bottomWidth="1" />
          <TextStyle color="51r51g51b" hAlign="left" vAlign="center" decoration="none" line-height="14" />
          <FontStyle size="10.0" height="18">
            <family>Roboto</family>
            <style name="Regular" weight="400" italic="normal" />
            <evc-file>Roboto-Regular</evc-file>
          </FontStyle>
          <TransparencyStyle value="0" />
          <PaddingStyle top="0" left="12" bottom="0" right="0" />
          <ShadowStyle>
            <Text enable="false" />
          </ShadowStyle>
        </style>
        <rich-text-range-list>
          <text-range text-range-start="0" text-range-end="2">
            <style name="LnFTextRange">
              <FontStyle size="10.0" height="18">
                <family>Roboto</family>
                <style name="Regular" weight="400" italic="normal" />
                <evc-file>Roboto-Regular</evc-file>
              </FontStyle>
              <TextStyle color="51r51g51b" hAlign="left" vAlign="center" decoration="none" line-height="14" />
            </style>
          </text-range>
        </rich-text-range-list>
      </textCell>
      <textCell id="eb41dbd9-c195-4d5c-9134-8b728774b594" column="2" row="0" colspan="1" rowspan="1">
        <userID>Text_cell_23</userID>
        <text>Type</text>
        <style name="LnFTextCell">
          <DimensionStyle width="102" height="32" />
          <PositioningStyle left="117" top="0" />
          <BackgroundStyle type="transparent" />
          <BorderStyle radius="0" leftColor="221r221g221b" topColor="221r221g221b" rightColor="221r221g221b" bottomColor="221r221g221b" leftStyle="none" topStyle="none" rightStyle="solid" bottomStyle="solid" leftWidth="1" topWidth="1" rightWidth="1" bottomWidth="1" />
          <TextStyle color="51r51g51b" hAlign="left" vAlign="center" decoration="none" line-height="14" />
          <FontStyle size="10.0" height="18">
            <family>Roboto</family>
            <style name="Regular" weight="400" italic="normal" />
            <evc-file>Roboto-Regular</evc-file>
          </FontStyle>
          <TransparencyStyle value="0" />
          <PaddingStyle top="0" left="12" bottom="0" right="0" />
          <ShadowStyle>
            <Text enable="false" />
          </ShadowStyle>
        </style>
        <rich-text-range-list>
          <text-range text-range-start="0" text-range-end="4">
            <style name="LnFTextRange">
              <FontStyle size="10.0" height="18">
                <family>Roboto</family>
                <style name="Regular" weight="400" italic="normal" />
                <evc-file>Roboto-Regular</evc-file>
              </FontStyle>
              <TextStyle color="51r51g51b" hAlign="left" vAlign="center" decoration="none" line-height="14" />
            </style>
          </text-range>
        </rich-text-range-list>
      </textCell>
      <textCell id="07d3bb81-a13d-4cc8-8626-734db0d0dc4a" column="3" row="0" colspan="1" rowspan="1">
        <userID>Text_cell_29</userID>
        <text>Name</text>
        <style name="LnFTextCell">
          <DimensionStyle width="163" height="32" />
          <PositioningStyle left="219" top="0" />
          <BackgroundStyle type="transparent" />
          <BorderStyle radius="0" leftColor="221r221g221b" topColor="221r221g221b" rightColor="221r221g221b" bottomColor="221r221g221b" leftStyle="none" topStyle="none" rightStyle="solid" bottomStyle="solid" leftWidth="1" topWidth="1" rightWidth="1" bottomWidth="1" />
          <TextStyle color="51r51g51b" hAlign="left" vAlign="center" decoration="none" line-height="14" />
          <FontStyle size="10.0" height="18">
            <family>Roboto</family>
            <style name="Regular" weight="400" italic="normal" />
            <evc-file>Roboto-Regular</evc-file>
          </FontStyle>
          <TransparencyStyle value="0" />
          <PaddingStyle top="0" left="12" bottom="0" right="0" />
          <ShadowStyle>
            <Text enable="false" />
          </ShadowStyle>
        </style>
        <rich-text-range-list>
          <text-range text-range-start="0" text-range-end="4">
            <style name="LnFTextRange">
              <FontStyle size="10.0" height="18">
                <family>Roboto</family>
                <style name="Regular" weight="400" italic="normal" />
                <evc-file>Roboto-Regular</evc-file>
              </FontStyle>
              <TextStyle color="51r51g51b" hAlign="left" vAlign="center" decoration="none" line-height="14" />
            </style>
          </text-range>
        </rich-text-range-list>
      </textCell>
      <textCell id="738283ae-e6b0-4955-930f-5789b7b9d1c4" column="4" row="0" colspan="1" rowspan="1">
        <userID>Text_cell_35</userID>
        <text>Account ID</text>
        <style name="LnFTextCell">
          <DimensionStyle width="102" height="32" />
          <PositioningStyle left="382" top="0" />
          <BackgroundStyle type="transparent" />
          <BorderStyle radius="0" leftColor="221r221g221b" topColor="221r221g221b" rightColor="221r221g221b" bottomColor="221r221g221b" leftStyle="none" topStyle="none" rightStyle="solid" bottomStyle="solid" leftWidth="1" topWidth="1" rightWidth="1" bottomWidth="1" />
          <TextStyle color="51r51g51b" hAlign="left" vAlign="center" decoration="none" line-height="14" />
          <FontStyle size="10.0" height="18">
            <family>Roboto</family>
            <style name="Regular" weight="400" italic="normal" />
            <evc-file>Roboto-Regular</evc-file>
          </FontStyle>
          <TransparencyStyle value="0" />
          <PaddingStyle top="0" left="12" bottom="0" right="0" />
          <ShadowStyle>
            <Text enable="false" />
          </ShadowStyle>
        </style>
        <rich-text-range-list>
          <text-range text-range-start="0" text-range-end="10">
            <style name="LnFTextRange">
              <FontStyle size="10.0" height="18">
                <family>Roboto</family>
                <style name="Regular" weight="400" italic="normal" />
                <evc-file>Roboto-Regular</evc-file>
              </FontStyle>
              <TextStyle color="51r51g51b" hAlign="left" vAlign="center" decoration="none" line-height="14" />
            </style>
          </text-range>
        </rich-text-range-list>
      </textCell>
      <textCell id="a98200b7-ba57-4c2b-b868-e8b5c6679f88" column="5" row="0" colspan="1" rowspan="1">
        <userID>Text_cell_41</userID>
        <text>status</text>
        <style name="LnFTextCell">
          <DimensionStyle width="102" height="32" />
          <PositioningStyle left="484" top="0" />
          <BackgroundStyle type="transparent" />
          <BorderStyle radius="0" leftColor="221r221g221b" topColor="221r221g221b" rightColor="221r221g221b" bottomColor="221r221g221b" leftStyle="none" topStyle="none" rightStyle="solid" bottomStyle="solid" leftWidth="1" topWidth="1" rightWidth="1" bottomWidth="1" />
          <TextStyle color="51r51g51b" hAlign="left" vAlign="center" decoration="none" line-height="14" />
          <FontStyle size="10.0" height="18">
            <family>Roboto</family>
            <style name="Regular" weight="400" italic="normal" />
            <evc-file>Roboto-Regular</evc-file>
          </FontStyle>
          <TransparencyStyle value="0" />
          <PaddingStyle top="0" left="12" bottom="0" right="0" />
          <ShadowStyle>
            <Text enable="false" />
          </ShadowStyle>
        </style>
        <rich-text-range-list>
          <text-range text-range-start="0" text-range-end="6">
            <style name="LnFTextRange">
              <FontStyle size="10.0" height="18">
                <family>Roboto</family>
                <style name="Regular" weight="400" italic="normal" />
                <evc-file>Roboto-Regular</evc-file>
              </FontStyle>
              <TextStyle color="51r51g51b" hAlign="left" vAlign="center" decoration="none" line-height="14" />
            </style>
          </text-range>
        </rich-text-range-list>
      </textCell>
      <textCell id="0efe63e8-5474-4922-9fc5-562e3d7ef9b7" column="0" row="1" colspan="1" rowspan="1">
        <userID>Text_cell_48</userID>
        <text></text>
        <style name="LnFTextCell">
          <DimensionStyle width="57" height="32" />
          <PositioningStyle left="0" top="32" />
          <BackgroundStyle type="transparent" />
          <BorderStyle radius="0" leftColor="221r221g221b" topColor="221r221g221b" rightColor="221r221g221b" bottomColor="221r221g221b" leftStyle="none" topStyle="none" rightStyle="solid" bottomStyle="solid" leftWidth="1" topWidth="1" rightWidth="1" bottomWidth="1" />
          <TextStyle color="51r51g51b" hAlign="left" vAlign="center" decoration="none" line-height="14" />
          <FontStyle size="10.0" height="18">
            <family>Roboto</family>
            <style name="Regular" weight="400" italic="normal" />
            <evc-file>Roboto-Regular</evc-file>
          </FontStyle>
          <TransparencyStyle value="0" />
          <PaddingStyle top="0" left="12" bottom="0" right="0" />
          <ShadowStyle>
            <Text enable="false" />
          </ShadowStyle>
        </style>
        <rich-text-range-list>
          <text-range text-range-start="0" text-range-end="0">
            <style name="LnFTextRange">
              <FontStyle size="10.0" height="18">
                <family>Roboto</family>
                <style name="Regular" weight="400" italic="normal" />
                <evc-file>Roboto-Regular</evc-file>
              </FontStyle>
              <TextStyle color="51r51g51b" hAlign="left" vAlign="center" decoration="none" line-height="14" />
            </style>
          </text-range>
        </rich-text-range-list>
      </textCell>
      <textCell id="447638f4-7371-4cde-8312-c443156d38d1" column="1" row="1" colspan="1" rowspan="1">
        <userID>Text_cell_18</userID>
        <text>1</text>
        <style name="LnFTextCell">
          <DimensionStyle width="60" height="32" />
          <PositioningStyle left="57" top="32" />
          <BackgroundStyle type="transparent" />
          <BorderStyle radius="0" leftColor="221r221g221b" topColor="221r221g221b" rightColor="221r221g221b" bottomColor="221r221g221b" leftStyle="none" topStyle="none" rightStyle="solid" bottomStyle="solid" leftWidth="1" topWidth="1" rightWidth="1" bottomWidth="1" />
          <TextStyle color="51r51g51b" hAlign="left" vAlign="center" decoration="none" line-height="14" />
          <FontStyle size="10.0" height="18">
            <family>Roboto</family>
            <style name="Regular" weight="400" italic="normal" />
            <evc-file>Roboto-Regular</evc-file>
          </FontStyle>
          <TransparencyStyle value="0" />
          <PaddingStyle top="0" left="12" bottom="0" right="0" />
          <ShadowStyle>
            <Text enable="false" />
          </ShadowStyle>
        </style>
        <rich-text-range-list>
          <text-range text-range-start="0" text-range-end="1">
            <style name="LnFTextRange">
              <FontStyle size="10.0" height="18">
                <family>Roboto</family>
                <style name="Regular" weight="400" italic="normal" />
                <evc-file>Roboto-Regular</evc-file>
              </FontStyle>
              <TextStyle color="51r51g51b" hAlign="left" vAlign="center" decoration="none" line-height="14" />
            </style>
          </text-range>
        </rich-text-range-list>
      </textCell>
      <textCell id="ffd38b64-b2fb-4efc-9619-587b1d0a6b17" column="2" row="1" colspan="1" rowspan="1">
        <userID>Text_cell_24</userID>
        <text>Vendor</text>
        <style name="LnFTextCell">
          <DimensionStyle width="102" height="32" />
          <PositioningStyle left="117" top="32" />
          <BackgroundStyle type="transparent" />
          <BorderStyle radius="0" leftColor="221r221g221b" topColor="221r221g221b" rightColor="221r221g221b" bottomColor="221r221g221b" leftStyle="none" topStyle="none" rightStyle="solid" bottomStyle="solid" leftWidth="1" topWidth="1" rightWidth="1" bottomWidth="1" />
          <TextStyle color="51r51g51b" hAlign="left" vAlign="center" decoration="none" line-height="14" />
          <FontStyle size="10.0" height="18">
            <family>Roboto</family>
            <style name="Regular" weight="400" italic="normal" />
            <evc-file>Roboto-Regular</evc-file>
          </FontStyle>
          <TransparencyStyle value="0" />
          <PaddingStyle top="0" left="12" bottom="0" right="0" />
          <ShadowStyle>
            <Text enable="false" />
          </ShadowStyle>
        </style>
        <rich-text-range-list>
          <text-range text-range-start="0" text-range-end="6">
            <style name="LnFTextRange">
              <FontStyle size="10.0" height="18">
                <family>Roboto</family>
                <style name="Regular" weight="400" italic="normal" />
                <evc-file>Roboto-Regular</evc-file>
              </FontStyle>
              <TextStyle color="51r51g51b" hAlign="left" vAlign="center" decoration="none" line-height="14" />
            </style>
          </text-range>
        </rich-text-range-list>
      </textCell>
      <textCell id="822c2893-6af4-4a16-bf5c-2506f2925748" column="3" row="1" colspan="1" rowspan="1">
        <userID>Text_cell_30</userID>
        <text>MicroSoft</text>
        <style name="LnFTextCell">
          <DimensionStyle width="163" height="32" />
          <PositioningStyle left="219" top="32" />
          <BackgroundStyle type="transparent" />
          <BorderStyle radius="0" leftColor="221r221g221b" topColor="221r221g221b" rightColor="221r221g221b" bottomColor="221r221g221b" leftStyle="none" topStyle="none" rightStyle="solid" bottomStyle="solid" leftWidth="1" topWidth="1" rightWidth="1" bottomWidth="1" />
          <TextStyle color="51r51g51b" hAlign="left" vAlign="center" decoration="none" line-height="14" />
          <FontStyle size="10.0" height="18">
            <family>Roboto</family>
            <style name="Regular" weight="400" italic="normal" />
            <evc-file>Roboto-Regular</evc-file>
          </FontStyle>
          <TransparencyStyle value="0" />
          <PaddingStyle top="0" left="12" bottom="0" right="0" />
          <ShadowStyle>
            <Text enable="false" />
          </ShadowStyle>
        </style>
        <rich-text-range-list>
          <text-range text-range-start="0" text-range-end="9">
            <style name="LnFTextRange">
              <FontStyle size="10.0" height="18">
                <family>Roboto</family>
                <style name="Regular" weight="400" italic="normal" />
                <evc-file>Roboto-Regular</evc-file>
              </FontStyle>
              <TextStyle color="51r51g51b" hAlign="left" vAlign="center" decoration="none" line-height="14" />
            </style>
          </text-range>
        </rich-text-range-list>
      </textCell>
      <textCell id="eab36cc6-eafb-48a5-a843-85f38dae804a" column="4" row="1" colspan="1" rowspan="1">
        <userID>Text_cell_36</userID>
        <text>Vendor1234</text>
        <style name="LnFTextCell">
          <DimensionStyle width="102" height="32" />
          <PositioningStyle left="382" top="32" />
          <BackgroundStyle type="transparent" />
          <BorderStyle radius="0" leftColor="221r221g221b" topColor="221r221g221b" rightColor="221r221g221b" bottomColor="221r221g221b" leftStyle="none" topStyle="none" rightStyle="solid" bottomStyle="solid" leftWidth="1" topWidth="1" rightWidth="1" bottomWidth="1" />
          <TextStyle color="51r51g51b" hAlign="left" vAlign="center" decoration="none" line-height="14" />
          <FontStyle size="10.0" height="18">
            <family>Roboto</family>
            <style name="Regular" weight="400" italic="normal" />
            <evc-file>Roboto-Regular</evc-file>
          </FontStyle>
          <TransparencyStyle value="0" />
          <PaddingStyle top="0" left="12" bottom="0" right="0" />
          <ShadowStyle>
            <Text enable="false" />
          </ShadowStyle>
        </style>
        <rich-text-range-list>
          <text-range text-range-start="0" text-range-end="10">
            <style name="LnFTextRange">
              <FontStyle size="10.0" height="18">
                <family>Roboto</family>
                <style name="Regular" weight="400" italic="normal" />
                <evc-file>Roboto-Regular</evc-file>
              </FontStyle>
              <TextStyle color="51r51g51b" hAlign="left" vAlign="center" decoration="none" line-height="14" />
            </style>
          </text-range>
        </rich-text-range-list>
      </textCell>
      <textCell id="25592f7f-3c44-44ec-b233-76fca5a9b1e2" column="5" row="1" colspan="1" rowspan="1">
        <userID>Text_cell_42</userID>
        <text>Active</text>
        <style name="LnFTextCell">
          <DimensionStyle width="102" height="32" />
          <PositioningStyle left="484" top="32" />
          <BackgroundStyle type="transparent" />
          <BorderStyle radius="0" leftColor="221r221g221b" topColor="221r221g221b" rightColor="221r221g221b" bottomColor="221r221g221b" leftStyle="none" topStyle="none" rightStyle="solid" bottomStyle="solid" leftWidth="1" topWidth="1" rightWidth="1" bottomWidth="1" />
          <TextStyle color="51r51g51b" hAlign="left" vAlign="center" decoration="none" line-height="14" />
          <FontStyle size="10.0" height="18">
            <family>Roboto</family>
            <style name="Regular" weight="400" italic="normal" />
            <evc-file>Roboto-Regular</evc-file>
          </FontStyle>
          <TransparencyStyle value="0" />
          <PaddingStyle top="0" left="12" bottom="0" right="0" />
          <ShadowStyle>
            <Text enable="false" />
          </ShadowStyle>
        </style>
        <rich-text-range-list>
          <text-range text-range-start="0" text-range-end="6">
            <style name="LnFTextRange">
              <FontStyle size="10.0" height="18">
                <family>Roboto</family>
                <style name="Regular" weight="400" italic="normal" />
                <evc-file>Roboto-Regular</evc-file>
              </FontStyle>
              <TextStyle color="51r51g51b" hAlign="left" vAlign="center" decoration="none" line-height="14" />
            </style>
          </text-range>
        </rich-text-range-list>
      </textCell>
      <textCell id="ccd9cf82-0811-4698-a080-778e36779288" column="0" row="2" colspan="1" rowspan="1">
        <userID>Text_cell_49</userID>
        <text></text>
        <style name="LnFTextCell">
          <DimensionStyle width="57" height="32" />
          <PositioningStyle left="0" top="64" />
          <BackgroundStyle type="transparent" />
          <BorderStyle radius="0" leftColor="221r221g221b" topColor="221r221g221b" rightColor="221r221g221b" bottomColor="221r221g221b" leftStyle="none" topStyle="none" rightStyle="solid" bottomStyle="solid" leftWidth="1" topWidth="1" rightWidth="1" bottomWidth="1" />
          <TextStyle color="51r51g51b" hAlign="left" vAlign="center" decoration="none" line-height="14" />
          <FontStyle size="10.0" height="18">
            <family>Roboto</family>
            <style name="Regular" weight="400" italic="normal" />
            <evc-file>Roboto-Regular</evc-file>
          </FontStyle>
          <TransparencyStyle value="0" />
          <PaddingStyle top="0" left="12" bottom="0" right="0" />
          <ShadowStyle>
            <Text enable="false" />
          </ShadowStyle>
        </style>
        <rich-text-range-list>
          <text-range text-range-start="0" text-range-end="0">
            <style name="LnFTextRange">
              <FontStyle size="10.0" height="18">
                <family>Roboto</family>
                <style name="Regular" weight="400" italic="normal" />
                <evc-file>Roboto-Regular</evc-file>
              </FontStyle>
              <TextStyle color="51r51g51b" hAlign="left" vAlign="center" decoration="none" line-height="14" />
            </style>
          </text-range>
        </rich-text-range-list>
      </textCell>
      <textCell id="b5f5f1db-99a1-4751-b706-92da5ce88e7a" column="1" row="2" colspan="1" rowspan="1">
        <userID>Text_cell_19</userID>
        <text>2</text>
        <style name="LnFTextCell">
          <DimensionStyle width="60" height="32" />
          <PositioningStyle left="57" top="64" />
          <BackgroundStyle type="transparent" />
          <BorderStyle radius="0" leftColor="221r221g221b" topColor="221r221g221b" rightColor="221r221g221b" bottomColor="221r221g221b" leftStyle="none" topStyle="none" rightStyle="solid" bottomStyle="solid" leftWidth="1" topWidth="1" rightWidth="1" bottomWidth="1" />
          <TextStyle color="51r51g51b" hAlign="left" vAlign="center" decoration="none" line-height="14" />
          <FontStyle size="10.0" height="18">
            <family>Roboto</family>
            <style name="Regular" weight="400" italic="normal" />
            <evc-file>Roboto-Regular</evc-file>
          </FontStyle>
          <TransparencyStyle value="0" />
          <PaddingStyle top="0" left="12" bottom="0" right="0" />
          <ShadowStyle>
            <Text enable="false" />
          </ShadowStyle>
        </style>
        <rich-text-range-list>
          <text-range text-range-start="0" text-range-end="1">
            <style name="LnFTextRange">
              <FontStyle size="10.0" height="18">
                <family>Roboto</family>
                <style name="Regular" weight="400" italic="normal" />
                <evc-file>Roboto-Regular</evc-file>
              </FontStyle>
              <TextStyle color="51r51g51b" hAlign="left" vAlign="center" decoration="none" line-height="14" />
            </style>
          </text-range>
        </rich-text-range-list>
      </textCell>
      <textCell id="11dbd877-9885-4585-b618-d6a7fad653cc" column="2" row="2" colspan="1" rowspan="1">
        <userID>Text_cell_25</userID>
        <text>Employee</text>
        <style name="LnFTextCell">
          <DimensionStyle width="102" height="32" />
          <PositioningStyle left="117" top="64" />
          <BackgroundStyle type="transparent" />
          <BorderStyle radius="0" leftColor="221r221g221b" topColor="221r221g221b" rightColor="221r221g221b" bottomColor="221r221g221b" leftStyle="none" topStyle="none" rightStyle="solid" bottomStyle="solid" leftWidth="1" topWidth="1" rightWidth="1" bottomWidth="1" />
          <TextStyle color="51r51g51b" hAlign="left" vAlign="center" decoration="none" line-height="14" />
          <FontStyle size="10.0" height="18">
            <family>Roboto</family>
            <style name="Regular" weight="400" italic="normal" />
            <evc-file>Roboto-Regular</evc-file>
          </FontStyle>
          <TransparencyStyle value="0" />
          <PaddingStyle top="0" left="12" bottom="0" right="0" />
          <ShadowStyle>
            <Text enable="false" />
          </ShadowStyle>
        </style>
        <rich-text-range-list>
          <text-range text-range-start="0" text-range-end="8">
            <style name="LnFTextRange">
              <FontStyle size="10.0" height="18">
                <family>Roboto</family>
                <style name="Regular" weight="400" italic="normal" />
                <evc-file>Roboto-Regular</evc-file>
              </FontStyle>
              <TextStyle color="51r51g51b" hAlign="left" vAlign="center" decoration="none" line-height="14" />
            </style>
          </text-range>
        </rich-text-range-list>
      </textCell>
      <textCell id="1b4e6af3-a0b1-4cfc-8108-677b79e19e8b" column="3" row="2" colspan="1" rowspan="1">
        <userID>Text_cell_31</userID>
        <text>Kevin Cho</text>
        <style name="LnFTextCell">
          <DimensionStyle width="163" height="32" />
          <PositioningStyle left="219" top="64" />
          <BackgroundStyle type="transparent" />
          <BorderStyle radius="0" leftColor="221r221g221b" topColor="221r221g221b" rightColor="221r221g221b" bottomColor="221r221g221b" leftStyle="none" topStyle="none" rightStyle="solid" bottomStyle="solid" leftWidth="1" topWidth="1" rightWidth="1" bottomWidth="1" />
          <TextStyle color="51r51g51b" hAlign="left" vAlign="center" decoration="none" line-height="14" />
          <FontStyle size="10.0" height="18">
            <family>Roboto</family>
            <style name="Regular" weight="400" italic="normal" />
            <evc-file>Roboto-Regular</evc-file>
          </FontStyle>
          <TransparencyStyle value="0" />
          <PaddingStyle top="0" left="12" bottom="0" right="0" />
          <ShadowStyle>
            <Text enable="false" />
          </ShadowStyle>
        </style>
        <rich-text-range-list>
          <text-range text-range-start="0" text-range-end="9">
            <style name="LnFTextRange">
              <FontStyle size="10.0" height="18">
                <family>Roboto</family>
                <style name="Regular" weight="400" italic="normal" />
                <evc-file>Roboto-Regular</evc-file>
              </FontStyle>
              <TextStyle color="51r51g51b" hAlign="left" vAlign="center" decoration="none" line-height="14" />
            </style>
          </text-range>
        </rich-text-range-list>
      </textCell>
      <textCell id="d4f8fc78-e824-42d9-8863-b696cacf0aef" column="4" row="2" colspan="1" rowspan="1">
        <userID>Text_cell_37</userID>
        <text>12345</text>
        <style name="LnFTextCell">
          <DimensionStyle width="102" height="32" />
          <PositioningStyle left="382" top="64" />
          <BackgroundStyle type="transparent" />
          <BorderStyle radius="0" leftColor="221r221g221b" topColor="221r221g221b" rightColor="221r221g221b" bottomColor="221r221g221b" leftStyle="none" topStyle="none" rightStyle="solid" bottomStyle="solid" leftWidth="1" topWidth="1" rightWidth="1" bottomWidth="1" />
          <TextStyle color="51r51g51b" hAlign="left" vAlign="center" decoration="none" line-height="14" />
          <FontStyle size="10.0" height="18">
            <family>Roboto</family>
            <style name="Regular" weight="400" italic="normal" />
            <evc-file>Roboto-Regular</evc-file>
          </FontStyle>
          <TransparencyStyle value="0" />
          <PaddingStyle top="0" left="12" bottom="0" right="0" />
          <ShadowStyle>
            <Text enable="false" />
          </ShadowStyle>
        </style>
        <rich-text-range-list>
          <text-range text-range-start="0" text-range-end="5">
            <style name="LnFTextRange">
              <FontStyle size="10.0" height="18">
                <family>Roboto</family>
                <style name="Regular" weight="400" italic="normal" />
                <evc-file>Roboto-Regular</evc-file>
              </FontStyle>
              <TextStyle color="51r51g51b" hAlign="left" vAlign="center" decoration="none" line-height="14" />
            </style>
          </text-range>
        </rich-text-range-list>
      </textCell>
      <textCell id="bedcbfcb-5246-4623-9046-97ab7f5c6b75" column="5" row="2" colspan="1" rowspan="1">
        <userID>Text_cell_43</userID>
        <text>Active</text>
        <style name="LnFTextCell">
          <DimensionStyle width="102" height="32" />
          <PositioningStyle left="484" top="64" />
          <BackgroundStyle type="transparent" />
          <BorderStyle radius="0" leftColor="221r221g221b" topColor="221r221g221b" rightColor="221r221g221b" bottomColor="221r221g221b" leftStyle="none" topStyle="none" rightStyle="solid" bottomStyle="solid" leftWidth="1" topWidth="1" rightWidth="1" bottomWidth="1" />
          <TextStyle color="51r51g51b" hAlign="left" vAlign="center" decoration="none" line-height="14" />
          <FontStyle size="10.0" height="18">
            <family>Roboto</family>
            <style name="Regular" weight="400" italic="normal" />
            <evc-file>Roboto-Regular</evc-file>
          </FontStyle>
          <TransparencyStyle value="0" />
          <PaddingStyle top="0" left="12" bottom="0" right="0" />
          <ShadowStyle>
            <Text enable="false" />
          </ShadowStyle>
        </style>
        <rich-text-range-list>
          <text-range text-range-start="0" text-range-end="6">
            <style name="LnFTextRange">
              <FontStyle size="10.0" height="0">
                <family>Roboto</family>
                <style name="Regular" weight="400" italic="normal" />
                <evc-file>Roboto-Regular</evc-file>
              </FontStyle>
              <TextStyle color="51r51g51b" hAlign="left" vAlign="center" decoration="none" line-height="14" />
            </style>
          </text-range>
        </rich-text-range-list>
      </textCell>
      <textCell id="fd0d7bcd-9d34-4fe7-a71a-949d3618762b" column="0" row="3" colspan="1" rowspan="1">
        <userID>Text_cell_50</userID>
        <text></text>
        <style name="LnFTextCell">
          <DimensionStyle width="57" height="33" />
          <PositioningStyle left="0" top="96" />
          <BackgroundStyle type="transparent" />
          <BorderStyle radius="0" leftColor="221r221g221b" topColor="221r221g221b" rightColor="221r221g221b" bottomColor="221r221g221b" leftStyle="none" topStyle="none" rightStyle="solid" bottomStyle="solid" leftWidth="1" topWidth="1" rightWidth="1" bottomWidth="1" />
          <TextStyle color="51r51g51b" hAlign="left" vAlign="center" decoration="none" line-height="14" />
          <FontStyle size="10.0" height="18">
            <family>Roboto</family>
            <style name="Regular" weight="400" italic="normal" />
            <evc-file>Roboto-Regular</evc-file>
          </FontStyle>
          <TransparencyStyle value="0" />
          <PaddingStyle top="0" left="12" bottom="0" right="0" />
          <ShadowStyle>
            <Text enable="false" />
          </ShadowStyle>
        </style>
        <rich-text-range-list>
          <text-range text-range-start="0" text-range-end="0">
            <style name="LnFTextRange">
              <FontStyle size="10.0" height="18">
                <family>Roboto</family>
                <style name="Regular" weight="400" italic="normal" />
                <evc-file>Roboto-Regular</evc-file>
              </FontStyle>
              <TextStyle color="51r51g51b" hAlign="left" vAlign="center" decoration="none" line-height="14" />
            </style>
          </text-range>
        </rich-text-range-list>
      </textCell>
      <textCell id="dd1c6c77-0bc7-4b0e-9fdd-e71830b0031f" column="1" row="3" colspan="1" rowspan="1">
        <userID>Text_cell_20</userID>
        <text>3</text>
        <style name="LnFTextCell">
          <DimensionStyle width="60" height="33" />
          <PositioningStyle left="57" top="96" />
          <BackgroundStyle type="transparent" />
          <BorderStyle radius="0" leftColor="221r221g221b" topColor="221r221g221b" rightColor="221r221g221b" bottomColor="221r221g221b" leftStyle="none" topStyle="none" rightStyle="solid" bottomStyle="solid" leftWidth="1" topWidth="1" rightWidth="1" bottomWidth="1" />
          <TextStyle color="51r51g51b" hAlign="left" vAlign="center" decoration="none" line-height="14" />
          <FontStyle size="10.0" height="18">
            <family>Roboto</family>
            <style name="Regular" weight="400" italic="normal" />
            <evc-file>Roboto-Regular</evc-file>
          </FontStyle>
          <TransparencyStyle value="0" />
          <PaddingStyle top="0" left="12" bottom="0" right="0" />
          <ShadowStyle>
            <Text enable="false" />
          </ShadowStyle>
        </style>
        <rich-text-range-list>
          <text-range text-range-start="0" text-range-end="1">
            <style name="LnFTextRange">
              <FontStyle size="10.0" height="18">
                <family>Roboto</family>
                <style name="Regular" weight="400" italic="normal" />
                <evc-file>Roboto-Regular</evc-file>
              </FontStyle>
              <TextStyle color="51r51g51b" hAlign="left" vAlign="center" decoration="none" line-height="14" />
            </style>
          </text-range>
        </rich-text-range-list>
      </textCell>
      <textCell id="f8598996-27da-4e2a-bc6a-dd7a3536a0ca" column="2" row="3" colspan="1" rowspan="1">
        <userID>Text_cell_26</userID>
        <text>Customer</text>
        <style name="LnFTextCell">
          <DimensionStyle width="102" height="33" />
          <PositioningStyle left="117" top="96" />
          <BackgroundStyle type="transparent" />
          <BorderStyle radius="0" leftColor="221r221g221b" topColor="221r221g221b" rightColor="221r221g221b" bottomColor="221r221g221b" leftStyle="none" topStyle="none" rightStyle="solid" bottomStyle="solid" leftWidth="1" topWidth="1" rightWidth="1" bottomWidth="1" />
          <TextStyle color="51r51g51b" hAlign="left" vAlign="center" decoration="none" line-height="14" />
          <FontStyle size="10.0" height="18">
            <family>Roboto</family>
            <style name="Regular" weight="400" italic="normal" />
            <evc-file>Roboto-Regular</evc-file>
          </FontStyle>
          <TransparencyStyle value="0" />
          <PaddingStyle top="0" left="12" bottom="0" right="0" />
          <ShadowStyle>
            <Text enable="false" />
          </ShadowStyle>
        </style>
        <rich-text-range-list>
          <text-range text-range-start="0" text-range-end="8">
            <style name="LnFTextRange">
              <FontStyle size="10.0" height="18">
                <family>Roboto</family>
                <style name="Regular" weight="400" italic="normal" />
                <evc-file>Roboto-Regular</evc-file>
              </FontStyle>
              <TextStyle color="51r51g51b" hAlign="left" vAlign="center" decoration="none" line-height="14" />
            </style>
          </text-range>
        </rich-text-range-list>
      </textCell>
      <textCell id="0ad86338-6a1e-493b-9111-5db1fe1bef6d" column="3" row="3" colspan="1" rowspan="1">
        <userID>Text_cell_32</userID>
        <text>Jessica Kim</text>
        <style name="LnFTextCell">
          <DimensionStyle width="163" height="33" />
          <PositioningStyle left="219" top="96" />
          <BackgroundStyle type="transparent" />
          <BorderStyle radius="0" leftColor="221r221g221b" topColor="221r221g221b" rightColor="221r221g221b" bottomColor="221r221g221b" leftStyle="none" topStyle="none" rightStyle="solid" bottomStyle="solid" leftWidth="1" topWidth="1" rightWidth="1" bottomWidth="1" />
          <TextStyle color="51r51g51b" hAlign="left" vAlign="center" decoration="none" line-height="14" />
          <FontStyle size="10.0" height="18">
            <family>Roboto</family>
            <style name="Regular" weight="400" italic="normal" />
            <evc-file>Roboto-Regular</evc-file>
          </FontStyle>
          <TransparencyStyle value="0" />
          <PaddingStyle top="0" left="12" bottom="0" right="0" />
          <ShadowStyle>
            <Text enable="false" />
          </ShadowStyle>
        </style>
        <rich-text-range-list>
          <text-range text-range-start="0" text-range-end="11">
            <style name="LnFTextRange">
              <FontStyle size="10.0" height="18">
                <family>Roboto</family>
                <style name="Regular" weight="400" italic="normal" />
                <evc-file>Roboto-Regular</evc-file>
              </FontStyle>
              <TextStyle color="51r51g51b" hAlign="left" vAlign="center" decoration="none" line-height="14" />
            </style>
          </text-range>
        </rich-text-range-list>
      </textCell>
      <textCell id="2f97bf84-7c54-4fc5-96a9-b3e8335b9ae1" column="4" row="3" colspan="1" rowspan="1">
        <userID>Text_cell_38</userID>
        <text>C1234</text>
        <style name="LnFTextCell">
          <DimensionStyle width="102" height="33" />
          <PositioningStyle left="382" top="96" />
          <BackgroundStyle type="transparent" />
          <BorderStyle radius="0" leftColor="221r221g221b" topColor="221r221g221b" rightColor="221r221g221b" bottomColor="221r221g221b" leftStyle="none" topStyle="none" rightStyle="solid" bottomStyle="solid" leftWidth="1" topWidth="1" rightWidth="1" bottomWidth="1" />
          <TextStyle color="51r51g51b" hAlign="left" vAlign="center" decoration="none" line-height="14" />
          <FontStyle size="10.0" height="18">
            <family>Roboto</family>
            <style name="Regular" weight="400" italic="normal" />
            <evc-file>Roboto-Regular</evc-file>
          </FontStyle>
          <TransparencyStyle value="0" />
          <PaddingStyle top="0" left="12" bottom="0" right="0" />
          <ShadowStyle>
            <Text enable="false" />
          </ShadowStyle>
        </style>
        <rich-text-range-list>
          <text-range text-range-start="0" text-range-end="5">
            <style name="LnFTextRange">
              <FontStyle size="10.0" height="18">
                <family>Roboto</family>
                <style name="Regular" weight="400" italic="normal" />
                <evc-file>Roboto-Regular</evc-file>
              </FontStyle>
              <TextStyle color="51r51g51b" hAlign="left" vAlign="center" decoration="none" line-height="14" />
            </style>
          </text-range>
        </rich-text-range-list>
      </textCell>
      <textCell id="ca1f4ea5-6032-4b1d-a768-8e782e162d81" column="5" row="3" colspan="1" rowspan="1">
        <userID>Text_cell_44</userID>
        <text>Active</text>
        <style name="LnFTextCell">
          <DimensionStyle width="102" height="33" />
          <PositioningStyle left="484" top="96" />
          <BackgroundStyle type="transparent" />
          <BorderStyle radius="0" leftColor="221r221g221b" topColor="221r221g221b" rightColor="221r221g221b" bottomColor="221r221g221b" leftStyle="none" topStyle="none" rightStyle="solid" bottomStyle="solid" leftWidth="1" topWidth="1" rightWidth="1" bottomWidth="1" />
          <TextStyle color="51r51g51b" hAlign="left" vAlign="center" decoration="none" line-height="14" />
          <FontStyle size="10.0" height="18">
            <family>Roboto</family>
            <style name="Regular" weight="400" italic="normal" />
            <evc-file>Roboto-Regular</evc-file>
          </FontStyle>
          <TransparencyStyle value="0" />
          <PaddingStyle top="0" left="12" bottom="0" right="0" />
          <ShadowStyle>
            <Text enable="false" />
          </ShadowStyle>
        </style>
        <rich-text-range-list>
          <text-range text-range-start="0" text-range-end="6">
            <style name="LnFTextRange">
              <FontStyle size="10.0" height="0">
                <family>Roboto</family>
                <style name="Regular" weight="400" italic="normal" />
                <evc-file>Roboto-Regular</evc-file>
              </FontStyle>
              <TextStyle color="51r51g51b" hAlign="left" vAlign="center" decoration="none" line-height="14" />
            </style>
          </text-range>
        </rich-text-range-list>
      </textCell>
      <textCell id="e8f354b5-df69-45bd-a077-d64c7905d0c4" column="0" row="4" colspan="1" rowspan="1">
        <userID>Text_cell_51</userID>
        <text></text>
        <style name="LnFTextCell">
          <DimensionStyle width="57" height="33" />
          <PositioningStyle left="0" top="129" />
          <BackgroundStyle type="transparent" />
          <BorderStyle radius="0" leftColor="221r221g221b" topColor="221r221g221b" rightColor="221r221g221b" bottomColor="221r221g221b" leftStyle="none" topStyle="none" rightStyle="solid" bottomStyle="solid" leftWidth="1" topWidth="1" rightWidth="1" bottomWidth="1" />
          <TextStyle color="51r51g51b" hAlign="left" vAlign="center" decoration="none" line-height="14" />
          <FontStyle size="10.0" height="18">
            <family>Roboto</family>
            <style name="Regular" weight="400" italic="normal" />
            <evc-file>Roboto-Regular</evc-file>
          </FontStyle>
          <TransparencyStyle value="0" />
          <PaddingStyle top="0" left="12" bottom="0" right="0" />
          <ShadowStyle>
            <Text enable="false" />
          </ShadowStyle>
        </style>
        <rich-text-range-list>
          <text-range text-range-start="0" text-range-end="0">
            <style name="LnFTextRange">
              <FontStyle size="10.0" height="18">
                <family>Roboto</family>
                <style name="Regular" weight="400" italic="normal" />
                <evc-file>Roboto-Regular</evc-file>
              </FontStyle>
              <TextStyle color="51r51g51b" hAlign="left" vAlign="center" decoration="none" line-height="14" />
            </style>
          </text-range>
        </rich-text-range-list>
      </textCell>
      <textCell id="e51717dd-b8bb-4a44-a0b1-b245821c028f" column="1" row="4" colspan="1" rowspan="1">
        <userID>Text_cell_21</userID>
        <text>4</text>
        <style name="LnFTextCell">
          <DimensionStyle width="60" height="33" />
          <PositioningStyle left="57" top="129" />
          <BackgroundStyle type="transparent" />
          <BorderStyle radius="0" leftColor="221r221g221b" topColor="221r221g221b" rightColor="221r221g221b" bottomColor="221r221g221b" leftStyle="none" topStyle="none" rightStyle="solid" bottomStyle="solid" leftWidth="1" topWidth="1" rightWidth="1" bottomWidth="1" />
          <TextStyle color="51r51g51b" hAlign="left" vAlign="center" decoration="none" line-height="14" />
          <FontStyle size="10.0" height="18">
            <family>Roboto</family>
            <style name="Regular" weight="400" italic="normal" />
            <evc-file>Roboto-Regular</evc-file>
          </FontStyle>
          <TransparencyStyle value="0" />
          <PaddingStyle top="0" left="12" bottom="0" right="0" />
          <ShadowStyle>
            <Text enable="false" />
          </ShadowStyle>
        </style>
        <rich-text-range-list>
          <text-range text-range-start="0" text-range-end="1">
            <style name="LnFTextRange">
              <FontStyle size="10.0" height="18">
                <family>Roboto</family>
                <style name="Regular" weight="400" italic="normal" />
                <evc-file>Roboto-Regular</evc-file>
              </FontStyle>
              <TextStyle color="51r51g51b" hAlign="left" vAlign="center" decoration="none" line-height="14" />
            </style>
          </text-range>
        </rich-text-range-list>
      </textCell>
      <textCell id="0629f93f-d7d1-465a-ac3f-722225eb2c49" column="2" row="4" colspan="1" rowspan="1">
        <userID>Text_cell_27</userID>
        <text>Vendor</text>
        <style name="LnFTextCell">
          <DimensionStyle width="102" height="33" />
          <PositioningStyle left="117" top="129" />
          <BackgroundStyle type="transparent" />
          <BorderStyle radius="0" leftColor="221r221g221b" topColor="221r221g221b" rightColor="221r221g221b" bottomColor="221r221g221b" leftStyle="none" topStyle="none" rightStyle="solid" bottomStyle="solid" leftWidth="1" topWidth="1" rightWidth="1" bottomWidth="1" />
          <TextStyle color="51r51g51b" hAlign="left" vAlign="center" decoration="none" line-height="14" />
          <FontStyle size="10.0" height="18">
            <family>Roboto</family>
            <style name="Regular" weight="400" italic="normal" />
            <evc-file>Roboto-Regular</evc-file>
          </FontStyle>
          <TransparencyStyle value="0" />
          <PaddingStyle top="0" left="12" bottom="0" right="0" />
          <ShadowStyle>
            <Text enable="false" />
          </ShadowStyle>
        </style>
        <rich-text-range-list>
          <text-range text-range-start="0" text-range-end="6">
            <style name="LnFTextRange">
              <FontStyle size="10.0" height="0">
                <family>Roboto</family>
                <style name="Regular" weight="400" italic="normal" />
                <evc-file>Roboto-Regular</evc-file>
              </FontStyle>
              <TextStyle color="51r51g51b" hAlign="left" vAlign="center" decoration="none" line-height="14" />
            </style>
          </text-range>
        </rich-text-range-list>
      </textCell>
      <textCell id="905bef75-1d0f-4294-9689-59d82dfdd606" column="3" row="4" colspan="1" rowspan="1">
        <userID>Text_cell_33</userID>
        <text>Bell</text>
        <style name="LnFTextCell">
          <DimensionStyle width="163" height="33" />
          <PositioningStyle left="219" top="129" />
          <BackgroundStyle type="transparent" />
          <BorderStyle radius="0" leftColor="221r221g221b" topColor="221r221g221b" rightColor="221r221g221b" bottomColor="221r221g221b" leftStyle="none" topStyle="none" rightStyle="solid" bottomStyle="solid" leftWidth="1" topWidth="1" rightWidth="1" bottomWidth="1" />
          <TextStyle color="51r51g51b" hAlign="left" vAlign="center" decoration="none" line-height="14" />
          <FontStyle size="10.0" height="18">
            <family>Roboto</family>
            <style name="Regular" weight="400" italic="normal" />
            <evc-file>Roboto-Regular</evc-file>
          </FontStyle>
          <TransparencyStyle value="0" />
          <PaddingStyle top="0" left="12" bottom="0" right="0" />
          <ShadowStyle>
            <Text enable="false" />
          </ShadowStyle>
        </style>
        <rich-text-range-list>
          <text-range text-range-start="0" text-range-end="4">
            <style name="LnFTextRange">
              <FontStyle size="10.0" height="18">
                <family>Roboto</family>
                <style name="Regular" weight="400" italic="normal" />
                <evc-file>Roboto-Regular</evc-file>
              </FontStyle>
              <TextStyle color="51r51g51b" hAlign="left" vAlign="center" decoration="none" line-height="14" />
            </style>
          </text-range>
        </rich-text-range-list>
      </textCell>
      <textCell id="9d73f9a3-78fc-4767-aa78-476c842634c3" column="4" row="4" colspan="1" rowspan="1">
        <userID>Text_cell_39</userID>
        <text>Vendor1233</text>
        <style name="LnFTextCell">
          <DimensionStyle width="102" height="33" />
          <PositioningStyle left="382" top="129" />
          <BackgroundStyle type="transparent" />
          <BorderStyle radius="0" leftColor="221r221g221b" topColor="221r221g221b" rightColor="221r221g221b" bottomColor="221r221g221b" leftStyle="none" topStyle="none" rightStyle="solid" bottomStyle="solid" leftWidth="1" topWidth="1" rightWidth="1" bottomWidth="1" />
          <TextStyle color="51r51g51b" hAlign="left" vAlign="center" decoration="none" line-height="14" />
          <FontStyle size="10.0" height="18">
            <family>Roboto</family>
            <style name="Regular" weight="400" italic="normal" />
            <evc-file>Roboto-Regular</evc-file>
          </FontStyle>
          <TransparencyStyle value="0" />
          <PaddingStyle top="0" left="12" bottom="0" right="0" />
          <ShadowStyle>
            <Text enable="false" />
          </ShadowStyle>
        </style>
        <rich-text-range-list>
          <text-range text-range-start="0" text-range-end="10">
            <style name="LnFTextRange">
              <FontStyle size="10.0" height="18">
                <family>Roboto</family>
                <style name="Regular" weight="400" italic="normal" />
                <evc-file>Roboto-Regular</evc-file>
              </FontStyle>
              <TextStyle color="51r51g51b" hAlign="left" vAlign="center" decoration="none" line-height="14" />
            </style>
          </text-range>
        </rich-text-range-list>
      </textCell>
      <textCell id="891738fb-2d68-44d0-983a-0abf9f0dfd22" column="5" row="4" colspan="1" rowspan="1">
        <userID>Text_cell_45</userID>
        <text>InActive</text>
        <style name="LnFTextCell">
          <DimensionStyle width="102" height="33" />
          <PositioningStyle left="484" top="129" />
          <BackgroundStyle type="transparent" />
          <BorderStyle radius="0" leftColor="221r221g221b" topColor="221r221g221b" rightColor="221r221g221b" bottomColor="221r221g221b" leftStyle="none" topStyle="none" rightStyle="solid" bottomStyle="solid" leftWidth="1" topWidth="1" rightWidth="1" bottomWidth="1" />
          <TextStyle color="51r51g51b" hAlign="left" vAlign="center" decoration="none" line-height="14" />
          <FontStyle size="10.0" height="18">
            <family>Roboto</family>
            <style name="Regular" weight="400" italic="normal" />
            <evc-file>Roboto-Regular</evc-file>
          </FontStyle>
          <TransparencyStyle value="0" />
          <PaddingStyle top="0" left="12" bottom="0" right="0" />
          <ShadowStyle>
            <Text enable="false" />
          </ShadowStyle>
        </style>
        <rich-text-range-list>
          <text-range text-range-start="0" text-range-end="8">
            <style name="LnFTextRange">
              <FontStyle size="10.0" height="0">
                <family>Roboto</family>
                <style name="Regular" weight="400" italic="normal" />
                <evc-file>Roboto-Regular</evc-file>
              </FontStyle>
              <TextStyle color="51r51g51b" hAlign="left" vAlign="center" decoration="none" line-height="14" />
            </style>
          </text-range>
        </rich-text-range-list>
      </textCell>
      <textCell id="fceb56ea-378b-40f9-a50a-763769fc0085" column="0" row="5" colspan="1" rowspan="1">
        <userID>Text_cell_52</userID>
        <text></text>
        <style name="LnFTextCell">
          <DimensionStyle width="57" height="33" />
          <PositioningStyle left="0" top="162" />
          <BackgroundStyle type="transparent" />
          <BorderStyle radius="0" leftColor="221r221g221b" topColor="221r221g221b" rightColor="221r221g221b" bottomColor="221r221g221b" leftStyle="none" topStyle="none" rightStyle="solid" bottomStyle="solid" leftWidth="1" topWidth="1" rightWidth="1" bottomWidth="1" />
          <TextStyle color="51r51g51b" hAlign="left" vAlign="center" decoration="none" line-height="14" />
          <FontStyle size="10.0" height="18">
            <family>Roboto</family>
            <style name="Regular" weight="400" italic="normal" />
            <evc-file>Roboto-Regular</evc-file>
          </FontStyle>
          <TransparencyStyle value="0" />
          <PaddingStyle top="0" left="12" bottom="0" right="0" />
          <ShadowStyle>
            <Text enable="false" />
          </ShadowStyle>
        </style>
        <rich-text-range-list>
          <text-range text-range-start="0" text-range-end="0">
            <style name="LnFTextRange">
              <FontStyle size="10.0" height="18">
                <family>Roboto</family>
                <style name="Regular" weight="400" italic="normal" />
                <evc-file>Roboto-Regular</evc-file>
              </FontStyle>
              <TextStyle color="51r51g51b" hAlign="left" vAlign="center" decoration="none" line-height="14" />
            </style>
          </text-range>
        </rich-text-range-list>
      </textCell>
      <textCell id="b391a2eb-2599-4483-974d-105f5053c88c" column="1" row="5" colspan="1" rowspan="1">
        <userID>Text_cell_22</userID>
        <text>5</text>
        <style name="LnFTextCell">
          <DimensionStyle width="60" height="33" />
          <PositioningStyle left="57" top="162" />
          <BackgroundStyle type="transparent" />
          <BorderStyle radius="0" leftColor="221r221g221b" topColor="221r221g221b" rightColor="221r221g221b" bottomColor="221r221g221b" leftStyle="none" topStyle="none" rightStyle="solid" bottomStyle="solid" leftWidth="1" topWidth="1" rightWidth="1" bottomWidth="1" />
          <TextStyle color="51r51g51b" hAlign="left" vAlign="center" decoration="none" line-height="14" />
          <FontStyle size="10.0" height="18">
            <family>Roboto</family>
            <style name="Regular" weight="400" italic="normal" />
            <evc-file>Roboto-Regular</evc-file>
          </FontStyle>
          <TransparencyStyle value="0" />
          <PaddingStyle top="0" left="12" bottom="0" right="0" />
          <ShadowStyle>
            <Text enable="false" />
          </ShadowStyle>
        </style>
        <rich-text-range-list>
          <text-range text-range-start="0" text-range-end="1">
            <style name="LnFTextRange">
              <FontStyle size="10.0" height="18">
                <family>Roboto</family>
                <style name="Regular" weight="400" italic="normal" />
                <evc-file>Roboto-Regular</evc-file>
              </FontStyle>
              <TextStyle color="51r51g51b" hAlign="left" vAlign="center" decoration="none" line-height="14" />
            </style>
          </text-range>
        </rich-text-range-list>
      </textCell>
      <textCell id="a8485b18-a7d0-42f9-90aa-394410938fd3" column="2" row="5" colspan="1" rowspan="1">
        <userID>Text_cell_28</userID>
        <text>Vendor</text>
        <style name="LnFTextCell">
          <DimensionStyle width="102" height="33" />
          <PositioningStyle left="117" top="162" />
          <BackgroundStyle type="transparent" />
          <BorderStyle radius="0" leftColor="221r221g221b" topColor="221r221g221b" rightColor="221r221g221b" bottomColor="221r221g221b" leftStyle="none" topStyle="none" rightStyle="solid" bottomStyle="solid" leftWidth="1" topWidth="1" rightWidth="1" bottomWidth="1" />
          <TextStyle color="51r51g51b" hAlign="left" vAlign="center" decoration="none" line-height="14" />
          <FontStyle size="10.0" height="18">
            <family>Roboto</family>
            <style name="Regular" weight="400" italic="normal" />
            <evc-file>Roboto-Regular</evc-file>
          </FontStyle>
          <TransparencyStyle value="0" />
          <PaddingStyle top="0" left="12" bottom="0" right="0" />
          <ShadowStyle>
            <Text enable="false" />
          </ShadowStyle>
        </style>
        <rich-text-range-list>
          <text-range text-range-start="0" text-range-end="6">
            <style name="LnFTextRange">
              <FontStyle size="10.0" height="0">
                <family>Roboto</family>
                <style name="Regular" weight="400" italic="normal" />
                <evc-file>Roboto-Regular</evc-file>
              </FontStyle>
              <TextStyle color="51r51g51b" hAlign="left" vAlign="center" decoration="none" line-height="14" />
            </style>
          </text-range>
        </rich-text-range-list>
      </textCell>
      <textCell id="9560eeef-c129-4b0f-b778-b94d822022f8" column="3" row="5" colspan="1" rowspan="1">
        <userID>Text_cell_34</userID>
        <text>Rogers</text>
        <style name="LnFTextCell">
          <DimensionStyle width="163" height="33" />
          <PositioningStyle left="219" top="162" />
          <BackgroundStyle type="transparent" />
          <BorderStyle radius="0" leftColor="221r221g221b" topColor="221r221g221b" rightColor="221r221g221b" bottomColor="221r221g221b" leftStyle="none" topStyle="none" rightStyle="solid" bottomStyle="solid" leftWidth="1" topWidth="1" rightWidth="1" bottomWidth="1" />
          <TextStyle color="51r51g51b" hAlign="left" vAlign="center" decoration="none" line-height="14" />
          <FontStyle size="10.0" height="18">
            <family>Roboto</family>
            <style name="Regular" weight="400" italic="normal" />
            <evc-file>Roboto-Regular</evc-file>
          </FontStyle>
          <TransparencyStyle value="0" />
          <PaddingStyle top="0" left="12" bottom="0" right="0" />
          <ShadowStyle>
            <Text enable="false" />
          </ShadowStyle>
        </style>
        <rich-text-range-list>
          <text-range text-range-start="0" text-range-end="6">
            <style name="LnFTextRange">
              <FontStyle size="10.0" height="18">
                <family>Roboto</family>
                <style name="Regular" weight="400" italic="normal" />
                <evc-file>Roboto-Regular</evc-file>
              </FontStyle>
              <TextStyle color="51r51g51b" hAlign="left" vAlign="center" decoration="none" line-height="14" />
            </style>
          </text-range>
        </rich-text-range-list>
      </textCell>
      <textCell id="d367e1a7-c47a-4c6e-8327-7d53a58eb74e" column="4" row="5" colspan="1" rowspan="1">
        <userID>Text_cell_40</userID>
        <text>Vendor1232</text>
        <style name="LnFTextCell">
          <DimensionStyle width="102" height="33" />
          <PositioningStyle left="382" top="162" />
          <BackgroundStyle type="transparent" />
          <BorderStyle radius="0" leftColor="221r221g221b" topColor="221r221g221b" rightColor="221r221g221b" bottomColor="221r221g221b" leftStyle="none" topStyle="none" rightStyle="solid" bottomStyle="solid" leftWidth="1" topWidth="1" rightWidth="1" bottomWidth="1" />
          <TextStyle color="51r51g51b" hAlign="left" vAlign="center" decoration="none" line-height="14" />
          <FontStyle size="10.0" height="18">
            <family>Roboto</family>
            <style name="Regular" weight="400" italic="normal" />
            <evc-file>Roboto-Regular</evc-file>
          </FontStyle>
          <TransparencyStyle value="0" />
          <PaddingStyle top="0" left="12" bottom="0" right="0" />
          <ShadowStyle>
            <Text enable="false" />
          </ShadowStyle>
        </style>
        <rich-text-range-list>
          <text-range text-range-start="0" text-range-end="10">
            <style name="LnFTextRange">
              <FontStyle size="10.0" height="18">
                <family>Roboto</family>
                <style name="Regular" weight="400" italic="normal" />
                <evc-file>Roboto-Regular</evc-file>
              </FontStyle>
              <TextStyle color="51r51g51b" hAlign="left" vAlign="center" decoration="none" line-height="14" />
            </style>
          </text-range>
        </rich-text-range-list>
      </textCell>
      <textCell id="57fb4121-b9b2-44ea-a785-0e80b7bf1e85" column="5" row="5" colspan="1" rowspan="1">
        <userID>Text_cell_46</userID>
        <text>Waiting</text>
        <style name="LnFTextCell">
          <DimensionStyle width="102" height="33" />
          <PositioningStyle left="484" top="162" />
          <BackgroundStyle type="transparent" />
          <BorderStyle radius="0" leftColor="221r221g221b" topColor="221r221g221b" rightColor="221r221g221b" bottomColor="221r221g221b" leftStyle="none" topStyle="none" rightStyle="solid" bottomStyle="solid" leftWidth="1" topWidth="1" rightWidth="1" bottomWidth="1" />
          <TextStyle color="51r51g51b" hAlign="left" vAlign="center" decoration="none" line-height="14" />
          <FontStyle size="10.0" height="18">
            <family>Roboto</family>
            <style name="Regular" weight="400" italic="normal" />
            <evc-file>Roboto-Regular</evc-file>
          </FontStyle>
          <TransparencyStyle value="0" />
          <PaddingStyle top="0" left="12" bottom="0" right="0" />
          <ShadowStyle>
            <Text enable="false" />
          </ShadowStyle>
        </style>
        <rich-text-range-list>
          <text-range text-range-start="0" text-range-end="7">
            <style name="LnFTextRange">
              <FontStyle size="10.0" height="18">
                <family>Roboto</family>
                <style name="Regular" weight="400" italic="normal" />
                <evc-file>Roboto-Regular</evc-file>
              </FontStyle>
              <TextStyle color="51r51g51b" hAlign="left" vAlign="center" decoration="none" line-height="14" />
            </style>
          </text-range>
        </rich-text-range-list>
      </textCell>
      <style name="LnFTextTable">
        <DimensionStyle width="587" height="196" />
        <PositioningStyle left="189" top="212" />
        <BackgroundStyle type="color" value="255r255g255b" />
        <BorderStyle radius="0" leftColor="221r221g221b" topColor="221r221g221b" rightColor="221r221g221b" bottomColor="221r221g221b" leftStyle="solid" topStyle="solid" rightStyle="none" bottomStyle="none" leftWidth="1" topWidth="1" rightWidth="1" bottomWidth="1" />
        <TableStyle hSpacing="0" vSpacing="0" />
        <TransparencyStyle value="0" />
        <ShadowStyle>
          <Box enable="false" />
        </ShadowStyle>
      </style>
      <userID>Table_2</userID>
    </textTable>
    <attribute-form id="32717510-3935-4a51-a234-e2bc94f3a88f" writable="true" hidden="false" lockType="bothsizes" onTop="false" visible="true">
      <attStyle>CheckBox</attStyle>
      <type>boolean</type>
      <style name="LnFAttributeForm">
        <DimensionStyle width="13" height="13" />
        <PositioningStyle left="219" top="223" />
        <BackgroundStyle type="color" value="255r255g255b" />
        <BorderStyle radius="0" leftColor="200r200g200b" topColor="200r200g200b" rightColor="200r200g200b" bottomColor="200r200g200b" leftStyle="solid" topStyle="solid" rightStyle="solid" bottomStyle="solid" leftWidth="1" topWidth="1" rightWidth="1" bottomWidth="1" />
        <TextStyle color="0r0g0b" hAlign="left" vAlign="center" decoration="none" line-height="17" />
        <FontStyle size="10.0" height="18">
          <family>Roboto</family>
          <style name="Regular" weight="400" italic="normal" />
          <evc-file>Roboto-Regular</evc-file>
        </FontStyle>
        <TransparencyStyle value="0" />
        <PaddingStyle top="0" left="0" bottom="0" right="0" />
        <ShadowStyle>
          <Box enable="false" />
        </ShadowStyle>
      </style>
      <defaultValue>false</defaultValue>
      <userID>Input_5</userID>
    </attribute-form>
    <attribute-form id="22dd2247-4044-45fe-91ea-6b16282e02e3" writable="true" hidden="false" lockType="bothsizes" onTop="false" visible="true">
      <attStyle>CheckBox</attStyle>
      <type>boolean</type>
      <style name="LnFAttributeForm">
        <DimensionStyle width="13" height="13" />
        <PositioningStyle left="219" top="257" />
        <BackgroundStyle type="color" value="255r255g255b" />
        <BorderStyle radius="0" leftColor="200r200g200b" topColor="200r200g200b" rightColor="200r200g200b" bottomColor="200r200g200b" leftStyle="solid" topStyle="solid" rightStyle="solid" bottomStyle="solid" leftWidth="1" topWidth="1" rightWidth="1" bottomWidth="1" />
        <TextStyle color="0r0g0b" hAlign="left" vAlign="center" decoration="none" line-height="17" />
        <FontStyle size="10.0" height="18">
          <family>Roboto</family>
          <style name="Regular" weight="400" italic="normal" />
          <evc-file>Roboto-Regular</evc-file>
        </FontStyle>
        <TransparencyStyle value="0" />
        <PaddingStyle top="0" left="0" bottom="0" right="0" />
        <ShadowStyle>
          <Box enable="false" />
        </ShadowStyle>
      </style>
      <defaultValue>false</defaultValue>
      <userID>Input_6</userID>
    </attribute-form>
    <attribute-form id="16ce007c-ba17-4f30-b100-51324a17335d" writable="true" hidden="false" lockType="bothsizes" onTop="false" visible="true">
      <attStyle>CheckBox</attStyle>
      <type>boolean</type>
      <style name="LnFAttributeForm">
        <DimensionStyle width="13" height="13" />
        <PositioningStyle left="219" top="286" />
        <BackgroundStyle type="color" value="255r255g255b" />
        <BorderStyle radius="0" leftColor="200r200g200b" topColor="200r200g200b" rightColor="200r200g200b" bottomColor="200r200g200b" leftStyle="solid" topStyle="solid" rightStyle="solid" bottomStyle="solid" leftWidth="1" topWidth="1" rightWidth="1" bottomWidth="1" />
        <TextStyle color="0r0g0b" hAlign="left" vAlign="center" decoration="none" line-height="17" />
        <FontStyle size="10.0" height="18">
          <family>Roboto</family>
          <style name="Regular" weight="400" italic="normal" />
          <evc-file>Roboto-Regular</evc-file>
        </FontStyle>
        <TransparencyStyle value="0" />
        <PaddingStyle top="0" left="0" bottom="0" right="0" />
        <ShadowStyle>
          <Box enable="false" />
        </ShadowStyle>
      </style>
      <defaultValue>false</defaultValue>
      <userID>Input_7</userID>
    </attribute-form>
    <attribute-form id="ab551fdf-b2b1-4c1c-b78e-1f143c3549aa" writable="true" hidden="false" lockType="bothsizes" onTop="false" visible="true">
      <attStyle>CheckBox</attStyle>
      <type>boolean</type>
      <style name="LnFAttributeForm">
        <DimensionStyle width="13" height="13" />
        <PositioningStyle left="219" top="320" />
        <BackgroundStyle type="color" value="255r255g255b" />
        <BorderStyle radius="0" leftColor="200r200g200b" topColor="200r200g200b" rightColor="200r200g200b" bottomColor="200r200g200b" leftStyle="solid" topStyle="solid" rightStyle="solid" bottomStyle="solid" leftWidth="1" topWidth="1" rightWidth="1" bottomWidth="1" />
        <TextStyle color="0r0g0b" hAlign="left" vAlign="center" decoration="none" line-height="17" />
        <FontStyle size="10.0" height="18">
          <family>Roboto</family>
          <style name="Regular" weight="400" italic="normal" />
          <evc-file>Roboto-Regular</evc-file>
        </FontStyle>
        <TransparencyStyle value="0" />
        <PaddingStyle top="0" left="0" bottom="0" right="0" />
        <ShadowStyle>
          <Box enable="false" />
        </ShadowStyle>
      </style>
      <defaultValue>false</defaultValue>
      <userID>Input_8</userID>
    </attribute-form>
    <attribute-form id="b928d035-ed57-46b5-aca1-a4533549a4ee" writable="true" hidden="false" lockType="bothsizes" onTop="false" visible="true">
      <attStyle>CheckBox</attStyle>
      <type>boolean</type>
      <style name="LnFAttributeForm">
        <DimensionStyle width="13" height="13" />
        <PositioningStyle left="220" top="353" />
        <BackgroundStyle type="color" value="255r255g255b" />
        <BorderStyle radius="0" leftColor="200r200g200b" topColor="200r200g200b" rightColor="200r200g200b" bottomColor="200r200g200b" leftStyle="solid" topStyle="solid" rightStyle="solid" bottomStyle="solid" leftWidth="1" topWidth="1" rightWidth="1" bottomWidth="1" />
        <TextStyle color="0r0g0b" hAlign="left" vAlign="center" decoration="none" line-height="17" />
        <FontStyle size="10.0" height="18">
          <family>Roboto</family>
          <style name="Regular" weight="400" italic="normal" />
          <evc-file>Roboto-Regular</evc-file>
        </FontStyle>
        <TransparencyStyle value="0" />
        <PaddingStyle top="0" left="0" bottom="0" right="0" />
        <ShadowStyle>
          <Box enable="false" />
        </ShadowStyle>
      </style>
      <defaultValue>false</defaultValue>
      <userID>Input_9</userID>
    </attribute-form>
    <attribute-form id="69e1c180-4a6f-422b-8cc1-43dc41110dee" writable="true" hidden="false" lockType="bothsizes" onTop="false" visible="true">
      <attStyle>CheckBox</attStyle>
      <type>boolean</type>
      <style name="LnFAttributeForm">
        <DimensionStyle width="13" height="13" />
        <PositioningStyle left="220" top="384" />
        <BackgroundStyle type="color" value="255r255g255b" />
        <BorderStyle radius="0" leftColor="200r200g200b" topColor="200r200g200b" rightColor="200r200g200b" bottomColor="200r200g200b" leftStyle="solid" topStyle="solid" rightStyle="solid" bottomStyle="solid" leftWidth="1" topWidth="1" rightWidth="1" bottomWidth="1" />
        <TextStyle color="0r0g0b" hAlign="left" vAlign="center" decoration="none" line-height="17" />
        <FontStyle size="10.0" height="18">
          <family>Roboto</family>
          <style name="Regular" weight="400" italic="normal" />
          <evc-file>Roboto-Regular</evc-file>
        </FontStyle>
        <TransparencyStyle value="0" />
        <PaddingStyle top="0" left="0" bottom="0" right="0" />
        <ShadowStyle>
          <Box enable="false" />
        </ShadowStyle>
      </style>
      <defaultValue>false</defaultValue>
      <userID>Input_10</userID>
    </attribute-form>
    <label id="dc78b801-0d33-4758-af9a-71a459885672" singleLine="true" hidden="false" lockType="bothsizes" onTop="false" visible="true">
      <text>Add User</text>
      <style name="LnFTextBox">
        <DimensionStyle width="110" height="35" autofit="true" />
        <PositioningStyle left="189" top="149" />
        <BackgroundStyle type="transparent" />
        <BorderStyle radius="0" leftColor="0r0g0b" topColor="0r0g0b" rightColor="0r0g0b" bottomColor="0r0g0b" leftStyle="none" topStyle="none" rightStyle="none" bottomStyle="none" leftWidth="1" topWidth="1" rightWidth="1" bottomWidth="1" />
        <TextStyle color="51r51g51b" hAlign="left" vAlign="center" decoration="none" line-height="0" />
        <FontStyle size="20.0" height="35">
          <family>Roboto</family>
          <style name="Bold" weight="700" italic="normal" />
          <evc-file>Roboto-Bold</evc-file>
        </FontStyle>
        <TransparencyStyle value="0" />
        <PaddingStyle top="0" left="0" bottom="0" right="0" />
        <RotationStyle angle="0" />
        <ShadowStyle>
          <Box enable="false" />
          <Text enable="false" />
        </ShadowStyle>
      </style>
      <rich-text-range-list>
        <text-range text-range-start="0" text-range-end="8">
          <style name="LnFTextRange">
            <FontStyle size="20.0" height="35">
              <family>Roboto</family>
              <style name="Bold" weight="700" italic="normal" />
              <evc-file>Roboto-Bold</evc-file>
            </FontStyle>
            <TextStyle color="51r51g51b" hAlign="left" vAlign="center" decoration="none" line-height="0" />
          </style>
        </text-range>
      </rich-text-range-list>
      <userID>Text_8</userID>
    </label>
    <button id="7e2d80fb-ab4e-4536-9dc1-cbd956880d19" singleLine="true" hidden="false" lockType="none" onTop="false" visible="true">
      <text>Add</text>
      <style name="LnFButton">
        <DimensionStyle width="66" height="37" />
        <PositioningStyle left="391" top="438" />
        <BackgroundStyle type="gradient">
          <gradient firstColor="255r255g255b" secondColor="230r230g230b" orientation="vertical" double="false" />
        </BackgroundStyle>
        <BorderStyle radius="30" leftColor="205r205g205b" topColor="205r205g205b" rightColor="205r205g205b" bottomColor="205r205g205b" leftStyle="solid" topStyle="solid" rightStyle="solid" bottomStyle="solid" leftWidth="1" topWidth="1" rightWidth="1" bottomWidth="1" />
        <TextStyle color="3r3g3b" hAlign="center" vAlign="center" decoration="none" line-height="0" />
        <FontStyle size="10.0" height="18">
          <family>Roboto</family>
          <style name="Regular" weight="400" italic="normal" />
          <evc-file>Roboto-Regular</evc-file>
        </FontStyle>
        <TransparencyStyle value="0" />
        <PaddingStyle top="0" left="0" bottom="0" right="0" />
        <RotationStyle angle="0" />
        <ShadowStyle>
          <Box enable="false" />
          <Text enable="false" />
        </ShadowStyle>
      </style>
      <rich-text-range-list>
        <text-range text-range-start="0" text-range-end="3">
          <style name="LnFTextRange">
            <FontStyle size="10.0" height="18">
              <family>Roboto</family>
              <style name="Regular" weight="400" italic="normal" />
              <evc-file>Roboto-Regular</evc-file>
            </FontStyle>
            <TextStyle color="3r3g3b" hAlign="center" vAlign="center" decoration="none" line-height="0" />
          </style>
        </text-range>
      </rich-text-range-list>
      <userID>Button_1</userID>
    </button>
    <button id="77e82c06-52e7-4e43-9c3f-812ad84d0640" singleLine="true" hidden="false" lockType="none" onTop="false" visible="true">
      <text>Cancel</text>
      <style name="LnFButton">
        <DimensionStyle width="66" height="37" />
        <PositioningStyle left="490" top="438" />
        <BackgroundStyle type="gradient">
          <gradient firstColor="255r255g255b" secondColor="230r230g230b" orientation="vertical" double="false" />
        </BackgroundStyle>
        <BorderStyle radius="30" leftColor="205r205g205b" topColor="205r205g205b" rightColor="205r205g205b" bottomColor="205r205g205b" leftStyle="solid" topStyle="solid" rightStyle="solid" bottomStyle="solid" leftWidth="1" topWidth="1" rightWidth="1" bottomWidth="1" />
        <TextStyle color="3r3g3b" hAlign="center" vAlign="center" decoration="none" line-height="0" />
        <FontStyle size="10.0" height="18">
          <family>Roboto</family>
          <style name="Regular" weight="400" italic="normal" />
          <evc-file>Roboto-Regular</evc-file>
        </FontStyle>
        <TransparencyStyle value="0" />
        <PaddingStyle top="0" left="0" bottom="0" right="0" />
        <RotationStyle angle="0" />
        <ShadowStyle>
          <Box enable="false" />
          <Text enable="false" />
        </ShadowStyle>
      </style>
      <rich-text-range-list>
        <text-range text-range-start="0" text-range-end="6">
          <style name="LnFTextRange">
            <FontStyle size="10.0" height="18">
              <family>Roboto</family>
              <style name="Regular" weight="400" italic="normal" />
              <evc-file>Roboto-Regular</evc-file>
            </FontStyle>
            <TextStyle color="3r3g3b" hAlign="center" vAlign="center" decoration="none" line-height="0" />
          </style>
        </text-range>
      </rich-text-range-list>
      <userID>Button_2</userID>
    </button>
    <button id="8005e742-43ff-4f98-ab65-bc1ebeff0094" singleLine="true" hidden="false" lockType="none" onTop="false" visible="true">
      <text>Search</text>
      <style name="LnFButton">
        <DimensionStyle width="54" height="22" />
        <PositioningStyle left="703" top="183" />
        <BackgroundStyle type="gradient">
          <gradient firstColor="255r255g255b" secondColor="230r230g230b" orientation="vertical" double="false" />
        </BackgroundStyle>
        <BorderStyle radius="30" leftColor="205r205g205b" topColor="205r205g205b" rightColor="205r205g205b" bottomColor="205r205g205b" leftStyle="solid" topStyle="solid" rightStyle="solid" bottomStyle="solid" leftWidth="1" topWidth="1" rightWidth="1" bottomWidth="1" />
        <TextStyle color="3r3g3b" hAlign="center" vAlign="center" decoration="none" line-height="0" />
        <FontStyle size="10.0" height="18">
          <family>Roboto</family>
          <style name="Regular" weight="400" italic="normal" />
          <evc-file>Roboto-Regular</evc-file>
        </FontStyle>
        <TransparencyStyle value="0" />
        <PaddingStyle top="0" left="0" bottom="0" right="0" />
        <RotationStyle angle="0" />
        <ShadowStyle>
          <Box enable="false" />
          <Text enable="false" />
        </ShadowStyle>
      </style>
      <rich-text-range-list>
        <text-range text-range-start="0" text-range-end="6">
          <style name="LnFTextRange">
            <FontStyle size="10.0" height="0">
              <family>Roboto</family>
              <style name="Regular" weight="400" italic="normal" />
              <evc-file>Roboto-Regular</evc-file>
            </FontStyle>
            <TextStyle color="3r3g3b" hAlign="center" vAlign="center" decoration="none" line-height="0" />
          </style>
        </text-range>
      </rich-text-range-list>
      <userID>Button_3</userID>
    </button>
    <attribute-form id="040509da-072b-4bca-8fc1-98219df5c6e9" writable="true" hidden="false" lockType="none" onTop="false" visible="true">
      <attStyle>InputText</attStyle>
      <type>text</type>
      <style name="LnFAttributeForm">
        <DimensionStyle width="93" height="22" />
        <PositioningStyle left="602" top="186" />
        <BackgroundStyle type="color" value="255r255g255b" />
        <BorderStyle radius="0" leftColor="200r200g200b" topColor="200r200g200b" rightColor="200r200g200b" bottomColor="200r200g200b" leftStyle="solid" topStyle="solid" rightStyle="solid" bottomStyle="solid" leftWidth="1" topWidth="1" rightWidth="1" bottomWidth="1" />
        <TextStyle color="0r0g0b" hAlign="left" vAlign="center" decoration="none" line-height="17" />
        <FontStyle size="10.0" height="18">
          <family>Roboto</family>
          <style name="Regular" weight="400" italic="normal" />
          <evc-file>Roboto-Regular</evc-file>
        </FontStyle>
        <TransparencyStyle value="0" />
        <PaddingStyle top="0" left="0" bottom="0" right="0" />
        <ShadowStyle>
          <Box enable="false" />
          <Text enable="false" />
        </ShadowStyle>
      </style>
      <defaultValue></defaultValue>
      <userID>Input_11</userID>
    </attribute-form>
    <label id="1d6780cd-c6c7-4e81-9386-e991b16e2c36" singleLine="true" hidden="false" lockType="bothsizes" onTop="false" visible="true">
      <text>Name:</text>
      <style name="LnFTextBox">
        <DimensionStyle width="38" height="18" autofit="true" />
        <PositioningStyle left="555" top="188" />
        <BackgroundStyle type="transparent" />
        <BorderStyle radius="0" leftColor="0r0g0b" topColor="0r0g0b" rightColor="0r0g0b" bottomColor="0r0g0b" leftStyle="none" topStyle="none" rightStyle="none" bottomStyle="none" leftWidth="1" topWidth="1" rightWidth="1" bottomWidth="1" />
        <TextStyle color="51r51g51b" hAlign="left" vAlign="center" decoration="none" line-height="0" />
        <FontStyle size="10.0" height="18">
          <family>Roboto</family>
          <style name="Bold" weight="700" italic="normal" />
          <evc-file>Roboto-Bold</evc-file>
        </FontStyle>
        <TransparencyStyle value="0" />
        <PaddingStyle top="0" left="0" bottom="0" right="0" />
        <RotationStyle angle="0" />
        <ShadowStyle>
          <Box enable="false" />
          <Text enable="false" />
        </ShadowStyle>
      </style>
      <rich-text-range-list>
        <text-range text-range-start="0" text-range-end="5">
          <style name="LnFTextRange">
            <FontStyle size="10.0" height="0">
              <family>Roboto</family>
              <style name="Bold" weight="700" italic="normal" />
              <evc-file>Roboto-Bold</evc-file>
            </FontStyle>
            <TextStyle color="51r51g51b" hAlign="left" vAlign="center" decoration="none" line-height="0" />
          </style>
        </text-range>
      </rich-text-range-list>
      <userID>Text_1</userID>
    </label>
    <style name="LnFCanvas">
      <DimensionStyle width="776" height="475" />
      <PositioningStyle left="0" top="0" />
      <BackgroundStyle type="transparent" />
      <TransparencyStyle value="0" />
    </style>
  </item-group>
  <Events>
    <event id="7e2d80fb-ab4e-4536-9dc1-cbd956880d19" trigger="onClick">
      <case execType="serial" delayAction="0">
        <description>Case 1</description>
        <block>
          <navigateLink execType="serial" delayAction="0">
            <screen id="26f24953-58f7-4ff2-84a3-0cf4fb413f25">Manage Group</screen>
            <type>window</type>
          </navigateLink>
        </block>
      </case>
    </event>
    <event id="77e82c06-52e7-4e43-9c3f-812ad84d0640" trigger="onClick">
      <case execType="serial" delayAction="0">
        <description>Case 1</description>
        <block>
          <navigateLink execType="serial" delayAction="0">
            <screen id="26f24953-58f7-4ff2-84a3-0cf4fb413f25">Manage Group</screen>
            <type>window</type>
          </navigateLink>
        </block>
      </case>
    </event>
  </Events>
</screen>

