<?xml version="1.0" encoding="UTF-8"?>
<screen>
  <parentCode />
  <folderPosition>6</folderPosition>
  <name>User Info</name>
  <code>57df3d41-3e3f-48c7-b7f4-54647c30234c</code>
  <templateID>f39803f7-df02-4169-93eb-7547fb8c961a</templateID>
  <date>13/02/2017 13:40:12</date>
  <note></note>
  <legend-item></legend-item>
  <pageAlignment>CENTER</pageAlignment>
  <orientation>PORTRAIT</orientation>
  <backgroundGrowth>BOTH</backgroundGrowth>
  <width>1024</width>
  <height>768</height>
  <item-group id="2bfb68cd-2970-4163-9237-9564c0dfb16b" visible="true">
    <label id="feb8f5b5-eb7c-4df2-8f99-516b6d79bb2c" singleLine="true" hidden="false" lockType="none" onTop="false" visible="true">
      <text>ID</text>
      <style name="LnFTextBox">
        <DimensionStyle width="139" height="29" />
        <PositioningStyle left="268" top="155" />
        <BackgroundStyle type="transparent" />
        <BorderStyle radius="0" leftColor="0r0g0b" topColor="0r0g0b" rightColor="0r0g0b" bottomColor="0r0g0b" leftStyle="none" topStyle="none" rightStyle="none" bottomStyle="none" leftWidth="1" topWidth="1" rightWidth="1" bottomWidth="1" />
        <TextStyle color="51r51g51b" hAlign="right" vAlign="center" decoration="none" line-height="0" />
        <FontStyle size="11.0" height="17">
          <family>Arial</family>
          <style name="Regular" weight="400" italic="normal" />
        </FontStyle>
        <TransparencyStyle value="0" />
        <PaddingStyle top="0" left="0" bottom="0" right="0" />
        <RotationStyle angle="0" />
        <ShadowStyle>
          <Box enable="false" />
          <Text enable="false" />
        </ShadowStyle>
      </style>
      <rich-text-range-list>
        <text-range text-range-start="0" text-range-end="2">
          <style name="LnFTextRange">
            <FontStyle size="11.0" height="17">
              <family>Arial</family>
              <style name="Regular" weight="400" italic="normal" />
            </FontStyle>
            <TextStyle color="51r51g51b" hAlign="right" vAlign="center" decoration="none" line-height="0" />
          </style>
        </text-range>
      </rich-text-range-list>
      <userID>Text_1</userID>
    </label>
    <label id="db0d62c3-7693-413a-a4d7-feb29b24fbe0" singleLine="true" hidden="false" lockType="none" onTop="false" visible="true">
      <text>Full Name</text>
      <style name="LnFTextBox">
        <DimensionStyle width="139" height="29" />
        <PositioningStyle left="263" top="233" />
        <BackgroundStyle type="transparent" />
        <BorderStyle radius="0" leftColor="0r0g0b" topColor="0r0g0b" rightColor="0r0g0b" bottomColor="0r0g0b" leftStyle="none" topStyle="none" rightStyle="none" bottomStyle="none" leftWidth="1" topWidth="1" rightWidth="1" bottomWidth="1" />
        <TextStyle color="51r51g51b" hAlign="right" vAlign="center" decoration="none" line-height="0" />
        <FontStyle size="11.0" height="17">
          <family>Arial</family>
          <style name="Regular" weight="400" italic="normal" />
        </FontStyle>
        <TransparencyStyle value="0" />
        <PaddingStyle top="0" left="0" bottom="0" right="0" />
        <RotationStyle angle="0" />
        <ShadowStyle>
          <Box enable="false" />
          <Text enable="false" />
        </ShadowStyle>
      </style>
      <rich-text-range-list>
        <text-range text-range-start="0" text-range-end="9">
          <style name="LnFTextRange">
            <FontStyle size="11.0" height="17">
              <family>Arial</family>
              <style name="Regular" weight="400" italic="normal" />
            </FontStyle>
            <TextStyle color="51r51g51b" hAlign="right" vAlign="center" decoration="none" line-height="0" />
          </style>
        </text-range>
      </rich-text-range-list>
      <userID>Text_4</userID>
    </label>
    <attribute-form id="aae32970-c9a0-49e8-bf81-fd25f08d7af1" writable="true" hidden="false" lockType="none" onTop="false" visible="true">
      <attStyle>InputText</attStyle>
      <type>text</type>
      <style name="LnFAttributeForm">
        <DimensionStyle width="214" height="29" />
        <PositioningStyle left="420" top="155" />
        <BackgroundStyle type="color" value="255r255g255b" />
        <BorderStyle radius="0" leftColor="200r200g200b" topColor="200r200g200b" rightColor="200r200g200b" bottomColor="200r200g200b" leftStyle="solid" topStyle="solid" rightStyle="solid" bottomStyle="solid" leftWidth="1" topWidth="1" rightWidth="1" bottomWidth="1" />
        <TextStyle color="0r0g0b" hAlign="left" vAlign="center" decoration="none" line-height="0" />
        <FontStyle size="11.0" height="17">
          <family>Arial</family>
          <style name="Regular" weight="400" italic="normal" />
        </FontStyle>
        <TransparencyStyle value="0" />
        <PaddingStyle top="0" left="5" bottom="0" right="0" />
        <ShadowStyle>
          <Box enable="false" />
          <Text enable="false" />
        </ShadowStyle>
      </style>
      <defaultValue>1234567</defaultValue>
      <userID>Input_11</userID>
    </attribute-form>
    <attribute-form id="eacfd0d1-3549-492d-84f1-9fc6d04bf68d" writable="true" hidden="false" lockType="none" onTop="false" visible="true">
      <attStyle>InputText</attStyle>
      <type>text</type>
      <style name="LnFAttributeForm">
        <DimensionStyle width="214" height="29" />
        <PositioningStyle left="420" top="233" />
        <BackgroundStyle type="color" value="255r255g255b" />
        <BorderStyle radius="0" leftColor="200r200g200b" topColor="200r200g200b" rightColor="200r200g200b" bottomColor="200r200g200b" leftStyle="solid" topStyle="solid" rightStyle="solid" bottomStyle="solid" leftWidth="1" topWidth="1" rightWidth="1" bottomWidth="1" />
        <TextStyle color="0r0g0b" hAlign="left" vAlign="center" decoration="none" line-height="0" />
        <FontStyle size="11.0" height="17">
          <family>Arial</family>
          <style name="Regular" weight="400" italic="normal" />
        </FontStyle>
        <TransparencyStyle value="0" />
        <PaddingStyle top="0" left="5" bottom="0" right="0" />
        <ShadowStyle>
          <Box enable="false" />
          <Text enable="false" />
        </ShadowStyle>
      </style>
      <defaultValue>Kevin Park</defaultValue>
      <userID>Input_21</userID>
    </attribute-form>
    <label id="d5ba143e-32c9-4ebc-8cb5-7e3ecc9b6ed6" singleLine="true" hidden="false" lockType="none" onTop="false" visible="true">
      <text>Email</text>
      <style name="LnFTextBox">
        <DimensionStyle width="139" height="29" />
        <PositioningStyle left="263" top="271" />
        <BackgroundStyle type="transparent" />
        <BorderStyle radius="0" leftColor="0r0g0b" topColor="0r0g0b" rightColor="0r0g0b" bottomColor="0r0g0b" leftStyle="none" topStyle="none" rightStyle="none" bottomStyle="none" leftWidth="1" topWidth="1" rightWidth="1" bottomWidth="1" />
        <TextStyle color="51r51g51b" hAlign="right" vAlign="center" decoration="none" line-height="0" />
        <FontStyle size="11.0" height="17">
          <family>Arial</family>
          <style name="Regular" weight="400" italic="normal" />
        </FontStyle>
        <TransparencyStyle value="0" />
        <PaddingStyle top="0" left="0" bottom="0" right="0" />
        <RotationStyle angle="0" />
        <ShadowStyle>
          <Box enable="false" />
          <Text enable="false" />
        </ShadowStyle>
      </style>
      <rich-text-range-list>
        <text-range text-range-start="0" text-range-end="5">
          <style name="LnFTextRange">
            <FontStyle size="11.0" height="17">
              <family>Arial</family>
              <style name="Regular" weight="400" italic="normal" />
            </FontStyle>
            <TextStyle color="51r51g51b" hAlign="right" vAlign="center" decoration="none" line-height="0" />
          </style>
        </text-range>
      </rich-text-range-list>
      <userID>Text_5</userID>
    </label>
    <label id="6f6d2d15-b933-4b33-bb94-f9b7e17fe83b" singleLine="true" hidden="false" lockType="none" onTop="false" visible="true">
      <text>Phone</text>
      <style name="LnFTextBox">
        <DimensionStyle width="139" height="29" />
        <PositioningStyle left="263" top="309" />
        <BackgroundStyle type="transparent" />
        <BorderStyle radius="0" leftColor="0r0g0b" topColor="0r0g0b" rightColor="0r0g0b" bottomColor="0r0g0b" leftStyle="none" topStyle="none" rightStyle="none" bottomStyle="none" leftWidth="1" topWidth="1" rightWidth="1" bottomWidth="1" />
        <TextStyle color="51r51g51b" hAlign="right" vAlign="center" decoration="none" line-height="0" />
        <FontStyle size="11.0" height="17">
          <family>Arial</family>
          <style name="Regular" weight="400" italic="normal" />
        </FontStyle>
        <TransparencyStyle value="0" />
        <PaddingStyle top="0" left="0" bottom="0" right="0" />
        <RotationStyle angle="0" />
        <ShadowStyle>
          <Box enable="false" />
          <Text enable="false" />
        </ShadowStyle>
      </style>
      <rich-text-range-list>
        <text-range text-range-start="0" text-range-end="5">
          <style name="LnFTextRange">
            <FontStyle size="11.0" height="17">
              <family>Arial</family>
              <style name="Regular" weight="400" italic="normal" />
            </FontStyle>
            <TextStyle color="51r51g51b" hAlign="right" vAlign="center" decoration="none" line-height="0" />
          </style>
        </text-range>
      </rich-text-range-list>
      <userID>Text_6</userID>
    </label>
    <attribute-form id="c05a6b7d-8e31-4eef-9501-3a2dfa167634" writable="true" hidden="false" lockType="none" onTop="false" visible="true">
      <attStyle>InputText</attStyle>
      <type>text</type>
      <style name="LnFAttributeForm">
        <DimensionStyle width="214" height="29" />
        <PositioningStyle left="420" top="271" />
        <BackgroundStyle type="color" value="255r255g255b" />
        <BorderStyle radius="0" leftColor="200r200g200b" topColor="200r200g200b" rightColor="200r200g200b" bottomColor="200r200g200b" leftStyle="solid" topStyle="solid" rightStyle="solid" bottomStyle="solid" leftWidth="1" topWidth="1" rightWidth="1" bottomWidth="1" />
        <TextStyle color="0r0g0b" hAlign="left" vAlign="center" decoration="none" line-height="0" />
        <FontStyle size="11.0" height="17">
          <family>Arial</family>
          <style name="Regular" weight="400" italic="normal" />
        </FontStyle>
        <TransparencyStyle value="0" />
        <PaddingStyle top="0" left="5" bottom="0" right="0" />
        <ShadowStyle>
          <Box enable="false" />
          <Text enable="false" />
        </ShadowStyle>
      </style>
      <defaultValue>Park@gmail.com</defaultValue>
      <userID>Input_22</userID>
    </attribute-form>
    <attribute-form id="f80628e5-3dfa-4936-96cc-837e2bd59d75" writable="true" hidden="false" lockType="none" onTop="false" visible="true">
      <attStyle>InputText</attStyle>
      <type>text</type>
      <style name="LnFAttributeForm">
        <DimensionStyle width="214" height="29" />
        <PositioningStyle left="420" top="309" />
        <BackgroundStyle type="color" value="255r255g255b" />
        <BorderStyle radius="0" leftColor="200r200g200b" topColor="200r200g200b" rightColor="200r200g200b" bottomColor="200r200g200b" leftStyle="solid" topStyle="solid" rightStyle="solid" bottomStyle="solid" leftWidth="1" topWidth="1" rightWidth="1" bottomWidth="1" />
        <TextStyle color="0r0g0b" hAlign="left" vAlign="center" decoration="none" line-height="0" />
        <FontStyle size="11.0" height="17">
          <family>Arial</family>
          <style name="Regular" weight="400" italic="normal" />
        </FontStyle>
        <TransparencyStyle value="0" />
        <PaddingStyle top="0" left="5" bottom="0" right="0" />
        <ShadowStyle>
          <Box enable="false" />
          <Text enable="false" />
        </ShadowStyle>
      </style>
      <defaultValue>515-258-6547</defaultValue>
      <userID>Input_23</userID>
    </attribute-form>
    <attribute-form id="953dc515-70cd-48ac-8cf4-ae3baf387384" writable="true" hidden="false" lockType="none" onTop="false" visible="true">
      <attStyle>InputText</attStyle>
      <type>text</type>
      <style name="LnFAttributeForm">
        <DimensionStyle width="214" height="29" />
        <PositioningStyle left="420" top="347" />
        <BackgroundStyle type="color" value="255r255g255b" />
        <BorderStyle radius="0" leftColor="200r200g200b" topColor="200r200g200b" rightColor="200r200g200b" bottomColor="200r200g200b" leftStyle="solid" topStyle="solid" rightStyle="solid" bottomStyle="solid" leftWidth="1" topWidth="1" rightWidth="1" bottomWidth="1" />
        <TextStyle color="0r0g0b" hAlign="left" vAlign="center" decoration="none" line-height="0" />
        <FontStyle size="11.0" height="17">
          <family>Arial</family>
          <style name="Regular" weight="400" italic="normal" />
        </FontStyle>
        <TransparencyStyle value="0" />
        <PaddingStyle top="0" left="5" bottom="0" right="0" />
        <ShadowStyle>
          <Box enable="false" />
          <Text enable="false" />
        </ShadowStyle>
      </style>
      <defaultValue>Vendor</defaultValue>
      <userID>Input_24</userID>
    </attribute-form>
    <attribute-form id="f7d14cfb-7151-45b3-a321-576c2757d194" writable="true" hidden="false" lockType="none" onTop="false" visible="true">
      <attStyle>InputText</attStyle>
      <type>text</type>
      <style name="LnFAttributeForm">
        <DimensionStyle width="214" height="29" />
        <PositioningStyle left="420" top="385" />
        <BackgroundStyle type="color" value="255r255g255b" />
        <BorderStyle radius="0" leftColor="200r200g200b" topColor="200r200g200b" rightColor="200r200g200b" bottomColor="200r200g200b" leftStyle="solid" topStyle="solid" rightStyle="solid" bottomStyle="solid" leftWidth="1" topWidth="1" rightWidth="1" bottomWidth="1" />
        <TextStyle color="0r0g0b" hAlign="left" vAlign="center" decoration="none" line-height="0" />
        <FontStyle size="11.0" height="17">
          <family>Arial</family>
          <style name="Regular" weight="400" italic="normal" />
        </FontStyle>
        <TransparencyStyle value="0" />
        <PaddingStyle top="0" left="5" bottom="0" right="0" />
        <ShadowStyle>
          <Box enable="false" />
          <Text enable="false" />
        </ShadowStyle>
      </style>
      <defaultValue>Vendor1234</defaultValue>
      <userID>Input_25</userID>
    </attribute-form>
    <label id="f4a62028-066b-453c-a358-15c586bbc702" singleLine="true" hidden="false" lockType="none" onTop="false" visible="true">
      <text>Type</text>
      <style name="LnFTextBox">
        <DimensionStyle width="139" height="29" />
        <PositioningStyle left="263" top="347" />
        <BackgroundStyle type="transparent" />
        <BorderStyle radius="0" leftColor="0r0g0b" topColor="0r0g0b" rightColor="0r0g0b" bottomColor="0r0g0b" leftStyle="none" topStyle="none" rightStyle="none" bottomStyle="none" leftWidth="1" topWidth="1" rightWidth="1" bottomWidth="1" />
        <TextStyle color="51r51g51b" hAlign="right" vAlign="center" decoration="none" line-height="0" />
        <FontStyle size="11.0" height="17">
          <family>Arial</family>
          <style name="Regular" weight="400" italic="normal" />
        </FontStyle>
        <TransparencyStyle value="0" />
        <PaddingStyle top="0" left="0" bottom="0" right="0" />
        <RotationStyle angle="0" />
        <ShadowStyle>
          <Box enable="false" />
          <Text enable="false" />
        </ShadowStyle>
      </style>
      <rich-text-range-list>
        <text-range text-range-start="0" text-range-end="4">
          <style name="LnFTextRange">
            <FontStyle size="11.0" height="17">
              <family>Arial</family>
              <style name="Regular" weight="400" italic="normal" />
            </FontStyle>
            <TextStyle color="51r51g51b" hAlign="right" vAlign="center" decoration="none" line-height="0" />
          </style>
        </text-range>
      </rich-text-range-list>
      <userID>Text_7</userID>
    </label>
    <label id="ca9b62cb-e262-413d-b8aa-48c7ff5d1830" singleLine="true" hidden="false" lockType="none" onTop="false" visible="true">
      <text>Account ID</text>
      <style name="LnFTextBox">
        <DimensionStyle width="139" height="29" />
        <PositioningStyle left="263" top="385" />
        <BackgroundStyle type="transparent" />
        <BorderStyle radius="0" leftColor="0r0g0b" topColor="0r0g0b" rightColor="0r0g0b" bottomColor="0r0g0b" leftStyle="none" topStyle="none" rightStyle="none" bottomStyle="none" leftWidth="1" topWidth="1" rightWidth="1" bottomWidth="1" />
        <TextStyle color="51r51g51b" hAlign="right" vAlign="center" decoration="none" line-height="0" />
        <FontStyle size="11.0" height="17">
          <family>Arial</family>
          <style name="Regular" weight="400" italic="normal" />
        </FontStyle>
        <TransparencyStyle value="0" />
        <PaddingStyle top="0" left="0" bottom="0" right="0" />
        <RotationStyle angle="0" />
        <ShadowStyle>
          <Box enable="false" />
          <Text enable="false" />
        </ShadowStyle>
      </style>
      <rich-text-range-list>
        <text-range text-range-start="0" text-range-end="10">
          <style name="LnFTextRange">
            <FontStyle size="11.0" height="17">
              <family>Arial</family>
              <style name="Regular" weight="400" italic="normal" />
            </FontStyle>
            <TextStyle color="51r51g51b" hAlign="right" vAlign="center" decoration="none" line-height="0" />
          </style>
        </text-range>
      </rich-text-range-list>
      <userID>Text_8</userID>
    </label>
    <label id="8335a35c-4619-4e12-95ee-72df958dac1f" singleLine="true" hidden="false" lockType="none" onTop="false" visible="true">
      <text>Password</text>
      <style name="LnFTextBox">
        <DimensionStyle width="139" height="29" />
        <PositioningStyle left="270" top="194" />
        <BackgroundStyle type="transparent" />
        <BorderStyle radius="0" leftColor="0r0g0b" topColor="0r0g0b" rightColor="0r0g0b" bottomColor="0r0g0b" leftStyle="none" topStyle="none" rightStyle="none" bottomStyle="none" leftWidth="1" topWidth="1" rightWidth="1" bottomWidth="1" />
        <TextStyle color="51r51g51b" hAlign="right" vAlign="center" decoration="none" line-height="0" />
        <FontStyle size="11.0" height="17">
          <family>Arial</family>
          <style name="Regular" weight="400" italic="normal" />
        </FontStyle>
        <TransparencyStyle value="0" />
        <PaddingStyle top="0" left="0" bottom="0" right="0" />
        <RotationStyle angle="0" />
        <ShadowStyle>
          <Box enable="false" />
          <Text enable="false" />
        </ShadowStyle>
      </style>
      <rich-text-range-list>
        <text-range text-range-start="0" text-range-end="8">
          <style name="LnFTextRange">
            <FontStyle size="11.0" height="17">
              <family>Arial</family>
              <style name="Regular" weight="400" italic="normal" />
            </FontStyle>
            <TextStyle color="51r51g51b" hAlign="right" vAlign="center" decoration="none" line-height="0" />
          </style>
        </text-range>
      </rich-text-range-list>
      <userID>Text_13</userID>
    </label>
    <attribute-form id="4be5c49e-ec3c-4f5b-b54b-d1380dfb4f6f" writable="true" hidden="false" lockType="none" onTop="false" visible="true">
      <attStyle>InputText</attStyle>
      <type>text</type>
      <style name="LnFAttributeForm">
        <DimensionStyle width="214" height="29" />
        <PositioningStyle left="420" top="194" />
        <BackgroundStyle type="color" value="255r255g255b" />
        <BorderStyle radius="0" leftColor="200r200g200b" topColor="200r200g200b" rightColor="200r200g200b" bottomColor="200r200g200b" leftStyle="solid" topStyle="solid" rightStyle="solid" bottomStyle="solid" leftWidth="1" topWidth="1" rightWidth="1" bottomWidth="1" />
        <TextStyle color="0r0g0b" hAlign="left" vAlign="center" decoration="none" line-height="0" />
        <FontStyle size="11.0" height="17">
          <family>Arial</family>
          <style name="Regular" weight="400" italic="normal" />
        </FontStyle>
        <TransparencyStyle value="0" />
        <PaddingStyle top="0" left="5" bottom="0" right="0" />
        <ShadowStyle>
          <Box enable="false" />
          <Text enable="false" />
        </ShadowStyle>
      </style>
      <defaultValue>********</defaultValue>
      <userID>Input_29</userID>
    </attribute-form>
    <label id="758f56bd-cc28-435a-a276-e339588ffcfa" singleLine="true" hidden="false" lockType="bothsizes" onTop="false" visible="true">
      <text>User Info</text>
      <style name="LnFTextBox">
        <DimensionStyle width="111" height="35" autofit="true" />
        <PositioningStyle left="270" top="96" />
        <BackgroundStyle type="transparent" />
        <BorderStyle radius="0" leftColor="0r0g0b" topColor="0r0g0b" rightColor="0r0g0b" bottomColor="0r0g0b" leftStyle="none" topStyle="none" rightStyle="none" bottomStyle="none" leftWidth="1" topWidth="1" rightWidth="1" bottomWidth="1" />
        <TextStyle color="51r51g51b" hAlign="left" vAlign="center" decoration="none" line-height="0" />
        <FontStyle size="20.0" height="35">
          <family>Roboto</family>
          <style name="Bold" weight="700" italic="normal" />
          <evc-file>Roboto-Bold</evc-file>
        </FontStyle>
        <TransparencyStyle value="0" />
        <PaddingStyle top="0" left="0" bottom="0" right="0" />
        <RotationStyle angle="0" />
        <ShadowStyle>
          <Box enable="false" />
          <Text enable="false" />
        </ShadowStyle>
      </style>
      <rich-text-range-list>
        <text-range text-range-start="0" text-range-end="9">
          <style name="LnFTextRange">
            <FontStyle size="20.0" height="35">
              <family>Roboto</family>
              <style name="Bold" weight="700" italic="normal" />
              <evc-file>Roboto-Bold</evc-file>
            </FontStyle>
            <TextStyle color="51r51g51b" hAlign="left" vAlign="center" decoration="none" line-height="0" />
          </style>
        </text-range>
      </rich-text-range-list>
      <userID>Text_9</userID>
    </label>
    <label id="a111a4a9-80b5-4162-9dc1-41dbd756bca6" singleLine="true" hidden="false" lockType="none" onTop="false" visible="true">
      <text>Status</text>
      <style name="LnFTextBox">
        <DimensionStyle width="139" height="29" />
        <PositioningStyle left="263" top="420" />
        <BackgroundStyle type="transparent" />
        <BorderStyle radius="0" leftColor="0r0g0b" topColor="0r0g0b" rightColor="0r0g0b" bottomColor="0r0g0b" leftStyle="none" topStyle="none" rightStyle="none" bottomStyle="none" leftWidth="1" topWidth="1" rightWidth="1" bottomWidth="1" />
        <TextStyle color="51r51g51b" hAlign="right" vAlign="center" decoration="none" line-height="0" />
        <FontStyle size="11.0" height="17">
          <family>Arial</family>
          <style name="Regular" weight="400" italic="normal" />
        </FontStyle>
        <TransparencyStyle value="0" />
        <PaddingStyle top="0" left="0" bottom="0" right="0" />
        <RotationStyle angle="0" />
        <ShadowStyle>
          <Box enable="false" />
          <Text enable="false" />
        </ShadowStyle>
      </style>
      <rich-text-range-list>
        <text-range text-range-start="0" text-range-end="6">
          <style name="LnFTextRange">
            <FontStyle size="11.0" height="17">
              <family>Arial</family>
              <style name="Regular" weight="400" italic="normal" />
            </FontStyle>
            <TextStyle color="51r51g51b" hAlign="right" vAlign="center" decoration="none" line-height="0" />
          </style>
        </text-range>
      </rich-text-range-list>
      <userID>Text_10</userID>
    </label>
    <button id="7fef5dda-94fe-4645-ae29-3858e03e2372" singleLine="true" hidden="false" lockType="none" onTop="false" visible="true">
      <text>Save</text>
      <style name="LnFButton">
        <DimensionStyle width="60" height="29" />
        <PositioningStyle left="497" top="478" />
        <BackgroundStyle type="gradient">
          <gradient firstColor="255r255g255b" secondColor="230r230g230b" orientation="vertical" double="false" />
        </BackgroundStyle>
        <BorderStyle radius="30" leftColor="205r205g205b" topColor="205r205g205b" rightColor="205r205g205b" bottomColor="205r205g205b" leftStyle="solid" topStyle="solid" rightStyle="solid" bottomStyle="solid" leftWidth="1" topWidth="1" rightWidth="1" bottomWidth="1" />
        <TextStyle color="3r3g3b" hAlign="center" vAlign="center" decoration="none" line-height="0" />
        <FontStyle size="11.0" height="17">
          <family>Arial</family>
          <style name="Regular" weight="400" italic="normal" />
        </FontStyle>
        <TransparencyStyle value="0" />
        <PaddingStyle top="0" left="0" bottom="0" right="0" />
        <RotationStyle angle="0" />
        <ShadowStyle>
          <Box enable="false" />
          <Text enable="false" />
        </ShadowStyle>
      </style>
      <rich-text-range-list>
        <text-range text-range-start="0" text-range-end="4">
          <style name="LnFTextRange">
            <FontStyle size="11.0" height="17">
              <family>Arial</family>
              <style name="Regular" weight="400" italic="normal" />
            </FontStyle>
            <TextStyle color="3r3g3b" hAlign="center" vAlign="center" decoration="none" line-height="0" />
          </style>
        </text-range>
      </rich-text-range-list>
      <userID>Button_10</userID>
    </button>
    <button id="66274f21-4ad8-4031-9d97-ac5949ddf57a" singleLine="true" hidden="false" lockType="none" onTop="false" visible="true">
      <text>Cancel</text>
      <style name="LnFButton">
        <DimensionStyle width="52" height="29" />
        <PositioningStyle left="582" top="478" />
        <BackgroundStyle type="gradient">
          <gradient firstColor="255r255g255b" secondColor="230r230g230b" orientation="vertical" double="false" />
        </BackgroundStyle>
        <BorderStyle radius="30" leftColor="205r205g205b" topColor="205r205g205b" rightColor="205r205g205b" bottomColor="205r205g205b" leftStyle="solid" topStyle="solid" rightStyle="solid" bottomStyle="solid" leftWidth="1" topWidth="1" rightWidth="1" bottomWidth="1" />
        <TextStyle color="3r3g3b" hAlign="center" vAlign="center" decoration="none" line-height="0" />
        <FontStyle size="11.0" height="17">
          <family>Arial</family>
          <style name="Regular" weight="400" italic="normal" />
        </FontStyle>
        <TransparencyStyle value="0" />
        <PaddingStyle top="0" left="0" bottom="0" right="0" />
        <RotationStyle angle="0" />
        <ShadowStyle>
          <Box enable="false" />
          <Text enable="false" />
        </ShadowStyle>
      </style>
      <rich-text-range-list>
        <text-range text-range-start="0" text-range-end="6">
          <style name="LnFTextRange">
            <FontStyle size="11.0" height="17">
              <family>Arial</family>
              <style name="Regular" weight="400" italic="normal" />
            </FontStyle>
            <TextStyle color="3r3g3b" hAlign="center" vAlign="center" decoration="none" line-height="0" />
          </style>
        </text-range>
      </rich-text-range-list>
      <userID>Button_11</userID>
    </button>
    <button id="0c6c2e61-121b-4098-bfe1-53db7c521aea" singleLine="true" hidden="false" lockType="none" onTop="false" visible="true">
      <text>Reset Password</text>
      <style name="LnFButton">
        <DimensionStyle width="124" height="33" />
        <PositioningStyle left="351" top="476" />
        <BackgroundStyle type="gradient">
          <gradient firstColor="255r255g255b" secondColor="230r230g230b" orientation="vertical" double="false" />
        </BackgroundStyle>
        <BorderStyle radius="30" leftColor="205r205g205b" topColor="205r205g205b" rightColor="205r205g205b" bottomColor="205r205g205b" leftStyle="solid" topStyle="solid" rightStyle="solid" bottomStyle="solid" leftWidth="1" topWidth="1" rightWidth="1" bottomWidth="1" />
        <TextStyle color="3r3g3b" hAlign="center" vAlign="center" decoration="none" line-height="0" />
        <FontStyle size="10.0" height="18">
          <family>Roboto</family>
          <style name="Regular" weight="400" italic="normal" />
          <evc-file>Roboto-Regular</evc-file>
        </FontStyle>
        <TransparencyStyle value="0" />
        <PaddingStyle top="0" left="0" bottom="0" right="0" />
        <RotationStyle angle="0" />
        <ShadowStyle>
          <Box enable="false" />
          <Text enable="false" />
        </ShadowStyle>
      </style>
      <rich-text-range-list>
        <text-range text-range-start="0" text-range-end="14">
          <style name="LnFTextRange">
            <FontStyle size="10.0" height="18">
              <family>Roboto</family>
              <style name="Regular" weight="400" italic="normal" />
              <evc-file>Roboto-Regular</evc-file>
            </FontStyle>
            <TextStyle color="3r3g3b" hAlign="center" vAlign="center" decoration="none" line-height="0" />
          </style>
        </text-range>
      </rich-text-range-list>
      <userID>Button_1</userID>
    </button>
    <attribute-form id="ef0c3bf1-f177-4f72-b859-253daaa0e4df" itemsSumSize="0" writable="true" hidden="false" lockType="none" onTop="false" visible="true">
      <attStyle>DropDown</attStyle>
      <type>category</type>
      <style name="LnFAttributeForm">
        <DimensionStyle width="173" height="29" />
        <PositioningStyle left="420" top="420" />
        <BackgroundStyle type="color" value="255r255g255b" />
        <BorderStyle radius="0" leftColor="200r200g200b" topColor="200r200g200b" rightColor="200r200g200b" bottomColor="200r200g200b" leftStyle="solid" topStyle="solid" rightStyle="solid" bottomStyle="solid" leftWidth="1" topWidth="1" rightWidth="1" bottomWidth="1" />
        <TextStyle color="0r0g0b" hAlign="left" vAlign="center" decoration="none" line-height="0" />
        <FontStyle size="11.0" height="17">
          <family>Arial</family>
          <style name="Regular" weight="400" italic="normal" />
        </FontStyle>
        <TransparencyStyle value="0" />
        <PaddingStyle top="0" left="5" bottom="0" right="0" />
        <ShadowStyle>
          <Box enable="false" />
          <Text enable="false" />
        </ShadowStyle>
      </style>
      <defaultValue selected="true">Status</defaultValue>
      <defaultValue selected="false">Active</defaultValue>
      <defaultValue selected="false">Inactive</defaultValue>
      <defaultValue selected="false">Waiting</defaultValue>
      <userID>Category_7</userID>
    </attribute-form>
    <style name="LnFCanvas">
      <DimensionStyle width="634" height="509" />
      <PositioningStyle left="0" top="0" />
      <BackgroundStyle type="transparent" />
      <TransparencyStyle value="0" />
    </style>
  </item-group>
  <Events>
    <event id="7fef5dda-94fe-4645-ae29-3858e03e2372" trigger="onClick">
      <case execType="serial" delayAction="0">
        <description>Case 1</description>
        <block>
          <navigateLink execType="serial" delayAction="0">
            <screen id="e992888e-b493-4b1c-9f31-9f859aecf46d">Manage User</screen>
            <type>window</type>
          </navigateLink>
        </block>
      </case>
    </event>
    <event id="66274f21-4ad8-4031-9d97-ac5949ddf57a" trigger="onClick">
      <case execType="serial" delayAction="0">
        <description>Case 1</description>
        <block>
          <navigateLink execType="serial" delayAction="0">
            <screen id="e992888e-b493-4b1c-9f31-9f859aecf46d">Manage User</screen>
            <type>window</type>
          </navigateLink>
        </block>
      </case>
    </event>
  </Events>
</screen>

