<?xml version="1.0" encoding="UTF-8"?>
<screen>
  <parentCode />
  <folderPosition>1</folderPosition>
  <name>Register</name>
  <code>7c45a4ef-66eb-4694-ab7e-e02abd227063</code>
  <templateID>f39803f7-df02-4169-93eb-7547fb8c961a</templateID>
  <date>13/02/2017 13:25:26</date>
  <note></note>
  <legend-item></legend-item>
  <pageAlignment>CENTER</pageAlignment>
  <orientation>PORTRAIT</orientation>
  <backgroundGrowth>BOTH</backgroundGrowth>
  <width>1024</width>
  <height>768</height>
  <item-group id="a2a88020-45ee-4f93-b6fb-c1e24f9faf0c" visible="true">
    <button id="0841d39b-2810-4067-b919-81dca056bfea" singleLine="true" hidden="false" lockType="none" onTop="false" visible="true">
      <text>Register</text>
      <style name="LnFButton">
        <DimensionStyle width="60" height="29" />
        <PositioningStyle left="406" top="465" />
        <BackgroundStyle type="gradient">
          <gradient firstColor="255r255g255b" secondColor="230r230g230b" orientation="vertical" double="false" />
        </BackgroundStyle>
        <BorderStyle radius="30" leftColor="205r205g205b" topColor="205r205g205b" rightColor="205r205g205b" bottomColor="205r205g205b" leftStyle="solid" topStyle="solid" rightStyle="solid" bottomStyle="solid" leftWidth="1" topWidth="1" rightWidth="1" bottomWidth="1" />
        <TextStyle color="3r3g3b" hAlign="center" vAlign="center" decoration="none" line-height="0" />
        <FontStyle size="11.0" height="17">
          <family>Arial</family>
          <style name="Regular" weight="400" italic="normal" />
        </FontStyle>
        <TransparencyStyle value="0" />
        <PaddingStyle top="0" left="0" bottom="0" right="0" />
        <RotationStyle angle="0" />
        <ShadowStyle>
          <Box enable="false" />
          <Text enable="false" />
        </ShadowStyle>
      </style>
      <rich-text-range-list>
        <text-range text-range-start="0" text-range-end="8">
          <style name="LnFTextRange">
            <FontStyle size="11.0" height="17">
              <family>Arial</family>
              <style name="Regular" weight="400" italic="normal" />
            </FontStyle>
            <TextStyle color="3r3g3b" hAlign="center" vAlign="center" decoration="none" line-height="0" />
          </style>
        </text-range>
      </rich-text-range-list>
      <userID>Button_10</userID>
    </button>
    <button id="4ae8b57b-c586-4ecb-a7df-f28d153fb4cd" singleLine="true" hidden="false" lockType="none" onTop="false" visible="true">
      <text>Cancel</text>
      <style name="LnFButton">
        <DimensionStyle width="52" height="29" />
        <PositioningStyle left="487" top="465" />
        <BackgroundStyle type="gradient">
          <gradient firstColor="255r255g255b" secondColor="230r230g230b" orientation="vertical" double="false" />
        </BackgroundStyle>
        <BorderStyle radius="30" leftColor="205r205g205b" topColor="205r205g205b" rightColor="205r205g205b" bottomColor="205r205g205b" leftStyle="solid" topStyle="solid" rightStyle="solid" bottomStyle="solid" leftWidth="1" topWidth="1" rightWidth="1" bottomWidth="1" />
        <TextStyle color="3r3g3b" hAlign="center" vAlign="center" decoration="none" line-height="0" />
        <FontStyle size="11.0" height="17">
          <family>Arial</family>
          <style name="Regular" weight="400" italic="normal" />
        </FontStyle>
        <TransparencyStyle value="0" />
        <PaddingStyle top="0" left="0" bottom="0" right="0" />
        <RotationStyle angle="0" />
        <ShadowStyle>
          <Box enable="false" />
          <Text enable="false" />
        </ShadowStyle>
      </style>
      <rich-text-range-list>
        <text-range text-range-start="0" text-range-end="6">
          <style name="LnFTextRange">
            <FontStyle size="11.0" height="17">
              <family>Arial</family>
              <style name="Regular" weight="400" italic="normal" />
            </FontStyle>
            <TextStyle color="3r3g3b" hAlign="center" vAlign="center" decoration="none" line-height="0" />
          </style>
        </text-range>
      </rich-text-range-list>
      <userID>Button_11</userID>
    </button>
    <label id="d135e7ff-38c6-4160-bfb4-639ec3a8db4e" singleLine="true" hidden="false" lockType="none" onTop="false" visible="true">
      <text>ID</text>
      <style name="LnFTextBox">
        <DimensionStyle width="139" height="29" />
        <PositioningStyle left="239" top="141" />
        <BackgroundStyle type="transparent" />
        <BorderStyle radius="0" leftColor="0r0g0b" topColor="0r0g0b" rightColor="0r0g0b" bottomColor="0r0g0b" leftStyle="none" topStyle="none" rightStyle="none" bottomStyle="none" leftWidth="1" topWidth="1" rightWidth="1" bottomWidth="1" />
        <TextStyle color="51r51g51b" hAlign="right" vAlign="center" decoration="none" line-height="0" />
        <FontStyle size="11.0" height="17">
          <family>Arial</family>
          <style name="Regular" weight="400" italic="normal" />
        </FontStyle>
        <TransparencyStyle value="0" />
        <PaddingStyle top="0" left="0" bottom="0" right="0" />
        <RotationStyle angle="0" />
        <ShadowStyle>
          <Box enable="false" />
          <Text enable="false" />
        </ShadowStyle>
      </style>
      <rich-text-range-list>
        <text-range text-range-start="0" text-range-end="2">
          <style name="LnFTextRange">
            <FontStyle size="11.0" height="17">
              <family>Arial</family>
              <style name="Regular" weight="400" italic="normal" />
            </FontStyle>
            <TextStyle color="51r51g51b" hAlign="right" vAlign="center" decoration="none" line-height="0" />
          </style>
        </text-range>
      </rich-text-range-list>
      <userID>Text_1</userID>
    </label>
    <label id="960868be-cae0-4337-bc5e-0520186bd1fa" singleLine="true" hidden="false" lockType="none" onTop="false" visible="true">
      <text>Confirm Password</text>
      <style name="LnFTextBox">
        <DimensionStyle width="139" height="29" />
        <PositioningStyle left="239" top="217" />
        <BackgroundStyle type="transparent" />
        <BorderStyle radius="0" leftColor="0r0g0b" topColor="0r0g0b" rightColor="0r0g0b" bottomColor="0r0g0b" leftStyle="none" topStyle="none" rightStyle="none" bottomStyle="none" leftWidth="1" topWidth="1" rightWidth="1" bottomWidth="1" />
        <TextStyle color="51r51g51b" hAlign="right" vAlign="center" decoration="none" line-height="0" />
        <FontStyle size="11.0" height="17">
          <family>Arial</family>
          <style name="Regular" weight="400" italic="normal" />
        </FontStyle>
        <TransparencyStyle value="0" />
        <PaddingStyle top="0" left="0" bottom="0" right="0" />
        <RotationStyle angle="0" />
        <ShadowStyle>
          <Box enable="false" />
          <Text enable="false" />
        </ShadowStyle>
      </style>
      <rich-text-range-list>
        <text-range text-range-start="0" text-range-end="16">
          <style name="LnFTextRange">
            <FontStyle size="11.0" height="17">
              <family>Arial</family>
              <style name="Regular" weight="400" italic="normal" />
            </FontStyle>
            <TextStyle color="51r51g51b" hAlign="right" vAlign="center" decoration="none" line-height="0" />
          </style>
        </text-range>
      </rich-text-range-list>
      <userID>Text_3</userID>
    </label>
    <label id="b6b2212d-46c9-41ae-9bf5-489dc63248eb" singleLine="true" hidden="false" lockType="none" onTop="false" visible="true">
      <text>Full Name</text>
      <style name="LnFTextBox">
        <DimensionStyle width="139" height="29" />
        <PositioningStyle left="234" top="255" />
        <BackgroundStyle type="transparent" />
        <BorderStyle radius="0" leftColor="0r0g0b" topColor="0r0g0b" rightColor="0r0g0b" bottomColor="0r0g0b" leftStyle="none" topStyle="none" rightStyle="none" bottomStyle="none" leftWidth="1" topWidth="1" rightWidth="1" bottomWidth="1" />
        <TextStyle color="51r51g51b" hAlign="right" vAlign="center" decoration="none" line-height="0" />
        <FontStyle size="11.0" height="17">
          <family>Arial</family>
          <style name="Regular" weight="400" italic="normal" />
        </FontStyle>
        <TransparencyStyle value="0" />
        <PaddingStyle top="0" left="0" bottom="0" right="0" />
        <RotationStyle angle="0" />
        <ShadowStyle>
          <Box enable="false" />
          <Text enable="false" />
        </ShadowStyle>
      </style>
      <rich-text-range-list>
        <text-range text-range-start="0" text-range-end="9">
          <style name="LnFTextRange">
            <FontStyle size="11.0" height="17">
              <family>Arial</family>
              <style name="Regular" weight="400" italic="normal" />
            </FontStyle>
            <TextStyle color="51r51g51b" hAlign="right" vAlign="center" decoration="none" line-height="0" />
          </style>
        </text-range>
      </rich-text-range-list>
      <userID>Text_4</userID>
    </label>
    <attribute-form id="a4dea053-c3ab-4cc6-ac98-1f697625ba20" writable="true" hidden="false" lockType="none" onTop="false" visible="true">
      <attStyle>InputText</attStyle>
      <type>text</type>
      <style name="LnFAttributeForm">
        <DimensionStyle width="214" height="29" />
        <PositioningStyle left="391" top="141" />
        <BackgroundStyle type="color" value="255r255g255b" />
        <BorderStyle radius="0" leftColor="200r200g200b" topColor="200r200g200b" rightColor="200r200g200b" bottomColor="200r200g200b" leftStyle="solid" topStyle="solid" rightStyle="solid" bottomStyle="solid" leftWidth="1" topWidth="1" rightWidth="1" bottomWidth="1" />
        <TextStyle color="0r0g0b" hAlign="left" vAlign="center" decoration="none" line-height="0" />
        <FontStyle size="11.0" height="17">
          <family>Arial</family>
          <style name="Regular" weight="400" italic="normal" />
        </FontStyle>
        <TransparencyStyle value="0" />
        <PaddingStyle top="0" left="5" bottom="0" right="0" />
        <ShadowStyle>
          <Box enable="false" />
          <Text enable="false" />
        </ShadowStyle>
      </style>
      <defaultValue>1234567</defaultValue>
      <userID>Input_11</userID>
    </attribute-form>
    <attribute-form id="e858b559-71a3-46f8-90a6-7001d2c20f42" writable="true" hidden="false" lockType="none" onTop="false" visible="true">
      <attStyle>InputText</attStyle>
      <type>text</type>
      <style name="LnFAttributeForm">
        <DimensionStyle width="214" height="29" />
        <PositioningStyle left="391" top="217" />
        <BackgroundStyle type="color" value="255r255g255b" />
        <BorderStyle radius="0" leftColor="200r200g200b" topColor="200r200g200b" rightColor="200r200g200b" bottomColor="200r200g200b" leftStyle="solid" topStyle="solid" rightStyle="solid" bottomStyle="solid" leftWidth="1" topWidth="1" rightWidth="1" bottomWidth="1" />
        <TextStyle color="0r0g0b" hAlign="left" vAlign="center" decoration="none" line-height="0" />
        <FontStyle size="11.0" height="17">
          <family>Arial</family>
          <style name="Regular" weight="400" italic="normal" />
        </FontStyle>
        <TransparencyStyle value="0" />
        <PaddingStyle top="0" left="5" bottom="0" right="0" />
        <ShadowStyle>
          <Box enable="false" />
          <Text enable="false" />
        </ShadowStyle>
      </style>
      <defaultValue>********</defaultValue>
      <userID>Input_20</userID>
    </attribute-form>
    <attribute-form id="7772ad8b-3fb1-49b2-9f12-3297402de610" writable="true" hidden="false" lockType="none" onTop="false" visible="true">
      <attStyle>InputText</attStyle>
      <type>text</type>
      <style name="LnFAttributeForm">
        <DimensionStyle width="214" height="29" />
        <PositioningStyle left="391" top="255" />
        <BackgroundStyle type="color" value="255r255g255b" />
        <BorderStyle radius="0" leftColor="200r200g200b" topColor="200r200g200b" rightColor="200r200g200b" bottomColor="200r200g200b" leftStyle="solid" topStyle="solid" rightStyle="solid" bottomStyle="solid" leftWidth="1" topWidth="1" rightWidth="1" bottomWidth="1" />
        <TextStyle color="0r0g0b" hAlign="left" vAlign="center" decoration="none" line-height="0" />
        <FontStyle size="11.0" height="17">
          <family>Arial</family>
          <style name="Regular" weight="400" italic="normal" />
        </FontStyle>
        <TransparencyStyle value="0" />
        <PaddingStyle top="0" left="5" bottom="0" right="0" />
        <ShadowStyle>
          <Box enable="false" />
          <Text enable="false" />
        </ShadowStyle>
      </style>
      <defaultValue>Kevin Park</defaultValue>
      <userID>Input_21</userID>
    </attribute-form>
    <label id="6f50db26-c3f4-4d7a-9a8f-93915e20c57a" singleLine="true" hidden="false" lockType="none" onTop="false" visible="true">
      <text>Email</text>
      <style name="LnFTextBox">
        <DimensionStyle width="139" height="29" />
        <PositioningStyle left="234" top="293" />
        <BackgroundStyle type="transparent" />
        <BorderStyle radius="0" leftColor="0r0g0b" topColor="0r0g0b" rightColor="0r0g0b" bottomColor="0r0g0b" leftStyle="none" topStyle="none" rightStyle="none" bottomStyle="none" leftWidth="1" topWidth="1" rightWidth="1" bottomWidth="1" />
        <TextStyle color="51r51g51b" hAlign="right" vAlign="center" decoration="none" line-height="0" />
        <FontStyle size="11.0" height="17">
          <family>Arial</family>
          <style name="Regular" weight="400" italic="normal" />
        </FontStyle>
        <TransparencyStyle value="0" />
        <PaddingStyle top="0" left="0" bottom="0" right="0" />
        <RotationStyle angle="0" />
        <ShadowStyle>
          <Box enable="false" />
          <Text enable="false" />
        </ShadowStyle>
      </style>
      <rich-text-range-list>
        <text-range text-range-start="0" text-range-end="5">
          <style name="LnFTextRange">
            <FontStyle size="11.0" height="17">
              <family>Arial</family>
              <style name="Regular" weight="400" italic="normal" />
            </FontStyle>
            <TextStyle color="51r51g51b" hAlign="right" vAlign="center" decoration="none" line-height="0" />
          </style>
        </text-range>
      </rich-text-range-list>
      <userID>Text_5</userID>
    </label>
    <label id="378618b0-5efe-48b9-8d30-3f277a862a4d" singleLine="true" hidden="false" lockType="none" onTop="false" visible="true">
      <text>Phone</text>
      <style name="LnFTextBox">
        <DimensionStyle width="139" height="29" />
        <PositioningStyle left="234" top="331" />
        <BackgroundStyle type="transparent" />
        <BorderStyle radius="0" leftColor="0r0g0b" topColor="0r0g0b" rightColor="0r0g0b" bottomColor="0r0g0b" leftStyle="none" topStyle="none" rightStyle="none" bottomStyle="none" leftWidth="1" topWidth="1" rightWidth="1" bottomWidth="1" />
        <TextStyle color="51r51g51b" hAlign="right" vAlign="center" decoration="none" line-height="0" />
        <FontStyle size="11.0" height="17">
          <family>Arial</family>
          <style name="Regular" weight="400" italic="normal" />
        </FontStyle>
        <TransparencyStyle value="0" />
        <PaddingStyle top="0" left="0" bottom="0" right="0" />
        <RotationStyle angle="0" />
        <ShadowStyle>
          <Box enable="false" />
          <Text enable="false" />
        </ShadowStyle>
      </style>
      <rich-text-range-list>
        <text-range text-range-start="0" text-range-end="5">
          <style name="LnFTextRange">
            <FontStyle size="11.0" height="17">
              <family>Arial</family>
              <style name="Regular" weight="400" italic="normal" />
            </FontStyle>
            <TextStyle color="51r51g51b" hAlign="right" vAlign="center" decoration="none" line-height="0" />
          </style>
        </text-range>
      </rich-text-range-list>
      <userID>Text_6</userID>
    </label>
    <attribute-form id="b5f77da1-bb06-4873-881d-2ab91c46c537" writable="true" hidden="false" lockType="none" onTop="false" visible="true">
      <attStyle>InputText</attStyle>
      <type>text</type>
      <style name="LnFAttributeForm">
        <DimensionStyle width="214" height="29" />
        <PositioningStyle left="391" top="293" />
        <BackgroundStyle type="color" value="255r255g255b" />
        <BorderStyle radius="0" leftColor="200r200g200b" topColor="200r200g200b" rightColor="200r200g200b" bottomColor="200r200g200b" leftStyle="solid" topStyle="solid" rightStyle="solid" bottomStyle="solid" leftWidth="1" topWidth="1" rightWidth="1" bottomWidth="1" />
        <TextStyle color="0r0g0b" hAlign="left" vAlign="center" decoration="none" line-height="0" />
        <FontStyle size="11.0" height="17">
          <family>Arial</family>
          <style name="Regular" weight="400" italic="normal" />
        </FontStyle>
        <TransparencyStyle value="0" />
        <PaddingStyle top="0" left="5" bottom="0" right="0" />
        <ShadowStyle>
          <Box enable="false" />
          <Text enable="false" />
        </ShadowStyle>
      </style>
      <defaultValue>Park@gmail.com</defaultValue>
      <userID>Input_22</userID>
    </attribute-form>
    <attribute-form id="226afebe-35c0-4895-b338-77706b933b11" writable="true" hidden="false" lockType="none" onTop="false" visible="true">
      <attStyle>InputText</attStyle>
      <type>text</type>
      <style name="LnFAttributeForm">
        <DimensionStyle width="214" height="29" />
        <PositioningStyle left="391" top="331" />
        <BackgroundStyle type="color" value="255r255g255b" />
        <BorderStyle radius="0" leftColor="200r200g200b" topColor="200r200g200b" rightColor="200r200g200b" bottomColor="200r200g200b" leftStyle="solid" topStyle="solid" rightStyle="solid" bottomStyle="solid" leftWidth="1" topWidth="1" rightWidth="1" bottomWidth="1" />
        <TextStyle color="0r0g0b" hAlign="left" vAlign="center" decoration="none" line-height="0" />
        <FontStyle size="11.0" height="17">
          <family>Arial</family>
          <style name="Regular" weight="400" italic="normal" />
        </FontStyle>
        <TransparencyStyle value="0" />
        <PaddingStyle top="0" left="5" bottom="0" right="0" />
        <ShadowStyle>
          <Box enable="false" />
          <Text enable="false" />
        </ShadowStyle>
      </style>
      <defaultValue>515-258-6547</defaultValue>
      <userID>Input_23</userID>
    </attribute-form>
    <attribute-form id="17952730-193a-4bc5-8052-0b4000bb5b70" writable="true" hidden="false" lockType="none" onTop="false" visible="true">
      <attStyle>InputText</attStyle>
      <type>text</type>
      <style name="LnFAttributeForm">
        <DimensionStyle width="214" height="29" />
        <PositioningStyle left="391" top="369" />
        <BackgroundStyle type="color" value="255r255g255b" />
        <BorderStyle radius="0" leftColor="200r200g200b" topColor="200r200g200b" rightColor="200r200g200b" bottomColor="200r200g200b" leftStyle="solid" topStyle="solid" rightStyle="solid" bottomStyle="solid" leftWidth="1" topWidth="1" rightWidth="1" bottomWidth="1" />
        <TextStyle color="0r0g0b" hAlign="left" vAlign="center" decoration="none" line-height="0" />
        <FontStyle size="11.0" height="17">
          <family>Arial</family>
          <style name="Regular" weight="400" italic="normal" />
        </FontStyle>
        <TransparencyStyle value="0" />
        <PaddingStyle top="0" left="5" bottom="0" right="0" />
        <ShadowStyle>
          <Box enable="false" />
          <Text enable="false" />
        </ShadowStyle>
      </style>
      <defaultValue>Vendor</defaultValue>
      <userID>Input_24</userID>
    </attribute-form>
    <attribute-form id="9de3b3e0-34f5-49b1-b89b-d8efb28c8fa9" writable="true" hidden="false" lockType="none" onTop="false" visible="true">
      <attStyle>InputText</attStyle>
      <type>text</type>
      <style name="LnFAttributeForm">
        <DimensionStyle width="214" height="29" />
        <PositioningStyle left="391" top="407" />
        <BackgroundStyle type="color" value="255r255g255b" />
        <BorderStyle radius="0" leftColor="200r200g200b" topColor="200r200g200b" rightColor="200r200g200b" bottomColor="200r200g200b" leftStyle="solid" topStyle="solid" rightStyle="solid" bottomStyle="solid" leftWidth="1" topWidth="1" rightWidth="1" bottomWidth="1" />
        <TextStyle color="0r0g0b" hAlign="left" vAlign="center" decoration="none" line-height="0" />
        <FontStyle size="11.0" height="17">
          <family>Arial</family>
          <style name="Regular" weight="400" italic="normal" />
        </FontStyle>
        <TransparencyStyle value="0" />
        <PaddingStyle top="0" left="5" bottom="0" right="0" />
        <ShadowStyle>
          <Box enable="false" />
          <Text enable="false" />
        </ShadowStyle>
      </style>
      <defaultValue>Vendor1234</defaultValue>
      <userID>Input_25</userID>
    </attribute-form>
    <label id="c88a64cc-e07e-4050-8717-afd252d20515" singleLine="true" hidden="false" lockType="none" onTop="false" visible="true">
      <text>Type</text>
      <style name="LnFTextBox">
        <DimensionStyle width="139" height="29" />
        <PositioningStyle left="234" top="369" />
        <BackgroundStyle type="transparent" />
        <BorderStyle radius="0" leftColor="0r0g0b" topColor="0r0g0b" rightColor="0r0g0b" bottomColor="0r0g0b" leftStyle="none" topStyle="none" rightStyle="none" bottomStyle="none" leftWidth="1" topWidth="1" rightWidth="1" bottomWidth="1" />
        <TextStyle color="51r51g51b" hAlign="right" vAlign="center" decoration="none" line-height="0" />
        <FontStyle size="11.0" height="17">
          <family>Arial</family>
          <style name="Regular" weight="400" italic="normal" />
        </FontStyle>
        <TransparencyStyle value="0" />
        <PaddingStyle top="0" left="0" bottom="0" right="0" />
        <RotationStyle angle="0" />
        <ShadowStyle>
          <Box enable="false" />
          <Text enable="false" />
        </ShadowStyle>
      </style>
      <rich-text-range-list>
        <text-range text-range-start="0" text-range-end="4">
          <style name="LnFTextRange">
            <FontStyle size="11.0" height="17">
              <family>Arial</family>
              <style name="Regular" weight="400" italic="normal" />
            </FontStyle>
            <TextStyle color="51r51g51b" hAlign="right" vAlign="center" decoration="none" line-height="0" />
          </style>
        </text-range>
      </rich-text-range-list>
      <userID>Text_7</userID>
    </label>
    <label id="656e6a8c-7eac-4253-8d89-96ff1fad2639" singleLine="true" hidden="false" lockType="none" onTop="false" visible="true">
      <text>Account ID</text>
      <style name="LnFTextBox">
        <DimensionStyle width="139" height="29" />
        <PositioningStyle left="234" top="407" />
        <BackgroundStyle type="transparent" />
        <BorderStyle radius="0" leftColor="0r0g0b" topColor="0r0g0b" rightColor="0r0g0b" bottomColor="0r0g0b" leftStyle="none" topStyle="none" rightStyle="none" bottomStyle="none" leftWidth="1" topWidth="1" rightWidth="1" bottomWidth="1" />
        <TextStyle color="51r51g51b" hAlign="right" vAlign="center" decoration="none" line-height="0" />
        <FontStyle size="11.0" height="17">
          <family>Arial</family>
          <style name="Regular" weight="400" italic="normal" />
        </FontStyle>
        <TransparencyStyle value="0" />
        <PaddingStyle top="0" left="0" bottom="0" right="0" />
        <RotationStyle angle="0" />
        <ShadowStyle>
          <Box enable="false" />
          <Text enable="false" />
        </ShadowStyle>
      </style>
      <rich-text-range-list>
        <text-range text-range-start="0" text-range-end="10">
          <style name="LnFTextRange">
            <FontStyle size="11.0" height="17">
              <family>Arial</family>
              <style name="Regular" weight="400" italic="normal" />
            </FontStyle>
            <TextStyle color="51r51g51b" hAlign="right" vAlign="center" decoration="none" line-height="0" />
          </style>
        </text-range>
      </rich-text-range-list>
      <userID>Text_8</userID>
    </label>
    <label id="98358631-40e5-4dc8-86d8-d3fabdc540c1" singleLine="true" hidden="false" lockType="none" onTop="false" visible="true">
      <text>Password</text>
      <style name="LnFTextBox">
        <DimensionStyle width="139" height="29" />
        <PositioningStyle left="241" top="180" />
        <BackgroundStyle type="transparent" />
        <BorderStyle radius="0" leftColor="0r0g0b" topColor="0r0g0b" rightColor="0r0g0b" bottomColor="0r0g0b" leftStyle="none" topStyle="none" rightStyle="none" bottomStyle="none" leftWidth="1" topWidth="1" rightWidth="1" bottomWidth="1" />
        <TextStyle color="51r51g51b" hAlign="right" vAlign="center" decoration="none" line-height="0" />
        <FontStyle size="11.0" height="17">
          <family>Arial</family>
          <style name="Regular" weight="400" italic="normal" />
        </FontStyle>
        <TransparencyStyle value="0" />
        <PaddingStyle top="0" left="0" bottom="0" right="0" />
        <RotationStyle angle="0" />
        <ShadowStyle>
          <Box enable="false" />
          <Text enable="false" />
        </ShadowStyle>
      </style>
      <rich-text-range-list>
        <text-range text-range-start="0" text-range-end="8">
          <style name="LnFTextRange">
            <FontStyle size="11.0" height="17">
              <family>Arial</family>
              <style name="Regular" weight="400" italic="normal" />
            </FontStyle>
            <TextStyle color="51r51g51b" hAlign="right" vAlign="center" decoration="none" line-height="0" />
          </style>
        </text-range>
      </rich-text-range-list>
      <userID>Text_13</userID>
    </label>
    <attribute-form id="ee178af0-57bb-453f-ad0f-4d5128c3c81a" writable="true" hidden="false" lockType="none" onTop="false" visible="true">
      <attStyle>InputText</attStyle>
      <type>text</type>
      <style name="LnFAttributeForm">
        <DimensionStyle width="214" height="29" />
        <PositioningStyle left="391" top="180" />
        <BackgroundStyle type="color" value="255r255g255b" />
        <BorderStyle radius="0" leftColor="200r200g200b" topColor="200r200g200b" rightColor="200r200g200b" bottomColor="200r200g200b" leftStyle="solid" topStyle="solid" rightStyle="solid" bottomStyle="solid" leftWidth="1" topWidth="1" rightWidth="1" bottomWidth="1" />
        <TextStyle color="0r0g0b" hAlign="left" vAlign="center" decoration="none" line-height="0" />
        <FontStyle size="11.0" height="17">
          <family>Arial</family>
          <style name="Regular" weight="400" italic="normal" />
        </FontStyle>
        <TransparencyStyle value="0" />
        <PaddingStyle top="0" left="5" bottom="0" right="0" />
        <ShadowStyle>
          <Box enable="false" />
          <Text enable="false" />
        </ShadowStyle>
      </style>
      <defaultValue>********</defaultValue>
      <userID>Input_29</userID>
    </attribute-form>
    <label id="e578d370-0ba2-445e-af71-469b03507619" singleLine="true" hidden="false" lockType="bothsizes" onTop="false" visible="true">
      <text>Register</text>
      <style name="LnFTextBox">
        <DimensionStyle width="100" height="35" autofit="true" />
        <PositioningStyle left="234" top="78" />
        <BackgroundStyle type="transparent" />
        <BorderStyle radius="0" leftColor="0r0g0b" topColor="0r0g0b" rightColor="0r0g0b" bottomColor="0r0g0b" leftStyle="none" topStyle="none" rightStyle="none" bottomStyle="none" leftWidth="1" topWidth="1" rightWidth="1" bottomWidth="1" />
        <TextStyle color="51r51g51b" hAlign="left" vAlign="center" decoration="none" line-height="0" />
        <FontStyle size="20.0" height="35">
          <family>Roboto</family>
          <style name="Bold" weight="700" italic="normal" />
          <evc-file>Roboto-Bold</evc-file>
        </FontStyle>
        <TransparencyStyle value="0" />
        <PaddingStyle top="0" left="0" bottom="0" right="0" />
        <RotationStyle angle="0" />
        <ShadowStyle>
          <Box enable="false" />
          <Text enable="false" />
        </ShadowStyle>
      </style>
      <rich-text-range-list>
        <text-range text-range-start="0" text-range-end="8">
          <style name="LnFTextRange">
            <FontStyle size="20.0" height="35">
              <family>Roboto</family>
              <style name="Bold" weight="700" italic="normal" />
              <evc-file>Roboto-Bold</evc-file>
            </FontStyle>
            <TextStyle color="51r51g51b" hAlign="left" vAlign="center" decoration="none" line-height="0" />
          </style>
        </text-range>
      </rich-text-range-list>
      <userID>Text_2</userID>
    </label>
    <style name="LnFCanvas">
      <DimensionStyle width="605" height="494" />
      <PositioningStyle left="0" top="0" />
      <BackgroundStyle type="transparent" />
      <TransparencyStyle value="0" />
    </style>
  </item-group>
  <Events>
    <event id="0841d39b-2810-4067-b919-81dca056bfea" trigger="onClick">
      <case execType="serial" delayAction="0">
        <description>Case 1</description>
        <block>
          <navigateLink execType="serial" delayAction="0">
            <screen id="88221d3a-91af-46a0-9886-e77414066779">Reports List</screen>
            <type>window</type>
          </navigateLink>
        </block>
      </case>
    </event>
    <event id="4ae8b57b-c586-4ecb-a7df-f28d153fb4cd" trigger="onClick">
      <case execType="serial" delayAction="0">
        <description>Case 1</description>
        <block>
          <navigateLink execType="serial" delayAction="0">
            <screen id="88221d3a-91af-46a0-9886-e77414066779">Reports List</screen>
            <type>window</type>
          </navigateLink>
        </block>
      </case>
    </event>
  </Events>
</screen>

