<?xml version="1.0" encoding="UTF-8"?>
<screen>
  <parentCode />
  <folderPosition>3</folderPosition>
  <name>Reports List</name>
  <code>88221d3a-91af-46a0-9886-e77414066779</code>
  <templateID>f39803f7-df02-4169-93eb-7547fb8c961a</templateID>
  <date>13/02/2017 13:48:21</date>
  <note></note>
  <legend-item></legend-item>
  <pageAlignment>CENTER</pageAlignment>
  <orientation>PORTRAIT</orientation>
  <backgroundGrowth>BOTH</backgroundGrowth>
  <width>1024</width>
  <height>768</height>
  <item-group id="c7d59cb6-d84d-4144-beec-584223a417ed" visible="true">
    <rectangle id="d19d287a-ba76-4630-afb9-a99f1d307775" auto-fit="false" hidden="false" lockType="none" onTop="false" visible="true">
      <text></text>
      <style name="LnFRectangle">
        <DimensionStyle width="229" height="540" />
        <PositioningStyle left="134" top="97" />
        <BackgroundStyle type="color" value="255r255g255b" />
        <BorderStyle radius="0" leftColor="64r64g64b" topColor="64r64g64b" rightColor="64r64g64b" bottomColor="64r64g64b" leftStyle="solid" topStyle="solid" rightStyle="solid" bottomStyle="solid" leftWidth="2" topWidth="2" rightWidth="2" bottomWidth="2" />
        <TextStyle color="51r51g51b" hAlign="center" vAlign="center" decoration="none" line-height="17" />
        <FontStyle size="10.0" height="18">
          <family>Roboto</family>
          <style name="Regular" weight="400" italic="normal" />
          <evc-file>Roboto-Regular</evc-file>
        </FontStyle>
        <TransparencyStyle value="0" />
        <PaddingStyle top="0" left="0" bottom="0" right="0" />
        <RotationStyle angle="0" />
        <ShadowStyle>
          <Box enable="false" />
          <Text enable="false" />
        </ShadowStyle>
      </style>
      <rich-text-range-list>
        <text-range text-range-start="0" text-range-end="0">
          <style name="LnFTextRange">
            <FontStyle size="10.0" height="17">
              <family>Roboto</family>
              <style name="Regular" weight="400" italic="normal" />
              <evc-file>Roboto-Regular</evc-file>
            </FontStyle>
            <TextStyle color="51r51g51b" hAlign="center" vAlign="center" decoration="none" line-height="17" />
          </style>
        </text-range>
      </rich-text-range-list>
      <userID>Rectangle_1</userID>
    </rectangle>
    <rectangle id="ddbe87de-11ea-4ca5-89eb-59abc3df4c9e" auto-fit="false" hidden="false" lockType="none" onTop="false" visible="true">
      <text></text>
      <style name="LnFRectangle">
        <DimensionStyle width="21" height="19" />
        <PositioningStyle left="168" top="118" />
        <BackgroundStyle type="color" value="255r255g255b" />
        <BorderStyle radius="0" leftColor="64r64g64b" topColor="64r64g64b" rightColor="64r64g64b" bottomColor="64r64g64b" leftStyle="solid" topStyle="solid" rightStyle="solid" bottomStyle="solid" leftWidth="2" topWidth="2" rightWidth="2" bottomWidth="2" />
        <TextStyle color="51r51g51b" hAlign="center" vAlign="center" decoration="none" line-height="17" />
        <FontStyle size="10.0" height="18">
          <family>Roboto</family>
          <style name="Regular" weight="400" italic="normal" />
          <evc-file>Roboto-Regular</evc-file>
        </FontStyle>
        <TransparencyStyle value="0" />
        <PaddingStyle top="0" left="0" bottom="0" right="0" />
        <RotationStyle angle="0" />
        <ShadowStyle>
          <Box enable="false" />
          <Text enable="false" />
        </ShadowStyle>
      </style>
      <rich-text-range-list>
        <text-range text-range-start="0" text-range-end="0">
          <style name="LnFTextRange">
            <FontStyle size="10.0" height="17">
              <family>Roboto</family>
              <style name="Regular" weight="400" italic="normal" />
              <evc-file>Roboto-Regular</evc-file>
            </FontStyle>
            <TextStyle color="51r51g51b" hAlign="center" vAlign="center" decoration="none" line-height="17" />
          </style>
        </text-range>
      </rich-text-range-list>
      <userID>Rectangle_2</userID>
    </rectangle>
    <label id="5707bcc9-5632-4953-a535-25e4c1b97c3e" singleLine="true" hidden="false" lockType="bothsizes" onTop="false" visible="true">
      <text>Root</text>
      <style name="LnFTextBox">
        <DimensionStyle width="28" height="18" autofit="true" />
        <PositioningStyle left="192" top="119" />
        <BackgroundStyle type="transparent" />
        <BorderStyle radius="0" leftColor="0r0g0b" topColor="0r0g0b" rightColor="0r0g0b" bottomColor="0r0g0b" leftStyle="none" topStyle="none" rightStyle="none" bottomStyle="none" leftWidth="1" topWidth="1" rightWidth="1" bottomWidth="1" />
        <TextStyle color="51r51g51b" hAlign="left" vAlign="center" decoration="none" line-height="0" />
        <FontStyle size="10.0" height="18">
          <family>Roboto</family>
          <style name="Regular" weight="400" italic="normal" />
          <evc-file>Roboto-Regular</evc-file>
        </FontStyle>
        <TransparencyStyle value="0" />
        <PaddingStyle top="0" left="0" bottom="0" right="0" />
        <RotationStyle angle="0" />
        <ShadowStyle>
          <Box enable="false" />
          <Text enable="false" />
        </ShadowStyle>
      </style>
      <rich-text-range-list>
        <text-range text-range-start="0" text-range-end="4">
          <style name="LnFTextRange">
            <FontStyle size="10.0" height="18">
              <family>Roboto</family>
              <style name="Regular" weight="400" italic="normal" />
              <evc-file>Roboto-Regular</evc-file>
            </FontStyle>
            <TextStyle color="51r51g51b" hAlign="left" vAlign="center" decoration="none" line-height="0" />
          </style>
        </text-range>
      </rich-text-range-list>
      <userID>Text_1</userID>
    </label>
    <rectangle id="6478c5ba-d084-409d-85c9-1ec7975417c3" auto-fit="false" hidden="false" lockType="none" onTop="false" visible="true">
      <text></text>
      <style name="LnFRectangle">
        <DimensionStyle width="21" height="19" />
        <PositioningStyle left="192" top="147" />
        <BackgroundStyle type="color" value="255r255g255b" />
        <BorderStyle radius="0" leftColor="64r64g64b" topColor="64r64g64b" rightColor="64r64g64b" bottomColor="64r64g64b" leftStyle="solid" topStyle="solid" rightStyle="solid" bottomStyle="solid" leftWidth="2" topWidth="2" rightWidth="2" bottomWidth="2" />
        <TextStyle color="51r51g51b" hAlign="center" vAlign="center" decoration="none" line-height="17" />
        <FontStyle size="10.0" height="18">
          <family>Roboto</family>
          <style name="Regular" weight="400" italic="normal" />
          <evc-file>Roboto-Regular</evc-file>
        </FontStyle>
        <TransparencyStyle value="0" />
        <PaddingStyle top="0" left="0" bottom="0" right="0" />
        <RotationStyle angle="0" />
        <ShadowStyle>
          <Box enable="false" />
          <Text enable="false" />
        </ShadowStyle>
      </style>
      <rich-text-range-list>
        <text-range text-range-start="0" text-range-end="0">
          <style name="LnFTextRange">
            <FontStyle size="10.0" height="17">
              <family>Roboto</family>
              <style name="Regular" weight="400" italic="normal" />
              <evc-file>Roboto-Regular</evc-file>
            </FontStyle>
            <TextStyle color="51r51g51b" hAlign="center" vAlign="center" decoration="none" line-height="17" />
          </style>
        </text-range>
      </rich-text-range-list>
      <userID>Rectangle_3</userID>
    </rectangle>
    <label id="435f7bed-652c-4830-a49f-10e5dd360e8e" singleLine="true" hidden="false" lockType="bothsizes" onTop="false" visible="true">
      <text>Payments</text>
      <style name="LnFTextBox">
        <DimensionStyle width="59" height="18" autofit="true" />
        <PositioningStyle left="219" top="148" />
        <BackgroundStyle type="transparent" />
        <BorderStyle radius="0" leftColor="0r0g0b" topColor="0r0g0b" rightColor="0r0g0b" bottomColor="0r0g0b" leftStyle="none" topStyle="none" rightStyle="none" bottomStyle="none" leftWidth="1" topWidth="1" rightWidth="1" bottomWidth="1" />
        <TextStyle color="51r51g51b" hAlign="left" vAlign="center" decoration="none" line-height="0" />
        <FontStyle size="10.0" height="18">
          <family>Roboto</family>
          <style name="Regular" weight="400" italic="normal" />
          <evc-file>Roboto-Regular</evc-file>
        </FontStyle>
        <TransparencyStyle value="0" />
        <PaddingStyle top="0" left="0" bottom="0" right="0" />
        <RotationStyle angle="0" />
        <ShadowStyle>
          <Box enable="false" />
          <Text enable="false" />
        </ShadowStyle>
      </style>
      <rich-text-range-list>
        <text-range text-range-start="0" text-range-end="8">
          <style name="LnFTextRange">
            <FontStyle size="10.0" height="18">
              <family>Roboto</family>
              <style name="Regular" weight="400" italic="normal" />
              <evc-file>Roboto-Regular</evc-file>
            </FontStyle>
            <TextStyle color="51r51g51b" hAlign="left" vAlign="center" decoration="none" line-height="0" />
          </style>
        </text-range>
      </rich-text-range-list>
      <userID>Text_2</userID>
    </label>
    <rectangle id="5719d6a4-a3b2-4bbf-9695-a43210a23321" auto-fit="false" hidden="false" lockType="none" onTop="false" visible="true">
      <text></text>
      <style name="LnFRectangle">
        <DimensionStyle width="21" height="19" />
        <PositioningStyle left="193" top="173" />
        <BackgroundStyle type="color" value="255r255g255b" />
        <BorderStyle radius="0" leftColor="64r64g64b" topColor="64r64g64b" rightColor="64r64g64b" bottomColor="64r64g64b" leftStyle="solid" topStyle="solid" rightStyle="solid" bottomStyle="solid" leftWidth="2" topWidth="2" rightWidth="2" bottomWidth="2" />
        <TextStyle color="51r51g51b" hAlign="center" vAlign="center" decoration="none" line-height="17" />
        <FontStyle size="10.0" height="18">
          <family>Roboto</family>
          <style name="Regular" weight="400" italic="normal" />
          <evc-file>Roboto-Regular</evc-file>
        </FontStyle>
        <TransparencyStyle value="0" />
        <PaddingStyle top="0" left="0" bottom="0" right="0" />
        <RotationStyle angle="0" />
        <ShadowStyle>
          <Box enable="false" />
          <Text enable="false" />
        </ShadowStyle>
      </style>
      <rich-text-range-list>
        <text-range text-range-start="0" text-range-end="0">
          <style name="LnFTextRange">
            <FontStyle size="10.0" height="17">
              <family>Roboto</family>
              <style name="Regular" weight="400" italic="normal" />
              <evc-file>Roboto-Regular</evc-file>
            </FontStyle>
            <TextStyle color="51r51g51b" hAlign="center" vAlign="center" decoration="none" line-height="17" />
          </style>
        </text-range>
      </rich-text-range-list>
      <userID>Rectangle_4</userID>
    </rectangle>
    <label id="b36f06c1-20f6-43d9-a074-91c2bb9b7c32" singleLine="true" hidden="false" lockType="bothsizes" onTop="false" visible="true">
      <text>Employee</text>
      <style name="LnFTextBox">
        <DimensionStyle width="57" height="18" autofit="true" />
        <PositioningStyle left="220" top="174" />
        <BackgroundStyle type="transparent" />
        <BorderStyle radius="0" leftColor="0r0g0b" topColor="0r0g0b" rightColor="0r0g0b" bottomColor="0r0g0b" leftStyle="none" topStyle="none" rightStyle="none" bottomStyle="none" leftWidth="1" topWidth="1" rightWidth="1" bottomWidth="1" />
        <TextStyle color="51r51g51b" hAlign="left" vAlign="center" decoration="none" line-height="0" />
        <FontStyle size="10.0" height="18">
          <family>Roboto</family>
          <style name="Regular" weight="400" italic="normal" />
          <evc-file>Roboto-Regular</evc-file>
        </FontStyle>
        <TransparencyStyle value="0" />
        <PaddingStyle top="0" left="0" bottom="0" right="0" />
        <RotationStyle angle="0" />
        <ShadowStyle>
          <Box enable="false" />
          <Text enable="false" />
        </ShadowStyle>
      </style>
      <rich-text-range-list>
        <text-range text-range-start="0" text-range-end="8">
          <style name="LnFTextRange">
            <FontStyle size="10.0" height="18">
              <family>Roboto</family>
              <style name="Regular" weight="400" italic="normal" />
              <evc-file>Roboto-Regular</evc-file>
            </FontStyle>
            <TextStyle color="51r51g51b" hAlign="left" vAlign="center" decoration="none" line-height="0" />
          </style>
        </text-range>
      </rich-text-range-list>
      <userID>Text_3</userID>
    </label>
    <rectangle id="2c111b48-e565-4494-8c45-0edcabe9c3be" auto-fit="false" hidden="false" lockType="none" onTop="false" visible="true">
      <text></text>
      <style name="LnFRectangle">
        <DimensionStyle width="21" height="19" />
        <PositioningStyle left="192" top="197" />
        <BackgroundStyle type="color" value="255r255g255b" />
        <BorderStyle radius="0" leftColor="64r64g64b" topColor="64r64g64b" rightColor="64r64g64b" bottomColor="64r64g64b" leftStyle="solid" topStyle="solid" rightStyle="solid" bottomStyle="solid" leftWidth="2" topWidth="2" rightWidth="2" bottomWidth="2" />
        <TextStyle color="51r51g51b" hAlign="center" vAlign="center" decoration="none" line-height="17" />
        <FontStyle size="10.0" height="18">
          <family>Roboto</family>
          <style name="Regular" weight="400" italic="normal" />
          <evc-file>Roboto-Regular</evc-file>
        </FontStyle>
        <TransparencyStyle value="0" />
        <PaddingStyle top="0" left="0" bottom="0" right="0" />
        <RotationStyle angle="0" />
        <ShadowStyle>
          <Box enable="false" />
          <Text enable="false" />
        </ShadowStyle>
      </style>
      <rich-text-range-list>
        <text-range text-range-start="0" text-range-end="0">
          <style name="LnFTextRange">
            <FontStyle size="10.0" height="17">
              <family>Roboto</family>
              <style name="Regular" weight="400" italic="normal" />
              <evc-file>Roboto-Regular</evc-file>
            </FontStyle>
            <TextStyle color="51r51g51b" hAlign="center" vAlign="center" decoration="none" line-height="17" />
          </style>
        </text-range>
      </rich-text-range-list>
      <userID>Rectangle_5</userID>
    </rectangle>
    <label id="67e95e86-77c1-47fc-a2b0-b59e6fb58623" singleLine="true" hidden="false" lockType="bothsizes" onTop="false" visible="true">
      <text>Vendors</text>
      <style name="LnFTextBox">
        <DimensionStyle width="47" height="18" autofit="true" />
        <PositioningStyle left="219" top="198" />
        <BackgroundStyle type="transparent" />
        <BorderStyle radius="0" leftColor="0r0g0b" topColor="0r0g0b" rightColor="0r0g0b" bottomColor="0r0g0b" leftStyle="none" topStyle="none" rightStyle="none" bottomStyle="none" leftWidth="1" topWidth="1" rightWidth="1" bottomWidth="1" />
        <TextStyle color="51r51g51b" hAlign="left" vAlign="center" decoration="none" line-height="0" />
        <FontStyle size="10.0" height="18">
          <family>Roboto</family>
          <style name="Regular" weight="400" italic="normal" />
          <evc-file>Roboto-Regular</evc-file>
        </FontStyle>
        <TransparencyStyle value="0" />
        <PaddingStyle top="0" left="0" bottom="0" right="0" />
        <RotationStyle angle="0" />
        <ShadowStyle>
          <Box enable="false" />
          <Text enable="false" />
        </ShadowStyle>
      </style>
      <rich-text-range-list>
        <text-range text-range-start="0" text-range-end="7">
          <style name="LnFTextRange">
            <FontStyle size="10.0" height="18">
              <family>Roboto</family>
              <style name="Regular" weight="400" italic="normal" />
              <evc-file>Roboto-Regular</evc-file>
            </FontStyle>
            <TextStyle color="51r51g51b" hAlign="left" vAlign="center" decoration="none" line-height="0" />
          </style>
        </text-range>
      </rich-text-range-list>
      <userID>Text_4</userID>
    </label>
    <rectangle id="e5743fee-1ae5-49f2-a4f4-a0c88401f79a" auto-fit="false" hidden="false" lockType="none" onTop="false" visible="true">
      <text></text>
      <style name="LnFRectangle">
        <DimensionStyle width="21" height="19" />
        <PositioningStyle left="220" top="224" />
        <BackgroundStyle type="color" value="255r255g255b" />
        <BorderStyle radius="0" leftColor="64r64g64b" topColor="64r64g64b" rightColor="64r64g64b" bottomColor="64r64g64b" leftStyle="solid" topStyle="solid" rightStyle="solid" bottomStyle="solid" leftWidth="2" topWidth="2" rightWidth="2" bottomWidth="2" />
        <TextStyle color="51r51g51b" hAlign="center" vAlign="center" decoration="none" line-height="17" />
        <FontStyle size="10.0" height="18">
          <family>Roboto</family>
          <style name="Regular" weight="400" italic="normal" />
          <evc-file>Roboto-Regular</evc-file>
        </FontStyle>
        <TransparencyStyle value="0" />
        <PaddingStyle top="0" left="0" bottom="0" right="0" />
        <RotationStyle angle="0" />
        <ShadowStyle>
          <Box enable="false" />
          <Text enable="false" />
        </ShadowStyle>
      </style>
      <rich-text-range-list>
        <text-range text-range-start="0" text-range-end="0">
          <style name="LnFTextRange">
            <FontStyle size="10.0" height="17">
              <family>Roboto</family>
              <style name="Regular" weight="400" italic="normal" />
              <evc-file>Roboto-Regular</evc-file>
            </FontStyle>
            <TextStyle color="51r51g51b" hAlign="center" vAlign="center" decoration="none" line-height="17" />
          </style>
        </text-range>
      </rich-text-range-list>
      <userID>Rectangle_6</userID>
    </rectangle>
    <label id="1fcb775b-c420-44dd-985c-f1d1d63cf078" singleLine="true" hidden="false" lockType="bothsizes" onTop="false" visible="true">
      <text>Purchasing</text>
      <style name="LnFTextBox">
        <DimensionStyle width="64" height="18" autofit="true" />
        <PositioningStyle left="247" top="225" />
        <BackgroundStyle type="transparent" />
        <BorderStyle radius="0" leftColor="0r0g0b" topColor="0r0g0b" rightColor="0r0g0b" bottomColor="0r0g0b" leftStyle="none" topStyle="none" rightStyle="none" bottomStyle="none" leftWidth="1" topWidth="1" rightWidth="1" bottomWidth="1" />
        <TextStyle color="51r51g51b" hAlign="left" vAlign="center" decoration="none" line-height="0" />
        <FontStyle size="10.0" height="18">
          <family>Roboto</family>
          <style name="Regular" weight="400" italic="normal" />
          <evc-file>Roboto-Regular</evc-file>
        </FontStyle>
        <TransparencyStyle value="0" />
        <PaddingStyle top="0" left="0" bottom="0" right="0" />
        <RotationStyle angle="0" />
        <ShadowStyle>
          <Box enable="false" />
          <Text enable="false" />
        </ShadowStyle>
      </style>
      <rich-text-range-list>
        <text-range text-range-start="0" text-range-end="10">
          <style name="LnFTextRange">
            <FontStyle size="10.0" height="18">
              <family>Roboto</family>
              <style name="Regular" weight="400" italic="normal" />
              <evc-file>Roboto-Regular</evc-file>
            </FontStyle>
            <TextStyle color="51r51g51b" hAlign="left" vAlign="center" decoration="none" line-height="0" />
          </style>
        </text-range>
      </rich-text-range-list>
      <userID>Text_5</userID>
    </label>
    <rectangle id="6c791c25-83f2-4c21-a819-15ec023e985c" auto-fit="false" hidden="false" lockType="none" onTop="false" visible="true">
      <text></text>
      <style name="LnFRectangle">
        <DimensionStyle width="21" height="19" />
        <PositioningStyle left="221" top="250" />
        <BackgroundStyle type="color" value="255r255g255b" />
        <BorderStyle radius="0" leftColor="64r64g64b" topColor="64r64g64b" rightColor="64r64g64b" bottomColor="64r64g64b" leftStyle="solid" topStyle="solid" rightStyle="solid" bottomStyle="solid" leftWidth="2" topWidth="2" rightWidth="2" bottomWidth="2" />
        <TextStyle color="51r51g51b" hAlign="center" vAlign="center" decoration="none" line-height="17" />
        <FontStyle size="10.0" height="18">
          <family>Roboto</family>
          <style name="Regular" weight="400" italic="normal" />
          <evc-file>Roboto-Regular</evc-file>
        </FontStyle>
        <TransparencyStyle value="0" />
        <PaddingStyle top="0" left="0" bottom="0" right="0" />
        <RotationStyle angle="0" />
        <ShadowStyle>
          <Box enable="false" />
          <Text enable="false" />
        </ShadowStyle>
      </style>
      <rich-text-range-list>
        <text-range text-range-start="0" text-range-end="0">
          <style name="LnFTextRange">
            <FontStyle size="10.0" height="17">
              <family>Roboto</family>
              <style name="Regular" weight="400" italic="normal" />
              <evc-file>Roboto-Regular</evc-file>
            </FontStyle>
            <TextStyle color="51r51g51b" hAlign="center" vAlign="center" decoration="none" line-height="17" />
          </style>
        </text-range>
      </rich-text-range-list>
      <userID>Rectangle_7</userID>
    </rectangle>
    <label id="bee7c10c-542a-440f-9783-7a9756396462" singleLine="true" hidden="false" lockType="bothsizes" onTop="false" visible="true">
      <text>Tax</text>
      <style name="LnFTextBox">
        <DimensionStyle width="21" height="18" autofit="true" />
        <PositioningStyle left="248" top="251" />
        <BackgroundStyle type="transparent" />
        <BorderStyle radius="0" leftColor="0r0g0b" topColor="0r0g0b" rightColor="0r0g0b" bottomColor="0r0g0b" leftStyle="none" topStyle="none" rightStyle="none" bottomStyle="none" leftWidth="1" topWidth="1" rightWidth="1" bottomWidth="1" />
        <TextStyle color="51r51g51b" hAlign="left" vAlign="center" decoration="none" line-height="0" />
        <FontStyle size="10.0" height="18">
          <family>Roboto</family>
          <style name="Regular" weight="400" italic="normal" />
          <evc-file>Roboto-Regular</evc-file>
        </FontStyle>
        <TransparencyStyle value="0" />
        <PaddingStyle top="0" left="0" bottom="0" right="0" />
        <RotationStyle angle="0" />
        <ShadowStyle>
          <Box enable="false" />
          <Text enable="false" />
        </ShadowStyle>
      </style>
      <rich-text-range-list>
        <text-range text-range-start="0" text-range-end="3">
          <style name="LnFTextRange">
            <FontStyle size="10.0" height="18">
              <family>Roboto</family>
              <style name="Regular" weight="400" italic="normal" />
              <evc-file>Roboto-Regular</evc-file>
            </FontStyle>
            <TextStyle color="51r51g51b" hAlign="left" vAlign="center" decoration="none" line-height="0" />
          </style>
        </text-range>
      </rich-text-range-list>
      <userID>Text_6</userID>
    </label>
    <rectangle id="99cc6d4b-a98c-4134-b08c-d0a4b94eb9b5" auto-fit="false" hidden="false" lockType="none" onTop="false" visible="true">
      <text></text>
      <style name="LnFRectangle">
        <DimensionStyle width="21" height="19" />
        <PositioningStyle left="194" top="274" />
        <BackgroundStyle type="color" value="255r255g255b" />
        <BorderStyle radius="0" leftColor="64r64g64b" topColor="64r64g64b" rightColor="64r64g64b" bottomColor="64r64g64b" leftStyle="solid" topStyle="solid" rightStyle="solid" bottomStyle="solid" leftWidth="2" topWidth="2" rightWidth="2" bottomWidth="2" />
        <TextStyle color="51r51g51b" hAlign="center" vAlign="center" decoration="none" line-height="17" />
        <FontStyle size="10.0" height="18">
          <family>Roboto</family>
          <style name="Regular" weight="400" italic="normal" />
          <evc-file>Roboto-Regular</evc-file>
        </FontStyle>
        <TransparencyStyle value="0" />
        <PaddingStyle top="0" left="0" bottom="0" right="0" />
        <RotationStyle angle="0" />
        <ShadowStyle>
          <Box enable="false" />
          <Text enable="false" />
        </ShadowStyle>
      </style>
      <rich-text-range-list>
        <text-range text-range-start="0" text-range-end="0">
          <style name="LnFTextRange">
            <FontStyle size="10.0" height="17">
              <family>Roboto</family>
              <style name="Regular" weight="400" italic="normal" />
              <evc-file>Roboto-Regular</evc-file>
            </FontStyle>
            <TextStyle color="51r51g51b" hAlign="center" vAlign="center" decoration="none" line-height="17" />
          </style>
        </text-range>
      </rich-text-range-list>
      <userID>Rectangle_8</userID>
    </rectangle>
    <label id="a19bbcec-4438-43c3-960b-66bfbdf8766b" singleLine="true" hidden="false" lockType="bothsizes" onTop="false" visible="true">
      <text>Customers</text>
      <style name="LnFTextBox">
        <DimensionStyle width="63" height="18" autofit="true" />
        <PositioningStyle left="221" top="275" />
        <BackgroundStyle type="transparent" />
        <BorderStyle radius="0" leftColor="0r0g0b" topColor="0r0g0b" rightColor="0r0g0b" bottomColor="0r0g0b" leftStyle="none" topStyle="none" rightStyle="none" bottomStyle="none" leftWidth="1" topWidth="1" rightWidth="1" bottomWidth="1" />
        <TextStyle color="51r51g51b" hAlign="left" vAlign="center" decoration="none" line-height="0" />
        <FontStyle size="10.0" height="18">
          <family>Roboto</family>
          <style name="Regular" weight="400" italic="normal" />
          <evc-file>Roboto-Regular</evc-file>
        </FontStyle>
        <TransparencyStyle value="0" />
        <PaddingStyle top="0" left="0" bottom="0" right="0" />
        <RotationStyle angle="0" />
        <ShadowStyle>
          <Box enable="false" />
          <Text enable="false" />
        </ShadowStyle>
      </style>
      <rich-text-range-list>
        <text-range text-range-start="0" text-range-end="9">
          <style name="LnFTextRange">
            <FontStyle size="10.0" height="18">
              <family>Roboto</family>
              <style name="Regular" weight="400" italic="normal" />
              <evc-file>Roboto-Regular</evc-file>
            </FontStyle>
            <TextStyle color="51r51g51b" hAlign="left" vAlign="center" decoration="none" line-height="0" />
          </style>
        </text-range>
      </rich-text-range-list>
      <userID>Text_7</userID>
    </label>
    <textTable id="328c05c1-206b-47a5-864f-a3677fc22b03" numColumns="3" numRows="6" hidden="false" lockType="none" onTop="false" visible="true">
      <textCell id="e4470cf4-b443-4d6f-b56d-9e912414e9fe" column="0" row="0" colspan="1" rowspan="1">
        <userID>Text_cell_1</userID>
        <text>No.</text>
        <style name="LnFTextCell">
          <DimensionStyle width="81" height="34" />
          <PositioningStyle left="0" top="0" />
          <BackgroundStyle type="transparent" />
          <BorderStyle radius="0" leftColor="221r221g221b" topColor="221r221g221b" rightColor="221r221g221b" bottomColor="221r221g221b" leftStyle="none" topStyle="none" rightStyle="solid" bottomStyle="solid" leftWidth="1" topWidth="1" rightWidth="1" bottomWidth="1" />
          <TextStyle color="51r51g51b" hAlign="left" vAlign="center" decoration="none" line-height="14" />
          <FontStyle size="10.0" height="18">
            <family>Roboto</family>
            <style name="Regular" weight="400" italic="normal" />
            <evc-file>Roboto-Regular</evc-file>
          </FontStyle>
          <TransparencyStyle value="0" />
          <PaddingStyle top="0" left="12" bottom="0" right="0" />
          <ShadowStyle>
            <Text enable="false" />
          </ShadowStyle>
        </style>
        <rich-text-range-list>
          <text-range text-range-start="0" text-range-end="3">
            <style name="LnFTextRange">
              <FontStyle size="10.0" height="18">
                <family>Roboto</family>
                <style name="Regular" weight="400" italic="normal" />
                <evc-file>Roboto-Regular</evc-file>
              </FontStyle>
              <TextStyle color="51r51g51b" hAlign="left" vAlign="center" decoration="none" line-height="14" />
            </style>
          </text-range>
        </rich-text-range-list>
      </textCell>
      <textCell id="7aee1179-b9f2-4134-bd7c-808488ff4ace" column="1" row="0" colspan="1" rowspan="1">
        <userID>Text_cell_4</userID>
        <text>Name</text>
        <style name="LnFTextCell">
          <DimensionStyle width="244" height="34" />
          <PositioningStyle left="81" top="0" />
          <BackgroundStyle type="transparent" />
          <BorderStyle radius="0" leftColor="221r221g221b" topColor="221r221g221b" rightColor="221r221g221b" bottomColor="221r221g221b" leftStyle="none" topStyle="none" rightStyle="solid" bottomStyle="solid" leftWidth="1" topWidth="1" rightWidth="1" bottomWidth="1" />
          <TextStyle color="51r51g51b" hAlign="left" vAlign="center" decoration="none" line-height="14" />
          <FontStyle size="10.0" height="18">
            <family>Roboto</family>
            <style name="Regular" weight="400" italic="normal" />
            <evc-file>Roboto-Regular</evc-file>
          </FontStyle>
          <TransparencyStyle value="0" />
          <PaddingStyle top="0" left="12" bottom="0" right="0" />
          <ShadowStyle>
            <Text enable="false" />
          </ShadowStyle>
        </style>
        <rich-text-range-list>
          <text-range text-range-start="0" text-range-end="4">
            <style name="LnFTextRange">
              <FontStyle size="10.0" height="18">
                <family>Roboto</family>
                <style name="Regular" weight="400" italic="normal" />
                <evc-file>Roboto-Regular</evc-file>
              </FontStyle>
              <TextStyle color="51r51g51b" hAlign="left" vAlign="center" decoration="none" line-height="14" />
            </style>
          </text-range>
        </rich-text-range-list>
      </textCell>
      <textCell id="c87f711e-8e4f-4319-95d2-a43aa4dba0c8" column="2" row="0" colspan="1" rowspan="1">
        <userID>Text_cell_7</userID>
        <text>Date</text>
        <style name="LnFTextCell">
          <DimensionStyle width="178" height="34" />
          <PositioningStyle left="325" top="0" />
          <BackgroundStyle type="transparent" />
          <BorderStyle radius="0" leftColor="221r221g221b" topColor="221r221g221b" rightColor="221r221g221b" bottomColor="221r221g221b" leftStyle="none" topStyle="none" rightStyle="solid" bottomStyle="solid" leftWidth="1" topWidth="1" rightWidth="1" bottomWidth="1" />
          <TextStyle color="51r51g51b" hAlign="left" vAlign="center" decoration="none" line-height="14" />
          <FontStyle size="10.0" height="18">
            <family>Roboto</family>
            <style name="Regular" weight="400" italic="normal" />
            <evc-file>Roboto-Regular</evc-file>
          </FontStyle>
          <TransparencyStyle value="0" />
          <PaddingStyle top="0" left="12" bottom="0" right="0" />
          <ShadowStyle>
            <Text enable="false" />
          </ShadowStyle>
        </style>
        <rich-text-range-list>
          <text-range text-range-start="0" text-range-end="4">
            <style name="LnFTextRange">
              <FontStyle size="10.0" height="18">
                <family>Roboto</family>
                <style name="Regular" weight="400" italic="normal" />
                <evc-file>Roboto-Regular</evc-file>
              </FontStyle>
              <TextStyle color="51r51g51b" hAlign="left" vAlign="center" decoration="none" line-height="14" />
            </style>
          </text-range>
        </rich-text-range-list>
      </textCell>
      <textCell id="c79fea99-f463-46c7-87e8-544167cfcb46" column="0" row="1" colspan="1" rowspan="1">
        <userID>Text_cell_2</userID>
        <text>1</text>
        <style name="LnFTextCell">
          <DimensionStyle width="81" height="34" />
          <PositioningStyle left="0" top="34" />
          <BackgroundStyle type="transparent" />
          <BorderStyle radius="0" leftColor="221r221g221b" topColor="221r221g221b" rightColor="221r221g221b" bottomColor="221r221g221b" leftStyle="none" topStyle="none" rightStyle="solid" bottomStyle="solid" leftWidth="1" topWidth="1" rightWidth="1" bottomWidth="1" />
          <TextStyle color="51r51g51b" hAlign="left" vAlign="center" decoration="none" line-height="14" />
          <FontStyle size="10.0" height="18">
            <family>Roboto</family>
            <style name="Regular" weight="400" italic="normal" />
            <evc-file>Roboto-Regular</evc-file>
          </FontStyle>
          <TransparencyStyle value="0" />
          <PaddingStyle top="0" left="12" bottom="0" right="0" />
          <ShadowStyle>
            <Text enable="false" />
          </ShadowStyle>
        </style>
        <rich-text-range-list>
          <text-range text-range-start="0" text-range-end="1">
            <style name="LnFTextRange">
              <FontStyle size="10.0" height="18">
                <family>Roboto</family>
                <style name="Regular" weight="400" italic="normal" />
                <evc-file>Roboto-Regular</evc-file>
              </FontStyle>
              <TextStyle color="51r51g51b" hAlign="left" vAlign="center" decoration="none" line-height="14" />
            </style>
          </text-range>
        </rich-text-range-list>
      </textCell>
      <textCell id="0462ccc1-9d0d-426f-8640-651791965e4f" column="1" row="1" colspan="1" rowspan="1">
        <userID>Text_cell_5</userID>
        <text>Default Report</text>
        <style name="LnFTextCell">
          <DimensionStyle width="244" height="34" />
          <PositioningStyle left="81" top="34" />
          <BackgroundStyle type="transparent" />
          <BorderStyle radius="0" leftColor="221r221g221b" topColor="221r221g221b" rightColor="221r221g221b" bottomColor="221r221g221b" leftStyle="none" topStyle="none" rightStyle="solid" bottomStyle="solid" leftWidth="1" topWidth="1" rightWidth="1" bottomWidth="1" />
          <TextStyle color="51r51g51b" hAlign="left" vAlign="center" decoration="none" line-height="14" />
          <FontStyle size="10.0" height="18">
            <family>Roboto</family>
            <style name="Regular" weight="400" italic="normal" />
            <evc-file>Roboto-Regular</evc-file>
          </FontStyle>
          <TransparencyStyle value="0" />
          <PaddingStyle top="0" left="12" bottom="0" right="0" />
          <ShadowStyle>
            <Text enable="false" />
          </ShadowStyle>
        </style>
        <rich-text-range-list>
          <text-range text-range-start="0" text-range-end="14">
            <style name="LnFTextRange">
              <FontStyle size="10.0" height="18">
                <family>Roboto</family>
                <style name="Regular" weight="400" italic="normal" />
                <evc-file>Roboto-Regular</evc-file>
              </FontStyle>
              <TextStyle color="51r51g51b" hAlign="left" vAlign="center" decoration="none" line-height="14" />
            </style>
          </text-range>
        </rich-text-range-list>
      </textCell>
      <textCell id="7942f350-94e5-471f-aa05-b84fad89957f" column="2" row="1" colspan="1" rowspan="1">
        <userID>Text_cell_8</userID>
        <text>2017-02-28</text>
        <style name="LnFTextCell">
          <DimensionStyle width="178" height="34" />
          <PositioningStyle left="325" top="34" />
          <BackgroundStyle type="transparent" />
          <BorderStyle radius="0" leftColor="221r221g221b" topColor="221r221g221b" rightColor="221r221g221b" bottomColor="221r221g221b" leftStyle="none" topStyle="none" rightStyle="solid" bottomStyle="solid" leftWidth="1" topWidth="1" rightWidth="1" bottomWidth="1" />
          <TextStyle color="51r51g51b" hAlign="left" vAlign="center" decoration="none" line-height="14" />
          <FontStyle size="10.0" height="18">
            <family>Roboto</family>
            <style name="Regular" weight="400" italic="normal" />
            <evc-file>Roboto-Regular</evc-file>
          </FontStyle>
          <TransparencyStyle value="0" />
          <PaddingStyle top="0" left="12" bottom="0" right="0" />
          <ShadowStyle>
            <Text enable="false" />
          </ShadowStyle>
        </style>
        <rich-text-range-list>
          <text-range text-range-start="0" text-range-end="10">
            <style name="LnFTextRange">
              <FontStyle size="10.0" height="18">
                <family>Roboto</family>
                <style name="Regular" weight="400" italic="normal" />
                <evc-file>Roboto-Regular</evc-file>
              </FontStyle>
              <TextStyle color="51r51g51b" hAlign="left" vAlign="center" decoration="none" line-height="14" />
            </style>
          </text-range>
        </rich-text-range-list>
      </textCell>
      <textCell id="c906d43a-5fc4-4c66-bbf1-a6cfc8cc2d8d" column="0" row="2" colspan="1" rowspan="1">
        <userID>Text_cell_3</userID>
        <text>2</text>
        <style name="LnFTextCell">
          <DimensionStyle width="81" height="34" />
          <PositioningStyle left="0" top="68" />
          <BackgroundStyle type="transparent" />
          <BorderStyle radius="0" leftColor="221r221g221b" topColor="221r221g221b" rightColor="221r221g221b" bottomColor="221r221g221b" leftStyle="none" topStyle="none" rightStyle="solid" bottomStyle="solid" leftWidth="1" topWidth="1" rightWidth="1" bottomWidth="1" />
          <TextStyle color="51r51g51b" hAlign="left" vAlign="center" decoration="none" line-height="14" />
          <FontStyle size="10.0" height="18">
            <family>Roboto</family>
            <style name="Regular" weight="400" italic="normal" />
            <evc-file>Roboto-Regular</evc-file>
          </FontStyle>
          <TransparencyStyle value="0" />
          <PaddingStyle top="0" left="12" bottom="0" right="0" />
          <ShadowStyle>
            <Text enable="false" />
          </ShadowStyle>
        </style>
        <rich-text-range-list>
          <text-range text-range-start="0" text-range-end="1">
            <style name="LnFTextRange">
              <FontStyle size="10.0" height="18">
                <family>Roboto</family>
                <style name="Regular" weight="400" italic="normal" />
                <evc-file>Roboto-Regular</evc-file>
              </FontStyle>
              <TextStyle color="51r51g51b" hAlign="left" vAlign="center" decoration="none" line-height="14" />
            </style>
          </text-range>
        </rich-text-range-list>
      </textCell>
      <textCell id="5deea2ac-aecd-4991-abe1-8c45665f2ee8" column="1" row="2" colspan="1" rowspan="1">
        <userID>Text_cell_6</userID>
        <text>Salary Report</text>
        <style name="LnFTextCell">
          <DimensionStyle width="244" height="34" />
          <PositioningStyle left="81" top="68" />
          <BackgroundStyle type="transparent" />
          <BorderStyle radius="0" leftColor="221r221g221b" topColor="221r221g221b" rightColor="221r221g221b" bottomColor="221r221g221b" leftStyle="none" topStyle="none" rightStyle="solid" bottomStyle="solid" leftWidth="1" topWidth="1" rightWidth="1" bottomWidth="1" />
          <TextStyle color="51r51g51b" hAlign="left" vAlign="center" decoration="none" line-height="14" />
          <FontStyle size="10.0" height="18">
            <family>Roboto</family>
            <style name="Regular" weight="400" italic="normal" />
            <evc-file>Roboto-Regular</evc-file>
          </FontStyle>
          <TransparencyStyle value="0" />
          <PaddingStyle top="0" left="12" bottom="0" right="0" />
          <ShadowStyle>
            <Text enable="false" />
          </ShadowStyle>
        </style>
        <rich-text-range-list>
          <text-range text-range-start="0" text-range-end="13">
            <style name="LnFTextRange">
              <FontStyle size="10.0" height="18">
                <family>Roboto</family>
                <style name="Regular" weight="400" italic="normal" />
                <evc-file>Roboto-Regular</evc-file>
              </FontStyle>
              <TextStyle color="51r51g51b" hAlign="left" vAlign="center" decoration="none" line-height="14" />
            </style>
          </text-range>
        </rich-text-range-list>
      </textCell>
      <textCell id="553b706e-8959-42c3-a817-27aea1bb7bb4" column="2" row="2" colspan="1" rowspan="1">
        <userID>Text_cell_9</userID>
        <text>2017-02-28</text>
        <style name="LnFTextCell">
          <DimensionStyle width="178" height="34" />
          <PositioningStyle left="325" top="68" />
          <BackgroundStyle type="transparent" />
          <BorderStyle radius="0" leftColor="221r221g221b" topColor="221r221g221b" rightColor="221r221g221b" bottomColor="221r221g221b" leftStyle="none" topStyle="none" rightStyle="solid" bottomStyle="solid" leftWidth="1" topWidth="1" rightWidth="1" bottomWidth="1" />
          <TextStyle color="51r51g51b" hAlign="left" vAlign="center" decoration="none" line-height="14" />
          <FontStyle size="10.0" height="18">
            <family>Roboto</family>
            <style name="Regular" weight="400" italic="normal" />
            <evc-file>Roboto-Regular</evc-file>
          </FontStyle>
          <TransparencyStyle value="0" />
          <PaddingStyle top="0" left="12" bottom="0" right="0" />
          <ShadowStyle>
            <Text enable="false" />
          </ShadowStyle>
        </style>
        <rich-text-range-list>
          <text-range text-range-start="0" text-range-end="10">
            <style name="LnFTextRange">
              <FontStyle size="10.0" height="0">
                <family>Roboto</family>
                <style name="Regular" weight="400" italic="normal" />
                <evc-file>Roboto-Regular</evc-file>
              </FontStyle>
              <TextStyle color="51r51g51b" hAlign="left" vAlign="center" decoration="none" line-height="14" />
            </style>
          </text-range>
        </rich-text-range-list>
      </textCell>
      <textCell id="d9531f6d-432f-42c8-bb90-d2da25814bae" column="0" row="3" colspan="1" rowspan="1">
        <userID>Text_cell_10</userID>
        <text>3</text>
        <style name="LnFTextCell">
          <DimensionStyle width="81" height="34" />
          <PositioningStyle left="0" top="102" />
          <BackgroundStyle type="transparent" />
          <BorderStyle radius="0" leftColor="221r221g221b" topColor="221r221g221b" rightColor="221r221g221b" bottomColor="221r221g221b" leftStyle="none" topStyle="none" rightStyle="solid" bottomStyle="solid" leftWidth="1" topWidth="1" rightWidth="1" bottomWidth="1" />
          <TextStyle color="51r51g51b" hAlign="left" vAlign="center" decoration="none" line-height="14" />
          <FontStyle size="10.0" height="18">
            <family>Roboto</family>
            <style name="Regular" weight="400" italic="normal" />
            <evc-file>Roboto-Regular</evc-file>
          </FontStyle>
          <TransparencyStyle value="0" />
          <PaddingStyle top="0" left="12" bottom="0" right="0" />
          <ShadowStyle>
            <Text enable="false" />
          </ShadowStyle>
        </style>
        <rich-text-range-list>
          <text-range text-range-start="0" text-range-end="1">
            <style name="LnFTextRange">
              <FontStyle size="10.0" height="18">
                <family>Roboto</family>
                <style name="Regular" weight="400" italic="normal" />
                <evc-file>Roboto-Regular</evc-file>
              </FontStyle>
              <TextStyle color="51r51g51b" hAlign="left" vAlign="center" decoration="none" line-height="14" />
            </style>
          </text-range>
        </rich-text-range-list>
      </textCell>
      <textCell id="b4d624bc-0444-4c93-8b88-d2af9d93fd37" column="1" row="3" colspan="1" rowspan="1">
        <userID>Text_cell_11</userID>
        <text>Employee Report</text>
        <style name="LnFTextCell">
          <DimensionStyle width="244" height="34" />
          <PositioningStyle left="81" top="102" />
          <BackgroundStyle type="transparent" />
          <BorderStyle radius="0" leftColor="221r221g221b" topColor="221r221g221b" rightColor="221r221g221b" bottomColor="221r221g221b" leftStyle="none" topStyle="none" rightStyle="solid" bottomStyle="solid" leftWidth="1" topWidth="1" rightWidth="1" bottomWidth="1" />
          <TextStyle color="51r51g51b" hAlign="left" vAlign="center" decoration="none" line-height="14" />
          <FontStyle size="10.0" height="18">
            <family>Roboto</family>
            <style name="Regular" weight="400" italic="normal" />
            <evc-file>Roboto-Regular</evc-file>
          </FontStyle>
          <TransparencyStyle value="0" />
          <PaddingStyle top="0" left="12" bottom="0" right="0" />
          <ShadowStyle>
            <Text enable="false" />
          </ShadowStyle>
        </style>
        <rich-text-range-list>
          <text-range text-range-start="0" text-range-end="15">
            <style name="LnFTextRange">
              <FontStyle size="10.0" height="18">
                <family>Roboto</family>
                <style name="Regular" weight="400" italic="normal" />
                <evc-file>Roboto-Regular</evc-file>
              </FontStyle>
              <TextStyle color="51r51g51b" hAlign="left" vAlign="center" decoration="none" line-height="14" />
            </style>
          </text-range>
        </rich-text-range-list>
      </textCell>
      <textCell id="8bd44d7f-d461-487c-bec2-9d4d4dfdc02f" column="2" row="3" colspan="1" rowspan="1">
        <userID>Text_cell_12</userID>
        <text>2017-02-28</text>
        <style name="LnFTextCell">
          <DimensionStyle width="178" height="34" />
          <PositioningStyle left="325" top="102" />
          <BackgroundStyle type="transparent" />
          <BorderStyle radius="0" leftColor="221r221g221b" topColor="221r221g221b" rightColor="221r221g221b" bottomColor="221r221g221b" leftStyle="none" topStyle="none" rightStyle="solid" bottomStyle="solid" leftWidth="1" topWidth="1" rightWidth="1" bottomWidth="1" />
          <TextStyle color="51r51g51b" hAlign="left" vAlign="center" decoration="none" line-height="14" />
          <FontStyle size="10.0" height="18">
            <family>Roboto</family>
            <style name="Regular" weight="400" italic="normal" />
            <evc-file>Roboto-Regular</evc-file>
          </FontStyle>
          <TransparencyStyle value="0" />
          <PaddingStyle top="0" left="12" bottom="0" right="0" />
          <ShadowStyle>
            <Text enable="false" />
          </ShadowStyle>
        </style>
        <rich-text-range-list>
          <text-range text-range-start="0" text-range-end="10">
            <style name="LnFTextRange">
              <FontStyle size="10.0" height="0">
                <family>Roboto</family>
                <style name="Regular" weight="400" italic="normal" />
                <evc-file>Roboto-Regular</evc-file>
              </FontStyle>
              <TextStyle color="51r51g51b" hAlign="left" vAlign="center" decoration="none" line-height="14" />
            </style>
          </text-range>
        </rich-text-range-list>
      </textCell>
      <textCell id="01b330b3-8a81-489f-a85d-e822f595474d" column="0" row="4" colspan="1" rowspan="1">
        <userID>Text_cell_16</userID>
        <text>4</text>
        <style name="LnFTextCell">
          <DimensionStyle width="81" height="34" />
          <PositioningStyle left="0" top="136" />
          <BackgroundStyle type="transparent" />
          <BorderStyle radius="0" leftColor="221r221g221b" topColor="221r221g221b" rightColor="221r221g221b" bottomColor="221r221g221b" leftStyle="none" topStyle="none" rightStyle="solid" bottomStyle="solid" leftWidth="1" topWidth="1" rightWidth="1" bottomWidth="1" />
          <TextStyle color="51r51g51b" hAlign="left" vAlign="center" decoration="none" line-height="14" />
          <FontStyle size="10.0" height="18">
            <family>Roboto</family>
            <style name="Regular" weight="400" italic="normal" />
            <evc-file>Roboto-Regular</evc-file>
          </FontStyle>
          <TransparencyStyle value="0" />
          <PaddingStyle top="0" left="12" bottom="0" right="0" />
          <ShadowStyle>
            <Text enable="false" />
          </ShadowStyle>
        </style>
        <rich-text-range-list>
          <text-range text-range-start="0" text-range-end="1">
            <style name="LnFTextRange">
              <FontStyle size="10.0" height="18">
                <family>Roboto</family>
                <style name="Regular" weight="400" italic="normal" />
                <evc-file>Roboto-Regular</evc-file>
              </FontStyle>
              <TextStyle color="51r51g51b" hAlign="left" vAlign="center" decoration="none" line-height="14" />
            </style>
          </text-range>
        </rich-text-range-list>
      </textCell>
      <textCell id="808c7e43-9116-45ca-aed7-19fcdc8ad148" column="1" row="4" colspan="1" rowspan="1">
        <userID>Text_cell_17</userID>
        <text>Employee Report</text>
        <style name="LnFTextCell">
          <DimensionStyle width="244" height="34" />
          <PositioningStyle left="81" top="136" />
          <BackgroundStyle type="transparent" />
          <BorderStyle radius="0" leftColor="221r221g221b" topColor="221r221g221b" rightColor="221r221g221b" bottomColor="221r221g221b" leftStyle="none" topStyle="none" rightStyle="solid" bottomStyle="solid" leftWidth="1" topWidth="1" rightWidth="1" bottomWidth="1" />
          <TextStyle color="51r51g51b" hAlign="left" vAlign="center" decoration="none" line-height="14" />
          <FontStyle size="10.0" height="18">
            <family>Roboto</family>
            <style name="Regular" weight="400" italic="normal" />
            <evc-file>Roboto-Regular</evc-file>
          </FontStyle>
          <TransparencyStyle value="0" />
          <PaddingStyle top="0" left="12" bottom="0" right="0" />
          <ShadowStyle>
            <Text enable="false" />
          </ShadowStyle>
        </style>
        <rich-text-range-list>
          <text-range text-range-start="0" text-range-end="15">
            <style name="LnFTextRange">
              <FontStyle size="10.0" height="0">
                <family>Roboto</family>
                <style name="Regular" weight="400" italic="normal" />
                <evc-file>Roboto-Regular</evc-file>
              </FontStyle>
              <TextStyle color="51r51g51b" hAlign="left" vAlign="center" decoration="none" line-height="14" />
            </style>
          </text-range>
        </rich-text-range-list>
      </textCell>
      <textCell id="8202af09-9c98-4310-a63d-97f2a311a2a1" column="2" row="4" colspan="1" rowspan="1">
        <userID>Text_cell_18</userID>
        <text>2017-02-28</text>
        <style name="LnFTextCell">
          <DimensionStyle width="178" height="34" />
          <PositioningStyle left="325" top="136" />
          <BackgroundStyle type="transparent" />
          <BorderStyle radius="0" leftColor="221r221g221b" topColor="221r221g221b" rightColor="221r221g221b" bottomColor="221r221g221b" leftStyle="none" topStyle="none" rightStyle="solid" bottomStyle="solid" leftWidth="1" topWidth="1" rightWidth="1" bottomWidth="1" />
          <TextStyle color="51r51g51b" hAlign="left" vAlign="center" decoration="none" line-height="14" />
          <FontStyle size="10.0" height="18">
            <family>Roboto</family>
            <style name="Regular" weight="400" italic="normal" />
            <evc-file>Roboto-Regular</evc-file>
          </FontStyle>
          <TransparencyStyle value="0" />
          <PaddingStyle top="0" left="12" bottom="0" right="0" />
          <ShadowStyle>
            <Text enable="false" />
          </ShadowStyle>
        </style>
        <rich-text-range-list>
          <text-range text-range-start="0" text-range-end="10">
            <style name="LnFTextRange">
              <FontStyle size="10.0" height="0">
                <family>Roboto</family>
                <style name="Regular" weight="400" italic="normal" />
                <evc-file>Roboto-Regular</evc-file>
              </FontStyle>
              <TextStyle color="51r51g51b" hAlign="left" vAlign="center" decoration="none" line-height="14" />
            </style>
          </text-range>
        </rich-text-range-list>
      </textCell>
      <textCell id="b6942463-6e47-4ae2-bd6d-ab4c007790bb" column="0" row="5" colspan="1" rowspan="1">
        <userID>Text_cell_13</userID>
        <text>5</text>
        <style name="LnFTextCell">
          <DimensionStyle width="81" height="34" />
          <PositioningStyle left="0" top="170" />
          <BackgroundStyle type="transparent" />
          <BorderStyle radius="0" leftColor="221r221g221b" topColor="221r221g221b" rightColor="221r221g221b" bottomColor="221r221g221b" leftStyle="none" topStyle="none" rightStyle="solid" bottomStyle="solid" leftWidth="1" topWidth="1" rightWidth="1" bottomWidth="1" />
          <TextStyle color="51r51g51b" hAlign="left" vAlign="center" decoration="none" line-height="14" />
          <FontStyle size="10.0" height="18">
            <family>Roboto</family>
            <style name="Regular" weight="400" italic="normal" />
            <evc-file>Roboto-Regular</evc-file>
          </FontStyle>
          <TransparencyStyle value="0" />
          <PaddingStyle top="0" left="12" bottom="0" right="0" />
          <ShadowStyle>
            <Text enable="false" />
          </ShadowStyle>
        </style>
        <rich-text-range-list>
          <text-range text-range-start="0" text-range-end="1">
            <style name="LnFTextRange">
              <FontStyle size="10.0" height="18">
                <family>Roboto</family>
                <style name="Regular" weight="400" italic="normal" />
                <evc-file>Roboto-Regular</evc-file>
              </FontStyle>
              <TextStyle color="51r51g51b" hAlign="left" vAlign="center" decoration="none" line-height="14" />
            </style>
          </text-range>
        </rich-text-range-list>
      </textCell>
      <textCell id="2ebccbe1-cdd4-4909-87bb-18fdf54d5f5e" column="1" row="5" colspan="1" rowspan="1">
        <userID>Text_cell_14</userID>
        <text>Employee Report</text>
        <style name="LnFTextCell">
          <DimensionStyle width="244" height="34" />
          <PositioningStyle left="81" top="170" />
          <BackgroundStyle type="transparent" />
          <BorderStyle radius="0" leftColor="221r221g221b" topColor="221r221g221b" rightColor="221r221g221b" bottomColor="221r221g221b" leftStyle="none" topStyle="none" rightStyle="solid" bottomStyle="solid" leftWidth="1" topWidth="1" rightWidth="1" bottomWidth="1" />
          <TextStyle color="51r51g51b" hAlign="left" vAlign="center" decoration="none" line-height="14" />
          <FontStyle size="10.0" height="18">
            <family>Roboto</family>
            <style name="Regular" weight="400" italic="normal" />
            <evc-file>Roboto-Regular</evc-file>
          </FontStyle>
          <TransparencyStyle value="0" />
          <PaddingStyle top="0" left="12" bottom="0" right="0" />
          <ShadowStyle>
            <Text enable="false" />
          </ShadowStyle>
        </style>
        <rich-text-range-list>
          <text-range text-range-start="0" text-range-end="15">
            <style name="LnFTextRange">
              <FontStyle size="10.0" height="0">
                <family>Roboto</family>
                <style name="Regular" weight="400" italic="normal" />
                <evc-file>Roboto-Regular</evc-file>
              </FontStyle>
              <TextStyle color="51r51g51b" hAlign="left" vAlign="center" decoration="none" line-height="14" />
            </style>
          </text-range>
        </rich-text-range-list>
      </textCell>
      <textCell id="184993b8-2be3-4b04-9fe5-0972cff802d0" column="2" row="5" colspan="1" rowspan="1">
        <userID>Text_cell_15</userID>
        <text>2017-02-28</text>
        <style name="LnFTextCell">
          <DimensionStyle width="178" height="34" />
          <PositioningStyle left="325" top="170" />
          <BackgroundStyle type="transparent" />
          <BorderStyle radius="0" leftColor="221r221g221b" topColor="221r221g221b" rightColor="221r221g221b" bottomColor="221r221g221b" leftStyle="none" topStyle="none" rightStyle="solid" bottomStyle="solid" leftWidth="1" topWidth="1" rightWidth="1" bottomWidth="1" />
          <TextStyle color="51r51g51b" hAlign="left" vAlign="center" decoration="none" line-height="14" />
          <FontStyle size="10.0" height="18">
            <family>Roboto</family>
            <style name="Regular" weight="400" italic="normal" />
            <evc-file>Roboto-Regular</evc-file>
          </FontStyle>
          <TransparencyStyle value="0" />
          <PaddingStyle top="0" left="12" bottom="0" right="0" />
          <ShadowStyle>
            <Text enable="false" />
          </ShadowStyle>
        </style>
        <rich-text-range-list>
          <text-range text-range-start="0" text-range-end="10">
            <style name="LnFTextRange">
              <FontStyle size="10.0" height="0">
                <family>Roboto</family>
                <style name="Regular" weight="400" italic="normal" />
                <evc-file>Roboto-Regular</evc-file>
              </FontStyle>
              <TextStyle color="51r51g51b" hAlign="left" vAlign="center" decoration="none" line-height="14" />
            </style>
          </text-range>
        </rich-text-range-list>
      </textCell>
      <style name="LnFTextTable">
        <DimensionStyle width="504" height="205" />
        <PositioningStyle left="434" top="143" />
        <BackgroundStyle type="color" value="255r255g255b" />
        <BorderStyle radius="0" leftColor="221r221g221b" topColor="221r221g221b" rightColor="221r221g221b" bottomColor="221r221g221b" leftStyle="solid" topStyle="solid" rightStyle="none" bottomStyle="none" leftWidth="1" topWidth="1" rightWidth="1" bottomWidth="1" />
        <TableStyle hSpacing="0" vSpacing="0" />
        <TransparencyStyle value="0" />
        <ShadowStyle>
          <Box enable="false" />
        </ShadowStyle>
      </style>
      <userID>Table_1</userID>
    </textTable>
    <label id="cb420e67-e2c2-4741-a13d-aed4ae49138c" singleLine="true" hidden="false" lockType="bothsizes" onTop="false" visible="true">
      <text>Reports List</text>
      <style name="LnFTextBox">
        <DimensionStyle width="146" height="35" autofit="true" />
        <PositioningStyle left="158" top="40" />
        <BackgroundStyle type="transparent" />
        <BorderStyle radius="0" leftColor="0r0g0b" topColor="0r0g0b" rightColor="0r0g0b" bottomColor="0r0g0b" leftStyle="none" topStyle="none" rightStyle="none" bottomStyle="none" leftWidth="1" topWidth="1" rightWidth="1" bottomWidth="1" />
        <TextStyle color="51r51g51b" hAlign="left" vAlign="center" decoration="none" line-height="0" />
        <FontStyle size="20.0" height="35">
          <family>Roboto</family>
          <style name="Bold" weight="700" italic="normal" />
          <evc-file>Roboto-Bold</evc-file>
        </FontStyle>
        <TransparencyStyle value="0" />
        <PaddingStyle top="0" left="0" bottom="0" right="0" />
        <RotationStyle angle="0" />
        <ShadowStyle>
          <Box enable="false" />
          <Text enable="false" />
        </ShadowStyle>
      </style>
      <rich-text-range-list>
        <text-range text-range-start="0" text-range-end="12">
          <style name="LnFTextRange">
            <FontStyle size="20.0" height="35">
              <family>Roboto</family>
              <style name="Bold" weight="700" italic="normal" />
              <evc-file>Roboto-Bold</evc-file>
            </FontStyle>
            <TextStyle color="51r51g51b" hAlign="left" vAlign="center" decoration="none" line-height="0" />
          </style>
        </text-range>
      </rich-text-range-list>
      <userID>Text_8</userID>
    </label>
    <style name="LnFCanvas">
      <DimensionStyle width="938" height="637" />
      <PositioningStyle left="0" top="0" />
      <BackgroundStyle type="transparent" />
      <TransparencyStyle value="0" />
    </style>
  </item-group>
  <Events>
    <event id="0462ccc1-9d0d-426f-8640-651791965e4f" trigger="onClick">
      <case execType="serial" delayAction="0">
        <description>Case 1</description>
        <block>
          <navigateLink execType="serial" delayAction="0">
            <screen id="1e237071-5daf-4e28-91d6-6b08a1edae72">Reports Viewer</screen>
            <type>window</type>
          </navigateLink>
        </block>
      </case>
    </event>
    <event id="5deea2ac-aecd-4991-abe1-8c45665f2ee8" trigger="onClick">
      <case execType="serial" delayAction="0">
        <description>Case 1</description>
        <block>
          <navigateLink execType="serial" delayAction="0">
            <screen id="1e237071-5daf-4e28-91d6-6b08a1edae72">Reports Viewer</screen>
            <type>window</type>
          </navigateLink>
        </block>
      </case>
    </event>
    <event id="b4d624bc-0444-4c93-8b88-d2af9d93fd37" trigger="onClick">
      <case execType="serial" delayAction="0">
        <description>Case 1</description>
        <block>
          <navigateLink execType="serial" delayAction="0">
            <screen id="1e237071-5daf-4e28-91d6-6b08a1edae72">Reports Viewer</screen>
            <type>window</type>
          </navigateLink>
        </block>
      </case>
    </event>
    <event id="808c7e43-9116-45ca-aed7-19fcdc8ad148" trigger="onClick">
      <case execType="serial" delayAction="0">
        <description>Case 1</description>
        <block>
          <navigateLink execType="serial" delayAction="0">
            <screen id="1e237071-5daf-4e28-91d6-6b08a1edae72">Reports Viewer</screen>
            <type>window</type>
          </navigateLink>
        </block>
      </case>
    </event>
    <event id="2ebccbe1-cdd4-4909-87bb-18fdf54d5f5e" trigger="onClick">
      <case execType="serial" delayAction="0">
        <description>Case 1</description>
        <block>
          <navigateLink execType="serial" delayAction="0">
            <screen id="1e237071-5daf-4e28-91d6-6b08a1edae72">Reports Viewer</screen>
            <type>window</type>
          </navigateLink>
        </block>
      </case>
    </event>
  </Events>
</screen>

