<?xml version="1.0" encoding="UTF-8"?>
<screen>
  <parentCode />
  <folderPosition>8</folderPosition>
  <name>Upload Report List</name>
  <code>9ebd72c4-7159-4cfd-826b-6fcf82300da4</code>
  <templateID>f39803f7-df02-4169-93eb-7547fb8c961a</templateID>
  <date>13/02/2017 14:32:06</date>
  <note></note>
  <legend-item></legend-item>
  <pageAlignment>CENTER</pageAlignment>
  <orientation>PORTRAIT</orientation>
  <backgroundGrowth>BOTH</backgroundGrowth>
  <width>1024</width>
  <height>768</height>
  <item-group id="b921a180-6215-4c60-93da-a9c253438b1d" visible="true">
    <textTable id="c540e89e-76c2-46fd-9e5c-371e673a1010" numColumns="4" numRows="6" hidden="false" lockType="none" onTop="false" visible="true">
      <textCell id="6524aad6-6e73-4ffe-95d5-620a3e8df5cb" column="0" row="0" colspan="1" rowspan="1">
        <userID>Text_cell_1</userID>
        <text>ID</text>
        <style name="LnFTextCell">
          <DimensionStyle width="76" height="34" />
          <PositioningStyle left="0" top="0" />
          <BackgroundStyle type="transparent" />
          <BorderStyle radius="0" leftColor="221r221g221b" topColor="221r221g221b" rightColor="221r221g221b" bottomColor="221r221g221b" leftStyle="none" topStyle="none" rightStyle="solid" bottomStyle="solid" leftWidth="1" topWidth="1" rightWidth="1" bottomWidth="1" />
          <TextStyle color="51r51g51b" hAlign="left" vAlign="center" decoration="none" line-height="14" />
          <FontStyle size="10.0" height="18">
            <family>Roboto</family>
            <style name="Regular" weight="400" italic="normal" />
            <evc-file>Roboto-Regular</evc-file>
          </FontStyle>
          <TransparencyStyle value="0" />
          <PaddingStyle top="0" left="12" bottom="0" right="0" />
          <ShadowStyle>
            <Text enable="false" />
          </ShadowStyle>
        </style>
        <rich-text-range-list>
          <text-range text-range-start="0" text-range-end="2">
            <style name="LnFTextRange">
              <FontStyle size="10.0" height="18">
                <family>Roboto</family>
                <style name="Regular" weight="400" italic="normal" />
                <evc-file>Roboto-Regular</evc-file>
              </FontStyle>
              <TextStyle color="51r51g51b" hAlign="left" vAlign="center" decoration="none" line-height="14" />
            </style>
          </text-range>
        </rich-text-range-list>
      </textCell>
      <textCell id="1086cfbe-331b-4280-9664-cdb3f73de405" column="1" row="0" colspan="1" rowspan="1">
        <userID>Text_cell_4</userID>
        <text>Name</text>
        <style name="LnFTextCell">
          <DimensionStyle width="266" height="34" />
          <PositioningStyle left="76" top="0" />
          <BackgroundStyle type="transparent" />
          <BorderStyle radius="0" leftColor="221r221g221b" topColor="221r221g221b" rightColor="221r221g221b" bottomColor="221r221g221b" leftStyle="none" topStyle="none" rightStyle="solid" bottomStyle="solid" leftWidth="1" topWidth="1" rightWidth="1" bottomWidth="1" />
          <TextStyle color="51r51g51b" hAlign="left" vAlign="center" decoration="none" line-height="14" />
          <FontStyle size="10.0" height="18">
            <family>Roboto</family>
            <style name="Regular" weight="400" italic="normal" />
            <evc-file>Roboto-Regular</evc-file>
          </FontStyle>
          <TransparencyStyle value="0" />
          <PaddingStyle top="0" left="12" bottom="0" right="0" />
          <ShadowStyle>
            <Text enable="false" />
          </ShadowStyle>
        </style>
        <rich-text-range-list>
          <text-range text-range-start="0" text-range-end="4">
            <style name="LnFTextRange">
              <FontStyle size="10.0" height="18">
                <family>Roboto</family>
                <style name="Regular" weight="400" italic="normal" />
                <evc-file>Roboto-Regular</evc-file>
              </FontStyle>
              <TextStyle color="51r51g51b" hAlign="left" vAlign="center" decoration="none" line-height="14" />
            </style>
          </text-range>
        </rich-text-range-list>
      </textCell>
      <textCell id="5adc0414-95ac-43ac-8968-aec8495c86e5" column="2" row="0" colspan="1" rowspan="1">
        <userID>Text_cell_7</userID>
        <text>Status</text>
        <style name="LnFTextCell">
          <DimensionStyle width="103" height="34" />
          <PositioningStyle left="342" top="0" />
          <BackgroundStyle type="transparent" />
          <BorderStyle radius="0" leftColor="221r221g221b" topColor="221r221g221b" rightColor="221r221g221b" bottomColor="221r221g221b" leftStyle="none" topStyle="none" rightStyle="solid" bottomStyle="solid" leftWidth="1" topWidth="1" rightWidth="1" bottomWidth="1" />
          <TextStyle color="51r51g51b" hAlign="left" vAlign="center" decoration="none" line-height="14" />
          <FontStyle size="10.0" height="18">
            <family>Roboto</family>
            <style name="Regular" weight="400" italic="normal" />
            <evc-file>Roboto-Regular</evc-file>
          </FontStyle>
          <TransparencyStyle value="0" />
          <PaddingStyle top="0" left="12" bottom="0" right="0" />
          <ShadowStyle>
            <Text enable="false" />
          </ShadowStyle>
        </style>
        <rich-text-range-list>
          <text-range text-range-start="0" text-range-end="6">
            <style name="LnFTextRange">
              <FontStyle size="10.0" height="18">
                <family>Roboto</family>
                <style name="Regular" weight="400" italic="normal" />
                <evc-file>Roboto-Regular</evc-file>
              </FontStyle>
              <TextStyle color="51r51g51b" hAlign="left" vAlign="center" decoration="none" line-height="14" />
            </style>
          </text-range>
        </rich-text-range-list>
      </textCell>
      <textCell id="2e24fd7b-0b5f-4095-98d7-bcbcd06f311b" column="3" row="0" colspan="1" rowspan="1">
        <userID>Text_cell_19</userID>
        <text>Modify Date</text>
        <style name="LnFTextCell">
          <DimensionStyle width="166" height="34" />
          <PositioningStyle left="445" top="0" />
          <BackgroundStyle type="transparent" />
          <BorderStyle radius="0" leftColor="221r221g221b" topColor="221r221g221b" rightColor="221r221g221b" bottomColor="221r221g221b" leftStyle="none" topStyle="none" rightStyle="solid" bottomStyle="solid" leftWidth="1" topWidth="1" rightWidth="1" bottomWidth="1" />
          <TextStyle color="51r51g51b" hAlign="left" vAlign="center" decoration="none" line-height="14" />
          <FontStyle size="10.0" height="18">
            <family>Roboto</family>
            <style name="Regular" weight="400" italic="normal" />
            <evc-file>Roboto-Regular</evc-file>
          </FontStyle>
          <TransparencyStyle value="0" />
          <PaddingStyle top="0" left="12" bottom="0" right="0" />
          <ShadowStyle>
            <Text enable="false" />
          </ShadowStyle>
        </style>
        <rich-text-range-list>
          <text-range text-range-start="0" text-range-end="11">
            <style name="LnFTextRange">
              <FontStyle size="10.0" height="0">
                <family>Roboto</family>
                <style name="Regular" weight="400" italic="normal" />
                <evc-file>Roboto-Regular</evc-file>
              </FontStyle>
              <TextStyle color="51r51g51b" hAlign="left" vAlign="center" decoration="none" line-height="14" />
            </style>
          </text-range>
        </rich-text-range-list>
      </textCell>
      <textCell id="0e966638-621f-4666-948c-41cb01944402" column="0" row="1" colspan="1" rowspan="1">
        <userID>Text_cell_2</userID>
        <text>1</text>
        <style name="LnFTextCell">
          <DimensionStyle width="76" height="34" />
          <PositioningStyle left="0" top="34" />
          <BackgroundStyle type="transparent" />
          <BorderStyle radius="0" leftColor="221r221g221b" topColor="221r221g221b" rightColor="221r221g221b" bottomColor="221r221g221b" leftStyle="none" topStyle="none" rightStyle="solid" bottomStyle="solid" leftWidth="1" topWidth="1" rightWidth="1" bottomWidth="1" />
          <TextStyle color="51r51g51b" hAlign="left" vAlign="center" decoration="none" line-height="14" />
          <FontStyle size="10.0" height="18">
            <family>Roboto</family>
            <style name="Regular" weight="400" italic="normal" />
            <evc-file>Roboto-Regular</evc-file>
          </FontStyle>
          <TransparencyStyle value="0" />
          <PaddingStyle top="0" left="12" bottom="0" right="0" />
          <ShadowStyle>
            <Text enable="false" />
          </ShadowStyle>
        </style>
        <rich-text-range-list>
          <text-range text-range-start="0" text-range-end="1">
            <style name="LnFTextRange">
              <FontStyle size="10.0" height="18">
                <family>Roboto</family>
                <style name="Regular" weight="400" italic="normal" />
                <evc-file>Roboto-Regular</evc-file>
              </FontStyle>
              <TextStyle color="51r51g51b" hAlign="left" vAlign="center" decoration="none" line-height="14" />
            </style>
          </text-range>
        </rich-text-range-list>
      </textCell>
      <textCell id="a0fdbcde-aa32-4edb-8c69-3c319b1e6514" column="1" row="1" colspan="1" rowspan="1">
        <userID>Text_cell_5</userID>
        <text>Default Report</text>
        <style name="LnFTextCell">
          <DimensionStyle width="266" height="34" />
          <PositioningStyle left="76" top="34" />
          <BackgroundStyle type="transparent" />
          <BorderStyle radius="0" leftColor="221r221g221b" topColor="221r221g221b" rightColor="221r221g221b" bottomColor="221r221g221b" leftStyle="none" topStyle="none" rightStyle="solid" bottomStyle="solid" leftWidth="1" topWidth="1" rightWidth="1" bottomWidth="1" />
          <TextStyle color="51r51g51b" hAlign="left" vAlign="center" decoration="none" line-height="14" />
          <FontStyle size="10.0" height="18">
            <family>Roboto</family>
            <style name="Regular" weight="400" italic="normal" />
            <evc-file>Roboto-Regular</evc-file>
          </FontStyle>
          <TransparencyStyle value="0" />
          <PaddingStyle top="0" left="12" bottom="0" right="0" />
          <ShadowStyle>
            <Text enable="false" />
          </ShadowStyle>
        </style>
        <rich-text-range-list>
          <text-range text-range-start="0" text-range-end="14">
            <style name="LnFTextRange">
              <FontStyle size="10.0" height="18">
                <family>Roboto</family>
                <style name="Regular" weight="400" italic="normal" />
                <evc-file>Roboto-Regular</evc-file>
              </FontStyle>
              <TextStyle color="51r51g51b" hAlign="left" vAlign="center" decoration="none" line-height="14" />
            </style>
          </text-range>
        </rich-text-range-list>
      </textCell>
      <textCell id="f039b59b-ac95-45d1-b320-15e2aafe1695" column="2" row="1" colspan="1" rowspan="1">
        <userID>Text_cell_8</userID>
        <text>Inactive</text>
        <style name="LnFTextCell">
          <DimensionStyle width="103" height="34" />
          <PositioningStyle left="342" top="34" />
          <BackgroundStyle type="transparent" />
          <BorderStyle radius="0" leftColor="221r221g221b" topColor="221r221g221b" rightColor="221r221g221b" bottomColor="221r221g221b" leftStyle="none" topStyle="none" rightStyle="solid" bottomStyle="solid" leftWidth="1" topWidth="1" rightWidth="1" bottomWidth="1" />
          <TextStyle color="51r51g51b" hAlign="left" vAlign="center" decoration="none" line-height="14" />
          <FontStyle size="10.0" height="18">
            <family>Roboto</family>
            <style name="Regular" weight="400" italic="normal" />
            <evc-file>Roboto-Regular</evc-file>
          </FontStyle>
          <TransparencyStyle value="0" />
          <PaddingStyle top="0" left="12" bottom="0" right="0" />
          <ShadowStyle>
            <Text enable="false" />
          </ShadowStyle>
        </style>
        <rich-text-range-list>
          <text-range text-range-start="0" text-range-end="8">
            <style name="LnFTextRange">
              <FontStyle size="10.0" height="18">
                <family>Roboto</family>
                <style name="Regular" weight="400" italic="normal" />
                <evc-file>Roboto-Regular</evc-file>
              </FontStyle>
              <TextStyle color="51r51g51b" hAlign="left" vAlign="center" decoration="none" line-height="14" />
            </style>
          </text-range>
        </rich-text-range-list>
      </textCell>
      <textCell id="d88b0713-8338-450f-beb7-8c328c01bf7f" column="3" row="1" colspan="1" rowspan="1">
        <userID>Text_cell_20</userID>
        <text>2017-02-28</text>
        <style name="LnFTextCell">
          <DimensionStyle width="166" height="34" />
          <PositioningStyle left="445" top="34" />
          <BackgroundStyle type="transparent" />
          <BorderStyle radius="0" leftColor="221r221g221b" topColor="221r221g221b" rightColor="221r221g221b" bottomColor="221r221g221b" leftStyle="none" topStyle="none" rightStyle="solid" bottomStyle="solid" leftWidth="1" topWidth="1" rightWidth="1" bottomWidth="1" />
          <TextStyle color="51r51g51b" hAlign="left" vAlign="center" decoration="none" line-height="14" />
          <FontStyle size="10.0" height="18">
            <family>Roboto</family>
            <style name="Regular" weight="400" italic="normal" />
            <evc-file>Roboto-Regular</evc-file>
          </FontStyle>
          <TransparencyStyle value="0" />
          <PaddingStyle top="0" left="12" bottom="0" right="0" />
          <ShadowStyle>
            <Text enable="false" />
          </ShadowStyle>
        </style>
        <rich-text-range-list>
          <text-range text-range-start="0" text-range-end="10">
            <style name="LnFTextRange">
              <FontStyle size="10.0" height="18">
                <family>Roboto</family>
                <style name="Regular" weight="400" italic="normal" />
                <evc-file>Roboto-Regular</evc-file>
              </FontStyle>
              <TextStyle color="51r51g51b" hAlign="left" vAlign="center" decoration="none" line-height="14" />
            </style>
          </text-range>
        </rich-text-range-list>
      </textCell>
      <textCell id="36c99715-a0df-4568-9a67-72bc8680d59f" column="0" row="2" colspan="1" rowspan="1">
        <userID>Text_cell_3</userID>
        <text>2</text>
        <style name="LnFTextCell">
          <DimensionStyle width="76" height="34" />
          <PositioningStyle left="0" top="68" />
          <BackgroundStyle type="transparent" />
          <BorderStyle radius="0" leftColor="221r221g221b" topColor="221r221g221b" rightColor="221r221g221b" bottomColor="221r221g221b" leftStyle="none" topStyle="none" rightStyle="solid" bottomStyle="solid" leftWidth="1" topWidth="1" rightWidth="1" bottomWidth="1" />
          <TextStyle color="51r51g51b" hAlign="left" vAlign="center" decoration="none" line-height="14" />
          <FontStyle size="10.0" height="18">
            <family>Roboto</family>
            <style name="Regular" weight="400" italic="normal" />
            <evc-file>Roboto-Regular</evc-file>
          </FontStyle>
          <TransparencyStyle value="0" />
          <PaddingStyle top="0" left="12" bottom="0" right="0" />
          <ShadowStyle>
            <Text enable="false" />
          </ShadowStyle>
        </style>
        <rich-text-range-list>
          <text-range text-range-start="0" text-range-end="1">
            <style name="LnFTextRange">
              <FontStyle size="10.0" height="18">
                <family>Roboto</family>
                <style name="Regular" weight="400" italic="normal" />
                <evc-file>Roboto-Regular</evc-file>
              </FontStyle>
              <TextStyle color="51r51g51b" hAlign="left" vAlign="center" decoration="none" line-height="14" />
            </style>
          </text-range>
        </rich-text-range-list>
      </textCell>
      <textCell id="f20aca16-6e2b-42af-853f-80cc00b75b1e" column="1" row="2" colspan="1" rowspan="1">
        <userID>Text_cell_6</userID>
        <text>Salary Report</text>
        <style name="LnFTextCell">
          <DimensionStyle width="266" height="34" />
          <PositioningStyle left="76" top="68" />
          <BackgroundStyle type="transparent" />
          <BorderStyle radius="0" leftColor="221r221g221b" topColor="221r221g221b" rightColor="221r221g221b" bottomColor="221r221g221b" leftStyle="none" topStyle="none" rightStyle="solid" bottomStyle="solid" leftWidth="1" topWidth="1" rightWidth="1" bottomWidth="1" />
          <TextStyle color="51r51g51b" hAlign="left" vAlign="center" decoration="none" line-height="14" />
          <FontStyle size="10.0" height="18">
            <family>Roboto</family>
            <style name="Regular" weight="400" italic="normal" />
            <evc-file>Roboto-Regular</evc-file>
          </FontStyle>
          <TransparencyStyle value="0" />
          <PaddingStyle top="0" left="12" bottom="0" right="0" />
          <ShadowStyle>
            <Text enable="false" />
          </ShadowStyle>
        </style>
        <rich-text-range-list>
          <text-range text-range-start="0" text-range-end="13">
            <style name="LnFTextRange">
              <FontStyle size="10.0" height="18">
                <family>Roboto</family>
                <style name="Regular" weight="400" italic="normal" />
                <evc-file>Roboto-Regular</evc-file>
              </FontStyle>
              <TextStyle color="51r51g51b" hAlign="left" vAlign="center" decoration="none" line-height="14" />
            </style>
          </text-range>
        </rich-text-range-list>
      </textCell>
      <textCell id="711e4958-1508-48f4-9f69-6372f6561371" column="2" row="2" colspan="1" rowspan="1">
        <userID>Text_cell_9</userID>
        <text>Active</text>
        <style name="LnFTextCell">
          <DimensionStyle width="103" height="34" />
          <PositioningStyle left="342" top="68" />
          <BackgroundStyle type="transparent" />
          <BorderStyle radius="0" leftColor="221r221g221b" topColor="221r221g221b" rightColor="221r221g221b" bottomColor="221r221g221b" leftStyle="none" topStyle="none" rightStyle="solid" bottomStyle="solid" leftWidth="1" topWidth="1" rightWidth="1" bottomWidth="1" />
          <TextStyle color="51r51g51b" hAlign="left" vAlign="center" decoration="none" line-height="14" />
          <FontStyle size="10.0" height="18">
            <family>Roboto</family>
            <style name="Regular" weight="400" italic="normal" />
            <evc-file>Roboto-Regular</evc-file>
          </FontStyle>
          <TransparencyStyle value="0" />
          <PaddingStyle top="0" left="12" bottom="0" right="0" />
          <ShadowStyle>
            <Text enable="false" />
          </ShadowStyle>
        </style>
        <rich-text-range-list>
          <text-range text-range-start="0" text-range-end="6">
            <style name="LnFTextRange">
              <FontStyle size="10.0" height="18">
                <family>Roboto</family>
                <style name="Regular" weight="400" italic="normal" />
                <evc-file>Roboto-Regular</evc-file>
              </FontStyle>
              <TextStyle color="51r51g51b" hAlign="left" vAlign="center" decoration="none" line-height="14" />
            </style>
          </text-range>
        </rich-text-range-list>
      </textCell>
      <textCell id="c1be613b-fe64-443f-b12d-d07794966af9" column="3" row="2" colspan="1" rowspan="1">
        <userID>Text_cell_21</userID>
        <text>2017-02-28</text>
        <style name="LnFTextCell">
          <DimensionStyle width="166" height="34" />
          <PositioningStyle left="445" top="68" />
          <BackgroundStyle type="transparent" />
          <BorderStyle radius="0" leftColor="221r221g221b" topColor="221r221g221b" rightColor="221r221g221b" bottomColor="221r221g221b" leftStyle="none" topStyle="none" rightStyle="solid" bottomStyle="solid" leftWidth="1" topWidth="1" rightWidth="1" bottomWidth="1" />
          <TextStyle color="51r51g51b" hAlign="left" vAlign="center" decoration="none" line-height="14" />
          <FontStyle size="10.0" height="18">
            <family>Roboto</family>
            <style name="Regular" weight="400" italic="normal" />
            <evc-file>Roboto-Regular</evc-file>
          </FontStyle>
          <TransparencyStyle value="0" />
          <PaddingStyle top="0" left="12" bottom="0" right="0" />
          <ShadowStyle>
            <Text enable="false" />
          </ShadowStyle>
        </style>
        <rich-text-range-list>
          <text-range text-range-start="0" text-range-end="10">
            <style name="LnFTextRange">
              <FontStyle size="10.0" height="0">
                <family>Roboto</family>
                <style name="Regular" weight="400" italic="normal" />
                <evc-file>Roboto-Regular</evc-file>
              </FontStyle>
              <TextStyle color="51r51g51b" hAlign="left" vAlign="center" decoration="none" line-height="14" />
            </style>
          </text-range>
        </rich-text-range-list>
      </textCell>
      <textCell id="b0f820f7-2b75-4918-a3c1-03d8bc8c822f" column="0" row="3" colspan="1" rowspan="1">
        <userID>Text_cell_10</userID>
        <text>3</text>
        <style name="LnFTextCell">
          <DimensionStyle width="76" height="34" />
          <PositioningStyle left="0" top="102" />
          <BackgroundStyle type="transparent" />
          <BorderStyle radius="0" leftColor="221r221g221b" topColor="221r221g221b" rightColor="221r221g221b" bottomColor="221r221g221b" leftStyle="none" topStyle="none" rightStyle="solid" bottomStyle="solid" leftWidth="1" topWidth="1" rightWidth="1" bottomWidth="1" />
          <TextStyle color="51r51g51b" hAlign="left" vAlign="center" decoration="none" line-height="14" />
          <FontStyle size="10.0" height="18">
            <family>Roboto</family>
            <style name="Regular" weight="400" italic="normal" />
            <evc-file>Roboto-Regular</evc-file>
          </FontStyle>
          <TransparencyStyle value="0" />
          <PaddingStyle top="0" left="12" bottom="0" right="0" />
          <ShadowStyle>
            <Text enable="false" />
          </ShadowStyle>
        </style>
        <rich-text-range-list>
          <text-range text-range-start="0" text-range-end="1">
            <style name="LnFTextRange">
              <FontStyle size="10.0" height="18">
                <family>Roboto</family>
                <style name="Regular" weight="400" italic="normal" />
                <evc-file>Roboto-Regular</evc-file>
              </FontStyle>
              <TextStyle color="51r51g51b" hAlign="left" vAlign="center" decoration="none" line-height="14" />
            </style>
          </text-range>
        </rich-text-range-list>
      </textCell>
      <textCell id="474736c3-9fc2-43ca-a596-e5241b3bc63a" column="1" row="3" colspan="1" rowspan="1">
        <userID>Text_cell_11</userID>
        <text>Employee Report</text>
        <style name="LnFTextCell">
          <DimensionStyle width="266" height="34" />
          <PositioningStyle left="76" top="102" />
          <BackgroundStyle type="transparent" />
          <BorderStyle radius="0" leftColor="221r221g221b" topColor="221r221g221b" rightColor="221r221g221b" bottomColor="221r221g221b" leftStyle="none" topStyle="none" rightStyle="solid" bottomStyle="solid" leftWidth="1" topWidth="1" rightWidth="1" bottomWidth="1" />
          <TextStyle color="51r51g51b" hAlign="left" vAlign="center" decoration="none" line-height="14" />
          <FontStyle size="10.0" height="18">
            <family>Roboto</family>
            <style name="Regular" weight="400" italic="normal" />
            <evc-file>Roboto-Regular</evc-file>
          </FontStyle>
          <TransparencyStyle value="0" />
          <PaddingStyle top="0" left="12" bottom="0" right="0" />
          <ShadowStyle>
            <Text enable="false" />
          </ShadowStyle>
        </style>
        <rich-text-range-list>
          <text-range text-range-start="0" text-range-end="15">
            <style name="LnFTextRange">
              <FontStyle size="10.0" height="18">
                <family>Roboto</family>
                <style name="Regular" weight="400" italic="normal" />
                <evc-file>Roboto-Regular</evc-file>
              </FontStyle>
              <TextStyle color="51r51g51b" hAlign="left" vAlign="center" decoration="none" line-height="14" />
            </style>
          </text-range>
        </rich-text-range-list>
      </textCell>
      <textCell id="dc79a400-a429-4c6f-919f-0f7370ff15ea" column="2" row="3" colspan="1" rowspan="1">
        <userID>Text_cell_12</userID>
        <text>Active</text>
        <style name="LnFTextCell">
          <DimensionStyle width="103" height="34" />
          <PositioningStyle left="342" top="102" />
          <BackgroundStyle type="transparent" />
          <BorderStyle radius="0" leftColor="221r221g221b" topColor="221r221g221b" rightColor="221r221g221b" bottomColor="221r221g221b" leftStyle="none" topStyle="none" rightStyle="solid" bottomStyle="solid" leftWidth="1" topWidth="1" rightWidth="1" bottomWidth="1" />
          <TextStyle color="51r51g51b" hAlign="left" vAlign="center" decoration="none" line-height="14" />
          <FontStyle size="10.0" height="18">
            <family>Roboto</family>
            <style name="Regular" weight="400" italic="normal" />
            <evc-file>Roboto-Regular</evc-file>
          </FontStyle>
          <TransparencyStyle value="0" />
          <PaddingStyle top="0" left="12" bottom="0" right="0" />
          <ShadowStyle>
            <Text enable="false" />
          </ShadowStyle>
        </style>
        <rich-text-range-list>
          <text-range text-range-start="0" text-range-end="6">
            <style name="LnFTextRange">
              <FontStyle size="10.0" height="0">
                <family>Roboto</family>
                <style name="Regular" weight="400" italic="normal" />
                <evc-file>Roboto-Regular</evc-file>
              </FontStyle>
              <TextStyle color="51r51g51b" hAlign="left" vAlign="center" decoration="none" line-height="14" />
            </style>
          </text-range>
        </rich-text-range-list>
      </textCell>
      <textCell id="b225abb4-e7fc-4c5f-87d7-f339d1296597" column="3" row="3" colspan="1" rowspan="1">
        <userID>Text_cell_22</userID>
        <text>2017-02-28</text>
        <style name="LnFTextCell">
          <DimensionStyle width="166" height="34" />
          <PositioningStyle left="445" top="102" />
          <BackgroundStyle type="transparent" />
          <BorderStyle radius="0" leftColor="221r221g221b" topColor="221r221g221b" rightColor="221r221g221b" bottomColor="221r221g221b" leftStyle="none" topStyle="none" rightStyle="solid" bottomStyle="solid" leftWidth="1" topWidth="1" rightWidth="1" bottomWidth="1" />
          <TextStyle color="51r51g51b" hAlign="left" vAlign="center" decoration="none" line-height="14" />
          <FontStyle size="10.0" height="18">
            <family>Roboto</family>
            <style name="Regular" weight="400" italic="normal" />
            <evc-file>Roboto-Regular</evc-file>
          </FontStyle>
          <TransparencyStyle value="0" />
          <PaddingStyle top="0" left="12" bottom="0" right="0" />
          <ShadowStyle>
            <Text enable="false" />
          </ShadowStyle>
        </style>
        <rich-text-range-list>
          <text-range text-range-start="0" text-range-end="10">
            <style name="LnFTextRange">
              <FontStyle size="10.0" height="0">
                <family>Roboto</family>
                <style name="Regular" weight="400" italic="normal" />
                <evc-file>Roboto-Regular</evc-file>
              </FontStyle>
              <TextStyle color="51r51g51b" hAlign="left" vAlign="center" decoration="none" line-height="14" />
            </style>
          </text-range>
        </rich-text-range-list>
      </textCell>
      <textCell id="6aa8edd8-4358-49f8-91e8-8a89a287bf5d" column="0" row="4" colspan="1" rowspan="1">
        <userID>Text_cell_16</userID>
        <text>4</text>
        <style name="LnFTextCell">
          <DimensionStyle width="76" height="34" />
          <PositioningStyle left="0" top="136" />
          <BackgroundStyle type="transparent" />
          <BorderStyle radius="0" leftColor="221r221g221b" topColor="221r221g221b" rightColor="221r221g221b" bottomColor="221r221g221b" leftStyle="none" topStyle="none" rightStyle="solid" bottomStyle="solid" leftWidth="1" topWidth="1" rightWidth="1" bottomWidth="1" />
          <TextStyle color="51r51g51b" hAlign="left" vAlign="center" decoration="none" line-height="14" />
          <FontStyle size="10.0" height="18">
            <family>Roboto</family>
            <style name="Regular" weight="400" italic="normal" />
            <evc-file>Roboto-Regular</evc-file>
          </FontStyle>
          <TransparencyStyle value="0" />
          <PaddingStyle top="0" left="12" bottom="0" right="0" />
          <ShadowStyle>
            <Text enable="false" />
          </ShadowStyle>
        </style>
        <rich-text-range-list>
          <text-range text-range-start="0" text-range-end="1">
            <style name="LnFTextRange">
              <FontStyle size="10.0" height="18">
                <family>Roboto</family>
                <style name="Regular" weight="400" italic="normal" />
                <evc-file>Roboto-Regular</evc-file>
              </FontStyle>
              <TextStyle color="51r51g51b" hAlign="left" vAlign="center" decoration="none" line-height="14" />
            </style>
          </text-range>
        </rich-text-range-list>
      </textCell>
      <textCell id="8bba30aa-15b8-4294-af0d-bf12a91c99b3" column="1" row="4" colspan="1" rowspan="1">
        <userID>Text_cell_17</userID>
        <text>Employee Report</text>
        <style name="LnFTextCell">
          <DimensionStyle width="266" height="34" />
          <PositioningStyle left="76" top="136" />
          <BackgroundStyle type="transparent" />
          <BorderStyle radius="0" leftColor="221r221g221b" topColor="221r221g221b" rightColor="221r221g221b" bottomColor="221r221g221b" leftStyle="none" topStyle="none" rightStyle="solid" bottomStyle="solid" leftWidth="1" topWidth="1" rightWidth="1" bottomWidth="1" />
          <TextStyle color="51r51g51b" hAlign="left" vAlign="center" decoration="none" line-height="14" />
          <FontStyle size="10.0" height="18">
            <family>Roboto</family>
            <style name="Regular" weight="400" italic="normal" />
            <evc-file>Roboto-Regular</evc-file>
          </FontStyle>
          <TransparencyStyle value="0" />
          <PaddingStyle top="0" left="12" bottom="0" right="0" />
          <ShadowStyle>
            <Text enable="false" />
          </ShadowStyle>
        </style>
        <rich-text-range-list>
          <text-range text-range-start="0" text-range-end="15">
            <style name="LnFTextRange">
              <FontStyle size="10.0" height="0">
                <family>Roboto</family>
                <style name="Regular" weight="400" italic="normal" />
                <evc-file>Roboto-Regular</evc-file>
              </FontStyle>
              <TextStyle color="51r51g51b" hAlign="left" vAlign="center" decoration="none" line-height="14" />
            </style>
          </text-range>
        </rich-text-range-list>
      </textCell>
      <textCell id="37d1987e-197d-49a6-b31d-05d29483ed29" column="2" row="4" colspan="1" rowspan="1">
        <userID>Text_cell_18</userID>
        <text>Active</text>
        <style name="LnFTextCell">
          <DimensionStyle width="103" height="34" />
          <PositioningStyle left="342" top="136" />
          <BackgroundStyle type="transparent" />
          <BorderStyle radius="0" leftColor="221r221g221b" topColor="221r221g221b" rightColor="221r221g221b" bottomColor="221r221g221b" leftStyle="none" topStyle="none" rightStyle="solid" bottomStyle="solid" leftWidth="1" topWidth="1" rightWidth="1" bottomWidth="1" />
          <TextStyle color="51r51g51b" hAlign="left" vAlign="center" decoration="none" line-height="14" />
          <FontStyle size="10.0" height="18">
            <family>Roboto</family>
            <style name="Regular" weight="400" italic="normal" />
            <evc-file>Roboto-Regular</evc-file>
          </FontStyle>
          <TransparencyStyle value="0" />
          <PaddingStyle top="0" left="12" bottom="0" right="0" />
          <ShadowStyle>
            <Text enable="false" />
          </ShadowStyle>
        </style>
        <rich-text-range-list>
          <text-range text-range-start="0" text-range-end="6">
            <style name="LnFTextRange">
              <FontStyle size="10.0" height="0">
                <family>Roboto</family>
                <style name="Regular" weight="400" italic="normal" />
                <evc-file>Roboto-Regular</evc-file>
              </FontStyle>
              <TextStyle color="51r51g51b" hAlign="left" vAlign="center" decoration="none" line-height="14" />
            </style>
          </text-range>
        </rich-text-range-list>
      </textCell>
      <textCell id="6045752b-fe74-4fa4-8249-a1338ef59eae" column="3" row="4" colspan="1" rowspan="1">
        <userID>Text_cell_23</userID>
        <text>2017-02-28</text>
        <style name="LnFTextCell">
          <DimensionStyle width="166" height="34" />
          <PositioningStyle left="445" top="136" />
          <BackgroundStyle type="transparent" />
          <BorderStyle radius="0" leftColor="221r221g221b" topColor="221r221g221b" rightColor="221r221g221b" bottomColor="221r221g221b" leftStyle="none" topStyle="none" rightStyle="solid" bottomStyle="solid" leftWidth="1" topWidth="1" rightWidth="1" bottomWidth="1" />
          <TextStyle color="51r51g51b" hAlign="left" vAlign="center" decoration="none" line-height="14" />
          <FontStyle size="10.0" height="18">
            <family>Roboto</family>
            <style name="Regular" weight="400" italic="normal" />
            <evc-file>Roboto-Regular</evc-file>
          </FontStyle>
          <TransparencyStyle value="0" />
          <PaddingStyle top="0" left="12" bottom="0" right="0" />
          <ShadowStyle>
            <Text enable="false" />
          </ShadowStyle>
        </style>
        <rich-text-range-list>
          <text-range text-range-start="0" text-range-end="10">
            <style name="LnFTextRange">
              <FontStyle size="10.0" height="0">
                <family>Roboto</family>
                <style name="Regular" weight="400" italic="normal" />
                <evc-file>Roboto-Regular</evc-file>
              </FontStyle>
              <TextStyle color="51r51g51b" hAlign="left" vAlign="center" decoration="none" line-height="14" />
            </style>
          </text-range>
        </rich-text-range-list>
      </textCell>
      <textCell id="b23ccd63-2d41-4630-8ba5-ecfad9fbd6ef" column="0" row="5" colspan="1" rowspan="1">
        <userID>Text_cell_13</userID>
        <text>5</text>
        <style name="LnFTextCell">
          <DimensionStyle width="76" height="34" />
          <PositioningStyle left="0" top="170" />
          <BackgroundStyle type="transparent" />
          <BorderStyle radius="0" leftColor="221r221g221b" topColor="221r221g221b" rightColor="221r221g221b" bottomColor="221r221g221b" leftStyle="none" topStyle="none" rightStyle="solid" bottomStyle="solid" leftWidth="1" topWidth="1" rightWidth="1" bottomWidth="1" />
          <TextStyle color="51r51g51b" hAlign="left" vAlign="center" decoration="none" line-height="14" />
          <FontStyle size="10.0" height="18">
            <family>Roboto</family>
            <style name="Regular" weight="400" italic="normal" />
            <evc-file>Roboto-Regular</evc-file>
          </FontStyle>
          <TransparencyStyle value="0" />
          <PaddingStyle top="0" left="12" bottom="0" right="0" />
          <ShadowStyle>
            <Text enable="false" />
          </ShadowStyle>
        </style>
        <rich-text-range-list>
          <text-range text-range-start="0" text-range-end="1">
            <style name="LnFTextRange">
              <FontStyle size="10.0" height="18">
                <family>Roboto</family>
                <style name="Regular" weight="400" italic="normal" />
                <evc-file>Roboto-Regular</evc-file>
              </FontStyle>
              <TextStyle color="51r51g51b" hAlign="left" vAlign="center" decoration="none" line-height="14" />
            </style>
          </text-range>
        </rich-text-range-list>
      </textCell>
      <textCell id="10529722-e0d2-4a59-86d1-c38a4e08a346" column="1" row="5" colspan="1" rowspan="1">
        <userID>Text_cell_14</userID>
        <text>Employee Report</text>
        <style name="LnFTextCell">
          <DimensionStyle width="266" height="34" />
          <PositioningStyle left="76" top="170" />
          <BackgroundStyle type="transparent" />
          <BorderStyle radius="0" leftColor="221r221g221b" topColor="221r221g221b" rightColor="221r221g221b" bottomColor="221r221g221b" leftStyle="none" topStyle="none" rightStyle="solid" bottomStyle="solid" leftWidth="1" topWidth="1" rightWidth="1" bottomWidth="1" />
          <TextStyle color="51r51g51b" hAlign="left" vAlign="center" decoration="none" line-height="14" />
          <FontStyle size="10.0" height="18">
            <family>Roboto</family>
            <style name="Regular" weight="400" italic="normal" />
            <evc-file>Roboto-Regular</evc-file>
          </FontStyle>
          <TransparencyStyle value="0" />
          <PaddingStyle top="0" left="12" bottom="0" right="0" />
          <ShadowStyle>
            <Text enable="false" />
          </ShadowStyle>
        </style>
        <rich-text-range-list>
          <text-range text-range-start="0" text-range-end="15">
            <style name="LnFTextRange">
              <FontStyle size="10.0" height="0">
                <family>Roboto</family>
                <style name="Regular" weight="400" italic="normal" />
                <evc-file>Roboto-Regular</evc-file>
              </FontStyle>
              <TextStyle color="51r51g51b" hAlign="left" vAlign="center" decoration="none" line-height="14" />
            </style>
          </text-range>
        </rich-text-range-list>
      </textCell>
      <textCell id="c2b876ed-3f4f-4465-ada5-184786632e29" column="2" row="5" colspan="1" rowspan="1">
        <userID>Text_cell_15</userID>
        <text>Active</text>
        <style name="LnFTextCell">
          <DimensionStyle width="103" height="34" />
          <PositioningStyle left="342" top="170" />
          <BackgroundStyle type="transparent" />
          <BorderStyle radius="0" leftColor="221r221g221b" topColor="221r221g221b" rightColor="221r221g221b" bottomColor="221r221g221b" leftStyle="none" topStyle="none" rightStyle="solid" bottomStyle="solid" leftWidth="1" topWidth="1" rightWidth="1" bottomWidth="1" />
          <TextStyle color="51r51g51b" hAlign="left" vAlign="center" decoration="none" line-height="14" />
          <FontStyle size="10.0" height="18">
            <family>Roboto</family>
            <style name="Regular" weight="400" italic="normal" />
            <evc-file>Roboto-Regular</evc-file>
          </FontStyle>
          <TransparencyStyle value="0" />
          <PaddingStyle top="0" left="12" bottom="0" right="0" />
          <ShadowStyle>
            <Text enable="false" />
          </ShadowStyle>
        </style>
        <rich-text-range-list>
          <text-range text-range-start="0" text-range-end="6">
            <style name="LnFTextRange">
              <FontStyle size="10.0" height="0">
                <family>Roboto</family>
                <style name="Regular" weight="400" italic="normal" />
                <evc-file>Roboto-Regular</evc-file>
              </FontStyle>
              <TextStyle color="51r51g51b" hAlign="left" vAlign="center" decoration="none" line-height="14" />
            </style>
          </text-range>
        </rich-text-range-list>
      </textCell>
      <textCell id="451fac61-b00e-49af-b1a8-a49ab916a78a" column="3" row="5" colspan="1" rowspan="1">
        <userID>Text_cell_24</userID>
        <text>2017-02-28</text>
        <style name="LnFTextCell">
          <DimensionStyle width="166" height="34" />
          <PositioningStyle left="445" top="170" />
          <BackgroundStyle type="transparent" />
          <BorderStyle radius="0" leftColor="221r221g221b" topColor="221r221g221b" rightColor="221r221g221b" bottomColor="221r221g221b" leftStyle="none" topStyle="none" rightStyle="solid" bottomStyle="solid" leftWidth="1" topWidth="1" rightWidth="1" bottomWidth="1" />
          <TextStyle color="51r51g51b" hAlign="left" vAlign="center" decoration="none" line-height="14" />
          <FontStyle size="10.0" height="18">
            <family>Roboto</family>
            <style name="Regular" weight="400" italic="normal" />
            <evc-file>Roboto-Regular</evc-file>
          </FontStyle>
          <TransparencyStyle value="0" />
          <PaddingStyle top="0" left="12" bottom="0" right="0" />
          <ShadowStyle>
            <Text enable="false" />
          </ShadowStyle>
        </style>
        <rich-text-range-list>
          <text-range text-range-start="0" text-range-end="10">
            <style name="LnFTextRange">
              <FontStyle size="10.0" height="0">
                <family>Roboto</family>
                <style name="Regular" weight="400" italic="normal" />
                <evc-file>Roboto-Regular</evc-file>
              </FontStyle>
              <TextStyle color="51r51g51b" hAlign="left" vAlign="center" decoration="none" line-height="14" />
            </style>
          </text-range>
        </rich-text-range-list>
      </textCell>
      <style name="LnFTextTable">
        <DimensionStyle width="612" height="205" />
        <PositioningStyle left="197" top="230" />
        <BackgroundStyle type="color" value="255r255g255b" />
        <BorderStyle radius="0" leftColor="221r221g221b" topColor="221r221g221b" rightColor="221r221g221b" bottomColor="221r221g221b" leftStyle="solid" topStyle="solid" rightStyle="none" bottomStyle="none" leftWidth="1" topWidth="1" rightWidth="1" bottomWidth="1" />
        <TableStyle hSpacing="0" vSpacing="0" />
        <TransparencyStyle value="0" />
        <ShadowStyle>
          <Box enable="false" />
        </ShadowStyle>
      </style>
      <userID>Table_1</userID>
    </textTable>
    <label id="813e4619-f52f-4295-8a65-4737ab4ab3e9" singleLine="true" hidden="false" lockType="bothsizes" onTop="false" visible="true">
      <text>Upload Reports List</text>
      <style name="LnFTextBox">
        <DimensionStyle width="239" height="35" autofit="true" />
        <PositioningStyle left="197" top="131" />
        <BackgroundStyle type="transparent" />
        <BorderStyle radius="0" leftColor="0r0g0b" topColor="0r0g0b" rightColor="0r0g0b" bottomColor="0r0g0b" leftStyle="none" topStyle="none" rightStyle="none" bottomStyle="none" leftWidth="1" topWidth="1" rightWidth="1" bottomWidth="1" />
        <TextStyle color="51r51g51b" hAlign="left" vAlign="center" decoration="none" line-height="0" />
        <FontStyle size="20.0" height="35">
          <family>Roboto</family>
          <style name="Bold" weight="700" italic="normal" />
          <evc-file>Roboto-Bold</evc-file>
        </FontStyle>
        <TransparencyStyle value="0" />
        <PaddingStyle top="0" left="0" bottom="0" right="0" />
        <RotationStyle angle="0" />
        <ShadowStyle>
          <Box enable="false" />
          <Text enable="false" />
        </ShadowStyle>
      </style>
      <rich-text-range-list>
        <text-range text-range-start="0" text-range-end="19">
          <style name="LnFTextRange">
            <FontStyle size="20.0" height="35">
              <family>Roboto</family>
              <style name="Bold" weight="700" italic="normal" />
              <evc-file>Roboto-Bold</evc-file>
            </FontStyle>
            <TextStyle color="51r51g51b" hAlign="left" vAlign="center" decoration="none" line-height="0" />
          </style>
        </text-range>
      </rich-text-range-list>
      <userID>Text_9</userID>
    </label>
    <button id="779b9765-c85f-4a2c-8d40-2b4d3aa572a7" singleLine="true" hidden="false" lockType="none" onTop="false" visible="true">
      <text>New Report</text>
      <style name="LnFButton">
        <DimensionStyle width="87" height="37" />
        <PositioningStyle left="712" top="180" />
        <BackgroundStyle type="gradient">
          <gradient firstColor="255r255g255b" secondColor="230r230g230b" orientation="vertical" double="false" />
        </BackgroundStyle>
        <BorderStyle radius="30" leftColor="205r205g205b" topColor="205r205g205b" rightColor="205r205g205b" bottomColor="205r205g205b" leftStyle="solid" topStyle="solid" rightStyle="solid" bottomStyle="solid" leftWidth="1" topWidth="1" rightWidth="1" bottomWidth="1" />
        <TextStyle color="3r3g3b" hAlign="center" vAlign="center" decoration="none" line-height="0" />
        <FontStyle size="10.0" height="18">
          <family>Roboto</family>
          <style name="Regular" weight="400" italic="normal" />
          <evc-file>Roboto-Regular</evc-file>
        </FontStyle>
        <TransparencyStyle value="0" />
        <PaddingStyle top="0" left="0" bottom="0" right="0" />
        <RotationStyle angle="0" />
        <ShadowStyle>
          <Box enable="false" />
          <Text enable="false" />
        </ShadowStyle>
      </style>
      <rich-text-range-list>
        <text-range text-range-start="0" text-range-end="10">
          <style name="LnFTextRange">
            <FontStyle size="10.0" height="18">
              <family>Roboto</family>
              <style name="Regular" weight="400" italic="normal" />
              <evc-file>Roboto-Regular</evc-file>
            </FontStyle>
            <TextStyle color="3r3g3b" hAlign="center" vAlign="center" decoration="none" line-height="0" />
          </style>
        </text-range>
      </rich-text-range-list>
      <userID>Button_1</userID>
    </button>
    <button id="c2153a30-fcf4-4c09-9540-9c18d122946b" singleLine="true" hidden="false" lockType="none" onTop="false" visible="true">
      <text>Search</text>
      <style name="LnFButton">
        <DimensionStyle width="54" height="22" />
        <PositioningStyle left="345" top="198" />
        <BackgroundStyle type="gradient">
          <gradient firstColor="255r255g255b" secondColor="230r230g230b" orientation="vertical" double="false" />
        </BackgroundStyle>
        <BorderStyle radius="30" leftColor="205r205g205b" topColor="205r205g205b" rightColor="205r205g205b" bottomColor="205r205g205b" leftStyle="solid" topStyle="solid" rightStyle="solid" bottomStyle="solid" leftWidth="1" topWidth="1" rightWidth="1" bottomWidth="1" />
        <TextStyle color="3r3g3b" hAlign="center" vAlign="center" decoration="none" line-height="0" />
        <FontStyle size="10.0" height="18">
          <family>Roboto</family>
          <style name="Regular" weight="400" italic="normal" />
          <evc-file>Roboto-Regular</evc-file>
        </FontStyle>
        <TransparencyStyle value="0" />
        <PaddingStyle top="0" left="0" bottom="0" right="0" />
        <RotationStyle angle="0" />
        <ShadowStyle>
          <Box enable="false" />
          <Text enable="false" />
        </ShadowStyle>
      </style>
      <rich-text-range-list>
        <text-range text-range-start="0" text-range-end="6">
          <style name="LnFTextRange">
            <FontStyle size="10.0" height="0">
              <family>Roboto</family>
              <style name="Regular" weight="400" italic="normal" />
              <evc-file>Roboto-Regular</evc-file>
            </FontStyle>
            <TextStyle color="3r3g3b" hAlign="center" vAlign="center" decoration="none" line-height="0" />
          </style>
        </text-range>
      </rich-text-range-list>
      <userID>Button_3</userID>
    </button>
    <attribute-form id="ceafe20b-bc76-44da-b013-3192e9ad9b32" writable="true" hidden="false" lockType="none" onTop="false" visible="true">
      <attStyle>InputText</attStyle>
      <type>text</type>
      <style name="LnFAttributeForm">
        <DimensionStyle width="93" height="22" />
        <PositioningStyle left="244" top="201" />
        <BackgroundStyle type="color" value="255r255g255b" />
        <BorderStyle radius="0" leftColor="200r200g200b" topColor="200r200g200b" rightColor="200r200g200b" bottomColor="200r200g200b" leftStyle="solid" topStyle="solid" rightStyle="solid" bottomStyle="solid" leftWidth="1" topWidth="1" rightWidth="1" bottomWidth="1" />
        <TextStyle color="0r0g0b" hAlign="left" vAlign="center" decoration="none" line-height="17" />
        <FontStyle size="10.0" height="18">
          <family>Roboto</family>
          <style name="Regular" weight="400" italic="normal" />
          <evc-file>Roboto-Regular</evc-file>
        </FontStyle>
        <TransparencyStyle value="0" />
        <PaddingStyle top="0" left="0" bottom="0" right="0" />
        <ShadowStyle>
          <Box enable="false" />
          <Text enable="false" />
        </ShadowStyle>
      </style>
      <defaultValue></defaultValue>
      <userID>Input_5</userID>
    </attribute-form>
    <label id="92a242d7-c6e3-4391-a438-6ca4c1132520" singleLine="true" hidden="false" lockType="bothsizes" onTop="false" visible="true">
      <text>Name:</text>
      <style name="LnFTextBox">
        <DimensionStyle width="38" height="18" autofit="true" />
        <PositioningStyle left="197" top="203" />
        <BackgroundStyle type="transparent" />
        <BorderStyle radius="0" leftColor="0r0g0b" topColor="0r0g0b" rightColor="0r0g0b" bottomColor="0r0g0b" leftStyle="none" topStyle="none" rightStyle="none" bottomStyle="none" leftWidth="1" topWidth="1" rightWidth="1" bottomWidth="1" />
        <TextStyle color="51r51g51b" hAlign="left" vAlign="center" decoration="none" line-height="0" />
        <FontStyle size="10.0" height="18">
          <family>Roboto</family>
          <style name="Bold" weight="700" italic="normal" />
          <evc-file>Roboto-Bold</evc-file>
        </FontStyle>
        <TransparencyStyle value="0" />
        <PaddingStyle top="0" left="0" bottom="0" right="0" />
        <RotationStyle angle="0" />
        <ShadowStyle>
          <Box enable="false" />
          <Text enable="false" />
        </ShadowStyle>
      </style>
      <rich-text-range-list>
        <text-range text-range-start="0" text-range-end="5">
          <style name="LnFTextRange">
            <FontStyle size="10.0" height="0">
              <family>Roboto</family>
              <style name="Bold" weight="700" italic="normal" />
              <evc-file>Roboto-Bold</evc-file>
            </FontStyle>
            <TextStyle color="51r51g51b" hAlign="left" vAlign="center" decoration="none" line-height="0" />
          </style>
        </text-range>
      </rich-text-range-list>
      <userID>Text_1</userID>
    </label>
    <style name="LnFCanvas">
      <DimensionStyle width="809" height="435" />
      <PositioningStyle left="0" top="0" />
      <BackgroundStyle type="transparent" />
      <TransparencyStyle value="0" />
    </style>
  </item-group>
  <Events>
    <event id="a0fdbcde-aa32-4edb-8c69-3c319b1e6514" trigger="onClick">
      <case execType="serial" delayAction="0">
        <description>Case 1</description>
        <block>
          <navigateLink execType="serial" delayAction="0">
            <screen id="f486c4aa-7209-4fcf-9bc8-3dedba101181">Upload Reports</screen>
            <type>window</type>
          </navigateLink>
        </block>
      </case>
    </event>
    <event id="f20aca16-6e2b-42af-853f-80cc00b75b1e" trigger="onClick">
      <case execType="serial" delayAction="0">
        <description>Case 1</description>
        <block>
          <navigateLink execType="serial" delayAction="0">
            <screen id="f486c4aa-7209-4fcf-9bc8-3dedba101181">Upload Reports</screen>
            <type>window</type>
          </navigateLink>
        </block>
      </case>
    </event>
    <event id="474736c3-9fc2-43ca-a596-e5241b3bc63a" trigger="onClick">
      <case execType="serial" delayAction="0">
        <description>Case 1</description>
        <block>
          <navigateLink execType="serial" delayAction="0">
            <screen id="f486c4aa-7209-4fcf-9bc8-3dedba101181">Upload Reports</screen>
            <type>window</type>
          </navigateLink>
        </block>
      </case>
    </event>
    <event id="8bba30aa-15b8-4294-af0d-bf12a91c99b3" trigger="onClick">
      <case execType="serial" delayAction="0">
        <description>Case 1</description>
        <block>
          <navigateLink execType="serial" delayAction="0">
            <screen id="f486c4aa-7209-4fcf-9bc8-3dedba101181">Upload Reports</screen>
            <type>window</type>
          </navigateLink>
        </block>
      </case>
    </event>
    <event id="10529722-e0d2-4a59-86d1-c38a4e08a346" trigger="onClick">
      <case execType="serial" delayAction="0">
        <description>Case 1</description>
        <block>
          <navigateLink execType="serial" delayAction="0">
            <screen id="f486c4aa-7209-4fcf-9bc8-3dedba101181">Upload Reports</screen>
            <type>window</type>
          </navigateLink>
        </block>
      </case>
    </event>
    <event id="779b9765-c85f-4a2c-8d40-2b4d3aa572a7" trigger="onClick">
      <case execType="serial" delayAction="0">
        <description>Case 1</description>
        <block>
          <navigateLink execType="serial" delayAction="0">
            <screen id="f486c4aa-7209-4fcf-9bc8-3dedba101181">Upload Reports</screen>
            <type>window</type>
          </navigateLink>
        </block>
      </case>
    </event>
  </Events>
</screen>

