<?xml version="1.0" encoding="UTF-8"?>
<screen>
  <parentCode />
  <folderPosition>0</folderPosition>
  <name>CPKSolution_Main</name>
  <code>d12245cc-1680-458d-89dd-4f0d7fb22724</code>
  <templateID>f39803f7-df02-4169-93eb-7547fb8c961a</templateID>
  <date>13/02/2017 14:34:40</date>
  <note></note>
  <legend-item></legend-item>
  <pageAlignment>CENTER</pageAlignment>
  <orientation>PORTRAIT</orientation>
  <backgroundGrowth>BOTH</backgroundGrowth>
  <width>1024</width>
  <height>768</height>
  <item-group id="9baede0d-d47a-4051-a482-8ed5ab5a5ced" visible="true">
    <navigation-component id="c9385e42-043a-436d-912e-358d734baeca" type="menu" horizontal="true" hidden="false" lockType="none" onTop="false" visible="true">
      <navigation-component id="587a329d-8e0d-48d3-a1a4-9c741f9778d4" type="menuItem" iconWidth="0" spacing="0" hidden="false" lockType="none" onTop="false" visible="true">
        <name>Admin</name>
        <userID>Menu_item_2</userID>
        <navigation-component id="0f3b674f-9469-4c60-95a0-a509b6e204d2" type="menuItem" iconWidth="0" spacing="0" hidden="false" lockType="none" onTop="false" visible="true">
          <name>Manage User</name>
          <userID>Menu_item_3</userID>
          <style name="LnFMenuItem">
            <DimensionStyle width="101" height="30" />
            <PositioningStyle left="0" top="0" />
            <BackgroundStyle type="color" value="255r255g255b" />
            <BorderStyle radius="0" leftColor="0r0g0b" topColor="0r0g0b" rightColor="0r0g0b" bottomColor="0r0g0b" leftStyle="solid" topStyle="solid" rightStyle="solid" bottomStyle="solid" leftWidth="1" topWidth="1" rightWidth="1" bottomWidth="1" />
            <TextStyle color="0r0g0b" hAlign="left" vAlign="center" decoration="none" line-height="17" />
            <FontStyle size="10.0" height="18">
              <family>Roboto</family>
              <style name="Regular" weight="400" italic="normal" />
              <evc-file>Roboto-Regular</evc-file>
            </FontStyle>
            <TransparencyStyle value="0" />
            <ShadowStyle>
              <Text enable="false" />
            </ShadowStyle>
          </style>
          <userID>Menu_item_3</userID>
        </navigation-component>
        <navigation-component id="afdc3d57-dcec-42d5-9d1c-1a2a8fa942d2" type="menuItem" iconWidth="0" spacing="0" hidden="false" lockType="none" onTop="false" visible="true">
          <name>Upload Reports</name>
          <userID>Menu_item_4</userID>
          <style name="LnFMenuItem">
            <DimensionStyle width="101" height="30" />
            <PositioningStyle left="0" top="0" />
            <BackgroundStyle type="color" value="255r255g255b" />
            <BorderStyle radius="0" leftColor="0r0g0b" topColor="0r0g0b" rightColor="0r0g0b" bottomColor="0r0g0b" leftStyle="solid" topStyle="solid" rightStyle="solid" bottomStyle="solid" leftWidth="1" topWidth="1" rightWidth="1" bottomWidth="1" />
            <TextStyle color="0r0g0b" hAlign="left" vAlign="center" decoration="none" line-height="17" />
            <FontStyle size="10.0" height="18">
              <family>Roboto</family>
              <style name="Regular" weight="400" italic="normal" />
              <evc-file>Roboto-Regular</evc-file>
            </FontStyle>
            <TransparencyStyle value="0" />
            <ShadowStyle>
              <Text enable="false" />
            </ShadowStyle>
          </style>
          <userID>Menu_item_4</userID>
        </navigation-component>
        <navigation-component id="919d82b6-8129-4991-a0b4-d1bcb3ec7c4a" type="menuItem" iconWidth="0" spacing="0" hidden="false" lockType="none" onTop="false" visible="true">
          <name>Manage Group</name>
          <userID>Menu_item_5</userID>
          <style name="LnFMenuItem">
            <DimensionStyle width="101" height="30" />
            <PositioningStyle left="0" top="0" />
            <BackgroundStyle type="color" value="255r255g255b" />
            <BorderStyle radius="0" leftColor="0r0g0b" topColor="0r0g0b" rightColor="0r0g0b" bottomColor="0r0g0b" leftStyle="solid" topStyle="solid" rightStyle="solid" bottomStyle="solid" leftWidth="1" topWidth="1" rightWidth="1" bottomWidth="1" />
            <TextStyle color="0r0g0b" hAlign="left" vAlign="center" decoration="none" line-height="17" />
            <FontStyle size="10.0" height="18">
              <family>Roboto</family>
              <style name="Regular" weight="400" italic="normal" />
              <evc-file>Roboto-Regular</evc-file>
            </FontStyle>
            <TransparencyStyle value="0" />
            <ShadowStyle>
              <Text enable="false" />
            </ShadowStyle>
          </style>
          <userID>Menu_item_5</userID>
        </navigation-component>
        <style name="LnFMenuItem">
          <DimensionStyle width="48" height="32" />
          <PositioningStyle left="0" top="0" />
          <BackgroundStyle type="color" value="255r255g255b" />
          <BorderStyle radius="0" leftColor="0r0g0b" topColor="0r0g0b" rightColor="0r0g0b" bottomColor="0r0g0b" leftStyle="solid" topStyle="solid" rightStyle="solid" bottomStyle="solid" leftWidth="1" topWidth="1" rightWidth="1" bottomWidth="1" />
          <TextStyle color="0r0g0b" hAlign="left" vAlign="center" decoration="none" line-height="17" />
          <FontStyle size="10.0" height="18">
            <family>Roboto</family>
            <style name="Regular" weight="400" italic="normal" />
            <evc-file>Roboto-Regular</evc-file>
          </FontStyle>
          <TransparencyStyle value="0" />
          <ShadowStyle>
            <Text enable="false" />
          </ShadowStyle>
        </style>
        <userID>Menu_item_2</userID>
      </navigation-component>
      <navigation-component id="62090432-6be6-4125-81d6-f0f5b0d4735b" type="menuItem" iconWidth="0" spacing="0" hidden="false" lockType="none" onTop="false" visible="true">
        <name>User</name>
        <userID>Menu_item_1</userID>
        <style name="LnFMenuItem">
          <DimensionStyle width="39" height="32" />
          <PositioningStyle left="48" top="0" />
          <BackgroundStyle type="color" value="255r255g255b" />
          <BorderStyle radius="0" leftColor="0r0g0b" topColor="0r0g0b" rightColor="0r0g0b" bottomColor="0r0g0b" leftStyle="solid" topStyle="solid" rightStyle="solid" bottomStyle="solid" leftWidth="1" topWidth="1" rightWidth="1" bottomWidth="1" />
          <TextStyle color="0r0g0b" hAlign="left" vAlign="center" decoration="none" line-height="17" />
          <FontStyle size="10.0" height="18">
            <family>Roboto</family>
            <style name="Regular" weight="400" italic="normal" />
            <evc-file>Roboto-Regular</evc-file>
          </FontStyle>
          <TransparencyStyle value="0" />
          <ShadowStyle>
            <Text enable="false" />
          </ShadowStyle>
        </style>
        <userID>Menu_item_1</userID>
      </navigation-component>
      <style name="LnFMenu">
        <DimensionStyle width="807" height="34" />
        <PositioningStyle left="87" top="105" />
        <BackgroundStyle type="transparent" />
        <BorderStyle radius="0" leftColor="0r0g0b" topColor="0r0g0b" rightColor="0r0g0b" bottomColor="0r0g0b" leftStyle="solid" topStyle="solid" rightStyle="solid" bottomStyle="solid" leftWidth="1" topWidth="1" rightWidth="1" bottomWidth="1" />
        <TransparencyStyle value="0" />
        <ShadowStyle>
          <Box enable="false" />
        </ShadowStyle>
      </style>
      <userID>Menu_1</userID>
    </navigation-component>
    <button id="66ff415b-8acf-43b6-8c79-38f5132d4558" singleLine="true" hidden="false" lockType="none" onTop="false" visible="true">
      <text>Message</text>
      <style name="LnFButton">
        <DimensionStyle width="63" height="26" />
        <PositioningStyle left="684" top="74" />
        <BackgroundStyle type="gradient">
          <gradient firstColor="255r255g255b" secondColor="230r230g230b" orientation="vertical" double="false" />
        </BackgroundStyle>
        <BorderStyle radius="30" leftColor="205r205g205b" topColor="205r205g205b" rightColor="205r205g205b" bottomColor="205r205g205b" leftStyle="solid" topStyle="solid" rightStyle="solid" bottomStyle="solid" leftWidth="1" topWidth="1" rightWidth="1" bottomWidth="1" />
        <TextStyle color="3r3g3b" hAlign="center" vAlign="center" decoration="none" line-height="0" />
        <FontStyle size="10.0" height="18">
          <family>Roboto</family>
          <style name="Regular" weight="400" italic="normal" />
          <evc-file>Roboto-Regular</evc-file>
        </FontStyle>
        <TransparencyStyle value="0" />
        <PaddingStyle top="0" left="0" bottom="0" right="0" />
        <RotationStyle angle="0" />
        <ShadowStyle>
          <Box enable="false" />
          <Text enable="false" />
        </ShadowStyle>
      </style>
      <rich-text-range-list>
        <text-range text-range-start="0" text-range-end="7">
          <style name="LnFTextRange">
            <FontStyle size="10.0" height="18">
              <family>Roboto</family>
              <style name="Regular" weight="400" italic="normal" />
              <evc-file>Roboto-Regular</evc-file>
            </FontStyle>
            <TextStyle color="3r3g3b" hAlign="center" vAlign="center" decoration="none" line-height="0" />
          </style>
        </text-range>
      </rich-text-range-list>
      <userID>Button_1</userID>
    </button>
    <button id="9b4ecda6-ee7a-4f43-884f-ff3fd112bc58" singleLine="true" hidden="false" lockType="none" onTop="false" visible="true">
      <text>Sign in</text>
      <style name="LnFButton">
        <DimensionStyle width="63" height="26" />
        <PositioningStyle left="824" top="74" />
        <BackgroundStyle type="gradient">
          <gradient firstColor="255r255g255b" secondColor="230r230g230b" orientation="vertical" double="false" />
        </BackgroundStyle>
        <BorderStyle radius="30" leftColor="205r205g205b" topColor="205r205g205b" rightColor="205r205g205b" bottomColor="205r205g205b" leftStyle="solid" topStyle="solid" rightStyle="solid" bottomStyle="solid" leftWidth="1" topWidth="1" rightWidth="1" bottomWidth="1" />
        <TextStyle color="3r3g3b" hAlign="center" vAlign="center" decoration="none" line-height="0" />
        <FontStyle size="10.0" height="18">
          <family>Roboto</family>
          <style name="Regular" weight="400" italic="normal" />
          <evc-file>Roboto-Regular</evc-file>
        </FontStyle>
        <TransparencyStyle value="0" />
        <PaddingStyle top="0" left="0" bottom="0" right="0" />
        <RotationStyle angle="0" />
        <ShadowStyle>
          <Box enable="false" />
          <Text enable="false" />
        </ShadowStyle>
      </style>
      <rich-text-range-list>
        <text-range text-range-start="0" text-range-end="7">
          <style name="LnFTextRange">
            <FontStyle size="10.0" height="18">
              <family>Roboto</family>
              <style name="Regular" weight="400" italic="normal" />
              <evc-file>Roboto-Regular</evc-file>
            </FontStyle>
            <TextStyle color="3r3g3b" hAlign="center" vAlign="center" decoration="none" line-height="0" />
          </style>
        </text-range>
      </rich-text-range-list>
      <userID>Button_2</userID>
    </button>
    <button id="8b4d2b36-b486-4acb-afff-687dd30d92f9" singleLine="true" hidden="false" lockType="none" onTop="false" visible="true">
      <text>Register</text>
      <style name="LnFButton">
        <DimensionStyle width="63" height="26" />
        <PositioningStyle left="754" top="74" />
        <BackgroundStyle type="gradient">
          <gradient firstColor="255r255g255b" secondColor="230r230g230b" orientation="vertical" double="false" />
        </BackgroundStyle>
        <BorderStyle radius="30" leftColor="205r205g205b" topColor="205r205g205b" rightColor="205r205g205b" bottomColor="205r205g205b" leftStyle="solid" topStyle="solid" rightStyle="solid" bottomStyle="solid" leftWidth="1" topWidth="1" rightWidth="1" bottomWidth="1" />
        <TextStyle color="3r3g3b" hAlign="center" vAlign="center" decoration="none" line-height="0" />
        <FontStyle size="10.0" height="18">
          <family>Roboto</family>
          <style name="Regular" weight="400" italic="normal" />
          <evc-file>Roboto-Regular</evc-file>
        </FontStyle>
        <TransparencyStyle value="0" />
        <PaddingStyle top="0" left="0" bottom="0" right="0" />
        <RotationStyle angle="0" />
        <ShadowStyle>
          <Box enable="false" />
          <Text enable="false" />
        </ShadowStyle>
      </style>
      <rich-text-range-list>
        <text-range text-range-start="0" text-range-end="8">
          <style name="LnFTextRange">
            <FontStyle size="10.0" height="18">
              <family>Roboto</family>
              <style name="Regular" weight="400" italic="normal" />
              <evc-file>Roboto-Regular</evc-file>
            </FontStyle>
            <TextStyle color="3r3g3b" hAlign="center" vAlign="center" decoration="none" line-height="0" />
          </style>
        </text-range>
      </rich-text-range-list>
      <userID>Button_3</userID>
    </button>
    <rectangle id="b50bd58d-e0ab-40f0-9b48-49e396beee60" auto-fit="false" hidden="false" lockType="none" onTop="false" visible="true">
      <text></text>
      <style name="LnFRectangle">
        <DimensionStyle width="800" height="448" />
        <PositioningStyle left="92" top="155" />
        <BackgroundStyle type="color" value="255r255g255b" />
        <BorderStyle radius="0" leftColor="64r64g64b" topColor="64r64g64b" rightColor="64r64g64b" bottomColor="64r64g64b" leftStyle="solid" topStyle="solid" rightStyle="solid" bottomStyle="solid" leftWidth="2" topWidth="2" rightWidth="2" bottomWidth="2" />
        <TextStyle color="51r51g51b" hAlign="center" vAlign="center" decoration="none" line-height="17" />
        <FontStyle size="10.0" height="18">
          <family>Roboto</family>
          <style name="Regular" weight="400" italic="normal" />
          <evc-file>Roboto-Regular</evc-file>
        </FontStyle>
        <TransparencyStyle value="0" />
        <PaddingStyle top="0" left="0" bottom="0" right="0" />
        <RotationStyle angle="0" />
        <ShadowStyle>
          <Box enable="false" />
          <Text enable="false" />
        </ShadowStyle>
      </style>
      <rich-text-range-list>
        <text-range text-range-start="0" text-range-end="0">
          <style name="LnFTextRange">
            <FontStyle size="10.0" height="17">
              <family>Roboto</family>
              <style name="Regular" weight="400" italic="normal" />
              <evc-file>Roboto-Regular</evc-file>
            </FontStyle>
            <TextStyle color="51r51g51b" hAlign="center" vAlign="center" decoration="none" line-height="17" />
          </style>
        </text-range>
      </rich-text-range-list>
      <userID>Rectangle_1</userID>
    </rectangle>
    <style name="LnFCanvas">
      <DimensionStyle width="894" height="603" />
      <PositioningStyle left="0" top="0" />
      <BackgroundStyle type="transparent" />
      <TransparencyStyle value="0" />
    </style>
  </item-group>
  <Events>
    <event id="62090432-6be6-4125-81d6-f0f5b0d4735b" trigger="onClick">
      <case execType="serial" delayAction="0">
        <description>Case 1</description>
        <block>
          <navigateLink execType="serial" delayAction="0">
            <screen id="88221d3a-91af-46a0-9886-e77414066779">Reports List</screen>
            <type>window</type>
          </navigateLink>
        </block>
      </case>
    </event>
    <event id="0f3b674f-9469-4c60-95a0-a509b6e204d2" trigger="onClick">
      <case execType="serial" delayAction="0">
        <description>Case 1</description>
        <block>
          <navigateLink execType="serial" delayAction="0">
            <screen id="e992888e-b493-4b1c-9f31-9f859aecf46d">Manage User</screen>
            <type>window</type>
          </navigateLink>
        </block>
      </case>
    </event>
    <event id="afdc3d57-dcec-42d5-9d1c-1a2a8fa942d2" trigger="onClick">
      <case execType="serial" delayAction="0">
        <description>Case 1</description>
        <block>
          <navigateLink execType="serial" delayAction="0">
            <screen id="9ebd72c4-7159-4cfd-826b-6fcf82300da4">Upload Report List</screen>
            <type>window</type>
          </navigateLink>
        </block>
      </case>
    </event>
    <event id="919d82b6-8129-4991-a0b4-d1bcb3ec7c4a" trigger="onClick">
      <case execType="serial" delayAction="0">
        <description>Case 1</description>
        <block>
          <navigateLink execType="serial" delayAction="0">
            <screen id="26f24953-58f7-4ff2-84a3-0cf4fb413f25">Manage Group</screen>
            <type>window</type>
          </navigateLink>
        </block>
      </case>
    </event>
    <event id="66ff415b-8acf-43b6-8c79-38f5132d4558" trigger="onClick">
      <case execType="serial" delayAction="0">
        <description>Case 1</description>
        <block>
          <navigateLink execType="serial" delayAction="0">
            <screen id="6f7a217f-ae6c-4eb2-a1c7-d61b52dd5800">Message List</screen>
            <type>window</type>
          </navigateLink>
        </block>
      </case>
    </event>
    <event id="9b4ecda6-ee7a-4f43-884f-ff3fd112bc58" trigger="onClick">
      <case execType="serial" delayAction="0">
        <description>Case 1</description>
        <block>
          <navigateLink execType="serial" delayAction="0">
            <screen id="999e5773-9419-4962-919c-1bf13e528c3d">Sign in</screen>
            <type>window</type>
          </navigateLink>
        </block>
      </case>
    </event>
    <event id="8b4d2b36-b486-4acb-afff-687dd30d92f9" trigger="onClick">
      <case execType="serial" delayAction="0">
        <description>Case 1</description>
        <block>
          <navigateLink execType="serial" delayAction="0">
            <screen id="7c45a4ef-66eb-4694-ab7e-e02abd227063">Register</screen>
            <type>window</type>
          </navigateLink>
        </block>
      </case>
    </event>
  </Events>
</screen>

