<?xml version="1.0" encoding="UTF-8"?>
<screen>
  <parentCode />
  <folderPosition>5</folderPosition>
  <name>Manage User</name>
  <code>e992888e-b493-4b1c-9f31-9f859aecf46d</code>
  <templateID>f39803f7-df02-4169-93eb-7547fb8c961a</templateID>
  <date>13/02/2017 14:32:24</date>
  <note></note>
  <legend-item></legend-item>
  <pageAlignment>CENTER</pageAlignment>
  <orientation>PORTRAIT</orientation>
  <backgroundGrowth>BOTH</backgroundGrowth>
  <width>1024</width>
  <height>768</height>
  <item-group id="08e0df4d-78d8-4a39-9f63-9e883922c441" visible="true">
    <label id="28f507ad-3cb7-4b3d-a3d6-be0f36925cb2" singleLine="true" hidden="false" lockType="bothsizes" onTop="false" visible="true">
      <text>Manager User</text>
      <style name="LnFTextBox">
        <DimensionStyle width="170" height="35" autofit="true" />
        <PositioningStyle left="187" top="104" />
        <BackgroundStyle type="transparent" />
        <BorderStyle radius="0" leftColor="0r0g0b" topColor="0r0g0b" rightColor="0r0g0b" bottomColor="0r0g0b" leftStyle="none" topStyle="none" rightStyle="none" bottomStyle="none" leftWidth="1" topWidth="1" rightWidth="1" bottomWidth="1" />
        <TextStyle color="51r51g51b" hAlign="left" vAlign="center" decoration="none" line-height="0" />
        <FontStyle size="20.0" height="35">
          <family>Roboto</family>
          <style name="Bold" weight="700" italic="normal" />
          <evc-file>Roboto-Bold</evc-file>
        </FontStyle>
        <TransparencyStyle value="0" />
        <PaddingStyle top="0" left="0" bottom="0" right="0" />
        <RotationStyle angle="0" />
        <ShadowStyle>
          <Box enable="false" />
          <Text enable="false" />
        </ShadowStyle>
      </style>
      <rich-text-range-list>
        <text-range text-range-start="0" text-range-end="12">
          <style name="LnFTextRange">
            <FontStyle size="20.0" height="35">
              <family>Roboto</family>
              <style name="Bold" weight="700" italic="normal" />
              <evc-file>Roboto-Bold</evc-file>
            </FontStyle>
            <TextStyle color="51r51g51b" hAlign="left" vAlign="center" decoration="none" line-height="0" />
          </style>
        </text-range>
      </rich-text-range-list>
      <userID>Text_1</userID>
    </label>
    <textTable id="a1c08555-f300-4af4-9b51-a710bf4e6ddc" numColumns="5" numRows="6" hidden="false" lockType="none" onTop="false" visible="true">
      <textCell id="179c0b98-52c8-465e-a71d-90d947302566" column="0" row="0" colspan="1" rowspan="1">
        <userID>Text_cell_1</userID>
        <text>No.</text>
        <style name="LnFTextCell">
          <DimensionStyle width="88" height="34" />
          <PositioningStyle left="0" top="0" />
          <BackgroundStyle type="transparent" />
          <BorderStyle radius="0" leftColor="221r221g221b" topColor="221r221g221b" rightColor="221r221g221b" bottomColor="221r221g221b" leftStyle="none" topStyle="none" rightStyle="solid" bottomStyle="solid" leftWidth="1" topWidth="1" rightWidth="1" bottomWidth="1" />
          <TextStyle color="51r51g51b" hAlign="left" vAlign="center" decoration="none" line-height="14" />
          <FontStyle size="10.0" height="18">
            <family>Roboto</family>
            <style name="Regular" weight="400" italic="normal" />
            <evc-file>Roboto-Regular</evc-file>
          </FontStyle>
          <TransparencyStyle value="0" />
          <PaddingStyle top="0" left="12" bottom="0" right="0" />
          <ShadowStyle>
            <Text enable="false" />
          </ShadowStyle>
        </style>
        <rich-text-range-list>
          <text-range text-range-start="0" text-range-end="3">
            <style name="LnFTextRange">
              <FontStyle size="10.0" height="18">
                <family>Roboto</family>
                <style name="Regular" weight="400" italic="normal" />
                <evc-file>Roboto-Regular</evc-file>
              </FontStyle>
              <TextStyle color="51r51g51b" hAlign="left" vAlign="center" decoration="none" line-height="14" />
            </style>
          </text-range>
        </rich-text-range-list>
      </textCell>
      <textCell id="7006fc5c-e43e-43fd-80b4-42f5ff5ab784" column="1" row="0" colspan="1" rowspan="1">
        <userID>Text_cell_7</userID>
        <text>Type</text>
        <style name="LnFTextCell">
          <DimensionStyle width="113" height="34" />
          <PositioningStyle left="88" top="0" />
          <BackgroundStyle type="transparent" />
          <BorderStyle radius="0" leftColor="221r221g221b" topColor="221r221g221b" rightColor="221r221g221b" bottomColor="221r221g221b" leftStyle="none" topStyle="none" rightStyle="solid" bottomStyle="solid" leftWidth="1" topWidth="1" rightWidth="1" bottomWidth="1" />
          <TextStyle color="51r51g51b" hAlign="left" vAlign="center" decoration="none" line-height="14" />
          <FontStyle size="10.0" height="18">
            <family>Roboto</family>
            <style name="Regular" weight="400" italic="normal" />
            <evc-file>Roboto-Regular</evc-file>
          </FontStyle>
          <TransparencyStyle value="0" />
          <PaddingStyle top="0" left="12" bottom="0" right="0" />
          <ShadowStyle>
            <Text enable="false" />
          </ShadowStyle>
        </style>
        <rich-text-range-list>
          <text-range text-range-start="0" text-range-end="4">
            <style name="LnFTextRange">
              <FontStyle size="10.0" height="18">
                <family>Roboto</family>
                <style name="Regular" weight="400" italic="normal" />
                <evc-file>Roboto-Regular</evc-file>
              </FontStyle>
              <TextStyle color="51r51g51b" hAlign="left" vAlign="center" decoration="none" line-height="14" />
            </style>
          </text-range>
        </rich-text-range-list>
      </textCell>
      <textCell id="2cc652cb-1b01-40d5-b681-50cc1c2532c9" column="2" row="0" colspan="1" rowspan="1">
        <userID>Text_cell_4</userID>
        <text>Name</text>
        <style name="LnFTextCell">
          <DimensionStyle width="181" height="34" />
          <PositioningStyle left="201" top="0" />
          <BackgroundStyle type="transparent" />
          <BorderStyle radius="0" leftColor="221r221g221b" topColor="221r221g221b" rightColor="221r221g221b" bottomColor="221r221g221b" leftStyle="none" topStyle="none" rightStyle="solid" bottomStyle="solid" leftWidth="1" topWidth="1" rightWidth="1" bottomWidth="1" />
          <TextStyle color="51r51g51b" hAlign="left" vAlign="center" decoration="none" line-height="14" />
          <FontStyle size="10.0" height="18">
            <family>Roboto</family>
            <style name="Regular" weight="400" italic="normal" />
            <evc-file>Roboto-Regular</evc-file>
          </FontStyle>
          <TransparencyStyle value="0" />
          <PaddingStyle top="0" left="12" bottom="0" right="0" />
          <ShadowStyle>
            <Text enable="false" />
          </ShadowStyle>
        </style>
        <rich-text-range-list>
          <text-range text-range-start="0" text-range-end="4">
            <style name="LnFTextRange">
              <FontStyle size="10.0" height="18">
                <family>Roboto</family>
                <style name="Regular" weight="400" italic="normal" />
                <evc-file>Roboto-Regular</evc-file>
              </FontStyle>
              <TextStyle color="51r51g51b" hAlign="left" vAlign="center" decoration="none" line-height="14" />
            </style>
          </text-range>
        </rich-text-range-list>
      </textCell>
      <textCell id="b665e9f0-f4f8-48ce-9e8e-e0d3dc888071" column="3" row="0" colspan="1" rowspan="1">
        <userID>Text_cell_19</userID>
        <text>Account ID</text>
        <style name="LnFTextCell">
          <DimensionStyle width="113" height="34" />
          <PositioningStyle left="382" top="0" />
          <BackgroundStyle type="transparent" />
          <BorderStyle radius="0" leftColor="221r221g221b" topColor="221r221g221b" rightColor="221r221g221b" bottomColor="221r221g221b" leftStyle="none" topStyle="none" rightStyle="solid" bottomStyle="solid" leftWidth="1" topWidth="1" rightWidth="1" bottomWidth="1" />
          <TextStyle color="51r51g51b" hAlign="left" vAlign="center" decoration="none" line-height="14" />
          <FontStyle size="10.0" height="18">
            <family>Roboto</family>
            <style name="Regular" weight="400" italic="normal" />
            <evc-file>Roboto-Regular</evc-file>
          </FontStyle>
          <TransparencyStyle value="0" />
          <PaddingStyle top="0" left="12" bottom="0" right="0" />
          <ShadowStyle>
            <Text enable="false" />
          </ShadowStyle>
        </style>
        <rich-text-range-list>
          <text-range text-range-start="0" text-range-end="10">
            <style name="LnFTextRange">
              <FontStyle size="10.0" height="18">
                <family>Roboto</family>
                <style name="Regular" weight="400" italic="normal" />
                <evc-file>Roboto-Regular</evc-file>
              </FontStyle>
              <TextStyle color="51r51g51b" hAlign="left" vAlign="center" decoration="none" line-height="14" />
            </style>
          </text-range>
        </rich-text-range-list>
      </textCell>
      <textCell id="be624637-84c4-4217-972b-a090443f6aec" column="4" row="0" colspan="1" rowspan="1">
        <userID>Text_cell_25</userID>
        <text>status</text>
        <style name="LnFTextCell">
          <DimensionStyle width="113" height="34" />
          <PositioningStyle left="495" top="0" />
          <BackgroundStyle type="transparent" />
          <BorderStyle radius="0" leftColor="221r221g221b" topColor="221r221g221b" rightColor="221r221g221b" bottomColor="221r221g221b" leftStyle="none" topStyle="none" rightStyle="solid" bottomStyle="solid" leftWidth="1" topWidth="1" rightWidth="1" bottomWidth="1" />
          <TextStyle color="51r51g51b" hAlign="left" vAlign="center" decoration="none" line-height="14" />
          <FontStyle size="10.0" height="18">
            <family>Roboto</family>
            <style name="Regular" weight="400" italic="normal" />
            <evc-file>Roboto-Regular</evc-file>
          </FontStyle>
          <TransparencyStyle value="0" />
          <PaddingStyle top="0" left="12" bottom="0" right="0" />
          <ShadowStyle>
            <Text enable="false" />
          </ShadowStyle>
        </style>
        <rich-text-range-list>
          <text-range text-range-start="0" text-range-end="6">
            <style name="LnFTextRange">
              <FontStyle size="10.0" height="18">
                <family>Roboto</family>
                <style name="Regular" weight="400" italic="normal" />
                <evc-file>Roboto-Regular</evc-file>
              </FontStyle>
              <TextStyle color="51r51g51b" hAlign="left" vAlign="center" decoration="none" line-height="14" />
            </style>
          </text-range>
        </rich-text-range-list>
      </textCell>
      <textCell id="ca8ef2ae-ead1-4fbc-8865-5ea398b6605b" column="0" row="1" colspan="1" rowspan="1">
        <userID>Text_cell_2</userID>
        <text>1</text>
        <style name="LnFTextCell">
          <DimensionStyle width="88" height="34" />
          <PositioningStyle left="0" top="34" />
          <BackgroundStyle type="transparent" />
          <BorderStyle radius="0" leftColor="221r221g221b" topColor="221r221g221b" rightColor="221r221g221b" bottomColor="221r221g221b" leftStyle="none" topStyle="none" rightStyle="solid" bottomStyle="solid" leftWidth="1" topWidth="1" rightWidth="1" bottomWidth="1" />
          <TextStyle color="51r51g51b" hAlign="left" vAlign="center" decoration="none" line-height="14" />
          <FontStyle size="10.0" height="18">
            <family>Roboto</family>
            <style name="Regular" weight="400" italic="normal" />
            <evc-file>Roboto-Regular</evc-file>
          </FontStyle>
          <TransparencyStyle value="0" />
          <PaddingStyle top="0" left="12" bottom="0" right="0" />
          <ShadowStyle>
            <Text enable="false" />
          </ShadowStyle>
        </style>
        <rich-text-range-list>
          <text-range text-range-start="0" text-range-end="1">
            <style name="LnFTextRange">
              <FontStyle size="10.0" height="18">
                <family>Roboto</family>
                <style name="Regular" weight="400" italic="normal" />
                <evc-file>Roboto-Regular</evc-file>
              </FontStyle>
              <TextStyle color="51r51g51b" hAlign="left" vAlign="center" decoration="none" line-height="14" />
            </style>
          </text-range>
        </rich-text-range-list>
      </textCell>
      <textCell id="a327cb18-f63d-4ac3-90e4-3b384501c7aa" column="1" row="1" colspan="1" rowspan="1">
        <userID>Text_cell_8</userID>
        <text>Vendor</text>
        <style name="LnFTextCell">
          <DimensionStyle width="113" height="34" />
          <PositioningStyle left="88" top="34" />
          <BackgroundStyle type="transparent" />
          <BorderStyle radius="0" leftColor="221r221g221b" topColor="221r221g221b" rightColor="221r221g221b" bottomColor="221r221g221b" leftStyle="none" topStyle="none" rightStyle="solid" bottomStyle="solid" leftWidth="1" topWidth="1" rightWidth="1" bottomWidth="1" />
          <TextStyle color="51r51g51b" hAlign="left" vAlign="center" decoration="none" line-height="14" />
          <FontStyle size="10.0" height="18">
            <family>Roboto</family>
            <style name="Regular" weight="400" italic="normal" />
            <evc-file>Roboto-Regular</evc-file>
          </FontStyle>
          <TransparencyStyle value="0" />
          <PaddingStyle top="0" left="12" bottom="0" right="0" />
          <ShadowStyle>
            <Text enable="false" />
          </ShadowStyle>
        </style>
        <rich-text-range-list>
          <text-range text-range-start="0" text-range-end="6">
            <style name="LnFTextRange">
              <FontStyle size="10.0" height="18">
                <family>Roboto</family>
                <style name="Regular" weight="400" italic="normal" />
                <evc-file>Roboto-Regular</evc-file>
              </FontStyle>
              <TextStyle color="51r51g51b" hAlign="left" vAlign="center" decoration="none" line-height="14" />
            </style>
          </text-range>
        </rich-text-range-list>
      </textCell>
      <textCell id="de8c701f-614e-47c4-92c1-59ff0530c908" column="2" row="1" colspan="1" rowspan="1">
        <userID>Text_cell_5</userID>
        <text>MicroSoft</text>
        <style name="LnFTextCell">
          <DimensionStyle width="181" height="34" />
          <PositioningStyle left="201" top="34" />
          <BackgroundStyle type="transparent" />
          <BorderStyle radius="0" leftColor="221r221g221b" topColor="221r221g221b" rightColor="221r221g221b" bottomColor="221r221g221b" leftStyle="none" topStyle="none" rightStyle="solid" bottomStyle="solid" leftWidth="1" topWidth="1" rightWidth="1" bottomWidth="1" />
          <TextStyle color="51r51g51b" hAlign="left" vAlign="center" decoration="none" line-height="14" />
          <FontStyle size="10.0" height="18">
            <family>Roboto</family>
            <style name="Regular" weight="400" italic="normal" />
            <evc-file>Roboto-Regular</evc-file>
          </FontStyle>
          <TransparencyStyle value="0" />
          <PaddingStyle top="0" left="12" bottom="0" right="0" />
          <ShadowStyle>
            <Text enable="false" />
          </ShadowStyle>
        </style>
        <rich-text-range-list>
          <text-range text-range-start="0" text-range-end="9">
            <style name="LnFTextRange">
              <FontStyle size="10.0" height="18">
                <family>Roboto</family>
                <style name="Regular" weight="400" italic="normal" />
                <evc-file>Roboto-Regular</evc-file>
              </FontStyle>
              <TextStyle color="51r51g51b" hAlign="left" vAlign="center" decoration="none" line-height="14" />
            </style>
          </text-range>
        </rich-text-range-list>
      </textCell>
      <textCell id="7e19721b-35d2-4cc2-9d59-2eda5b233c13" column="3" row="1" colspan="1" rowspan="1">
        <userID>Text_cell_20</userID>
        <text>Vendor1234</text>
        <style name="LnFTextCell">
          <DimensionStyle width="113" height="34" />
          <PositioningStyle left="382" top="34" />
          <BackgroundStyle type="transparent" />
          <BorderStyle radius="0" leftColor="221r221g221b" topColor="221r221g221b" rightColor="221r221g221b" bottomColor="221r221g221b" leftStyle="none" topStyle="none" rightStyle="solid" bottomStyle="solid" leftWidth="1" topWidth="1" rightWidth="1" bottomWidth="1" />
          <TextStyle color="51r51g51b" hAlign="left" vAlign="center" decoration="none" line-height="14" />
          <FontStyle size="10.0" height="18">
            <family>Roboto</family>
            <style name="Regular" weight="400" italic="normal" />
            <evc-file>Roboto-Regular</evc-file>
          </FontStyle>
          <TransparencyStyle value="0" />
          <PaddingStyle top="0" left="12" bottom="0" right="0" />
          <ShadowStyle>
            <Text enable="false" />
          </ShadowStyle>
        </style>
        <rich-text-range-list>
          <text-range text-range-start="0" text-range-end="10">
            <style name="LnFTextRange">
              <FontStyle size="10.0" height="18">
                <family>Roboto</family>
                <style name="Regular" weight="400" italic="normal" />
                <evc-file>Roboto-Regular</evc-file>
              </FontStyle>
              <TextStyle color="51r51g51b" hAlign="left" vAlign="center" decoration="none" line-height="14" />
            </style>
          </text-range>
        </rich-text-range-list>
      </textCell>
      <textCell id="670e4d45-ab3c-47b4-bb8c-d1dab6765f94" column="4" row="1" colspan="1" rowspan="1">
        <userID>Text_cell_26</userID>
        <text>Active</text>
        <style name="LnFTextCell">
          <DimensionStyle width="113" height="34" />
          <PositioningStyle left="495" top="34" />
          <BackgroundStyle type="transparent" />
          <BorderStyle radius="0" leftColor="221r221g221b" topColor="221r221g221b" rightColor="221r221g221b" bottomColor="221r221g221b" leftStyle="none" topStyle="none" rightStyle="solid" bottomStyle="solid" leftWidth="1" topWidth="1" rightWidth="1" bottomWidth="1" />
          <TextStyle color="51r51g51b" hAlign="left" vAlign="center" decoration="none" line-height="14" />
          <FontStyle size="10.0" height="18">
            <family>Roboto</family>
            <style name="Regular" weight="400" italic="normal" />
            <evc-file>Roboto-Regular</evc-file>
          </FontStyle>
          <TransparencyStyle value="0" />
          <PaddingStyle top="0" left="12" bottom="0" right="0" />
          <ShadowStyle>
            <Text enable="false" />
          </ShadowStyle>
        </style>
        <rich-text-range-list>
          <text-range text-range-start="0" text-range-end="6">
            <style name="LnFTextRange">
              <FontStyle size="10.0" height="18">
                <family>Roboto</family>
                <style name="Regular" weight="400" italic="normal" />
                <evc-file>Roboto-Regular</evc-file>
              </FontStyle>
              <TextStyle color="51r51g51b" hAlign="left" vAlign="center" decoration="none" line-height="14" />
            </style>
          </text-range>
        </rich-text-range-list>
      </textCell>
      <textCell id="628f36dc-1362-4621-b3be-eebb00620d8a" column="0" row="2" colspan="1" rowspan="1">
        <userID>Text_cell_3</userID>
        <text>2</text>
        <style name="LnFTextCell">
          <DimensionStyle width="88" height="34" />
          <PositioningStyle left="0" top="68" />
          <BackgroundStyle type="transparent" />
          <BorderStyle radius="0" leftColor="221r221g221b" topColor="221r221g221b" rightColor="221r221g221b" bottomColor="221r221g221b" leftStyle="none" topStyle="none" rightStyle="solid" bottomStyle="solid" leftWidth="1" topWidth="1" rightWidth="1" bottomWidth="1" />
          <TextStyle color="51r51g51b" hAlign="left" vAlign="center" decoration="none" line-height="14" />
          <FontStyle size="10.0" height="18">
            <family>Roboto</family>
            <style name="Regular" weight="400" italic="normal" />
            <evc-file>Roboto-Regular</evc-file>
          </FontStyle>
          <TransparencyStyle value="0" />
          <PaddingStyle top="0" left="12" bottom="0" right="0" />
          <ShadowStyle>
            <Text enable="false" />
          </ShadowStyle>
        </style>
        <rich-text-range-list>
          <text-range text-range-start="0" text-range-end="1">
            <style name="LnFTextRange">
              <FontStyle size="10.0" height="18">
                <family>Roboto</family>
                <style name="Regular" weight="400" italic="normal" />
                <evc-file>Roboto-Regular</evc-file>
              </FontStyle>
              <TextStyle color="51r51g51b" hAlign="left" vAlign="center" decoration="none" line-height="14" />
            </style>
          </text-range>
        </rich-text-range-list>
      </textCell>
      <textCell id="c1d8e541-6bb2-429b-9a1d-3695ac1e0d1c" column="1" row="2" colspan="1" rowspan="1">
        <userID>Text_cell_9</userID>
        <text>Employee</text>
        <style name="LnFTextCell">
          <DimensionStyle width="113" height="34" />
          <PositioningStyle left="88" top="68" />
          <BackgroundStyle type="transparent" />
          <BorderStyle radius="0" leftColor="221r221g221b" topColor="221r221g221b" rightColor="221r221g221b" bottomColor="221r221g221b" leftStyle="none" topStyle="none" rightStyle="solid" bottomStyle="solid" leftWidth="1" topWidth="1" rightWidth="1" bottomWidth="1" />
          <TextStyle color="51r51g51b" hAlign="left" vAlign="center" decoration="none" line-height="14" />
          <FontStyle size="10.0" height="18">
            <family>Roboto</family>
            <style name="Regular" weight="400" italic="normal" />
            <evc-file>Roboto-Regular</evc-file>
          </FontStyle>
          <TransparencyStyle value="0" />
          <PaddingStyle top="0" left="12" bottom="0" right="0" />
          <ShadowStyle>
            <Text enable="false" />
          </ShadowStyle>
        </style>
        <rich-text-range-list>
          <text-range text-range-start="0" text-range-end="8">
            <style name="LnFTextRange">
              <FontStyle size="10.0" height="18">
                <family>Roboto</family>
                <style name="Regular" weight="400" italic="normal" />
                <evc-file>Roboto-Regular</evc-file>
              </FontStyle>
              <TextStyle color="51r51g51b" hAlign="left" vAlign="center" decoration="none" line-height="14" />
            </style>
          </text-range>
        </rich-text-range-list>
      </textCell>
      <textCell id="660c49f5-c4ea-4e63-957c-acab1c4f20be" column="2" row="2" colspan="1" rowspan="1">
        <userID>Text_cell_6</userID>
        <text>Kevin Cho</text>
        <style name="LnFTextCell">
          <DimensionStyle width="181" height="34" />
          <PositioningStyle left="201" top="68" />
          <BackgroundStyle type="transparent" />
          <BorderStyle radius="0" leftColor="221r221g221b" topColor="221r221g221b" rightColor="221r221g221b" bottomColor="221r221g221b" leftStyle="none" topStyle="none" rightStyle="solid" bottomStyle="solid" leftWidth="1" topWidth="1" rightWidth="1" bottomWidth="1" />
          <TextStyle color="51r51g51b" hAlign="left" vAlign="center" decoration="none" line-height="14" />
          <FontStyle size="10.0" height="18">
            <family>Roboto</family>
            <style name="Regular" weight="400" italic="normal" />
            <evc-file>Roboto-Regular</evc-file>
          </FontStyle>
          <TransparencyStyle value="0" />
          <PaddingStyle top="0" left="12" bottom="0" right="0" />
          <ShadowStyle>
            <Text enable="false" />
          </ShadowStyle>
        </style>
        <rich-text-range-list>
          <text-range text-range-start="0" text-range-end="9">
            <style name="LnFTextRange">
              <FontStyle size="10.0" height="18">
                <family>Roboto</family>
                <style name="Regular" weight="400" italic="normal" />
                <evc-file>Roboto-Regular</evc-file>
              </FontStyle>
              <TextStyle color="51r51g51b" hAlign="left" vAlign="center" decoration="none" line-height="14" />
            </style>
          </text-range>
        </rich-text-range-list>
      </textCell>
      <textCell id="84f300a0-3b77-46cf-9d4e-c15e8bd27416" column="3" row="2" colspan="1" rowspan="1">
        <userID>Text_cell_21</userID>
        <text>12345</text>
        <style name="LnFTextCell">
          <DimensionStyle width="113" height="34" />
          <PositioningStyle left="382" top="68" />
          <BackgroundStyle type="transparent" />
          <BorderStyle radius="0" leftColor="221r221g221b" topColor="221r221g221b" rightColor="221r221g221b" bottomColor="221r221g221b" leftStyle="none" topStyle="none" rightStyle="solid" bottomStyle="solid" leftWidth="1" topWidth="1" rightWidth="1" bottomWidth="1" />
          <TextStyle color="51r51g51b" hAlign="left" vAlign="center" decoration="none" line-height="14" />
          <FontStyle size="10.0" height="18">
            <family>Roboto</family>
            <style name="Regular" weight="400" italic="normal" />
            <evc-file>Roboto-Regular</evc-file>
          </FontStyle>
          <TransparencyStyle value="0" />
          <PaddingStyle top="0" left="12" bottom="0" right="0" />
          <ShadowStyle>
            <Text enable="false" />
          </ShadowStyle>
        </style>
        <rich-text-range-list>
          <text-range text-range-start="0" text-range-end="5">
            <style name="LnFTextRange">
              <FontStyle size="10.0" height="18">
                <family>Roboto</family>
                <style name="Regular" weight="400" italic="normal" />
                <evc-file>Roboto-Regular</evc-file>
              </FontStyle>
              <TextStyle color="51r51g51b" hAlign="left" vAlign="center" decoration="none" line-height="14" />
            </style>
          </text-range>
        </rich-text-range-list>
      </textCell>
      <textCell id="300c0b0d-cfa8-4f4e-8d72-121892a626ca" column="4" row="2" colspan="1" rowspan="1">
        <userID>Text_cell_27</userID>
        <text>Active</text>
        <style name="LnFTextCell">
          <DimensionStyle width="113" height="34" />
          <PositioningStyle left="495" top="68" />
          <BackgroundStyle type="transparent" />
          <BorderStyle radius="0" leftColor="221r221g221b" topColor="221r221g221b" rightColor="221r221g221b" bottomColor="221r221g221b" leftStyle="none" topStyle="none" rightStyle="solid" bottomStyle="solid" leftWidth="1" topWidth="1" rightWidth="1" bottomWidth="1" />
          <TextStyle color="51r51g51b" hAlign="left" vAlign="center" decoration="none" line-height="14" />
          <FontStyle size="10.0" height="18">
            <family>Roboto</family>
            <style name="Regular" weight="400" italic="normal" />
            <evc-file>Roboto-Regular</evc-file>
          </FontStyle>
          <TransparencyStyle value="0" />
          <PaddingStyle top="0" left="12" bottom="0" right="0" />
          <ShadowStyle>
            <Text enable="false" />
          </ShadowStyle>
        </style>
        <rich-text-range-list>
          <text-range text-range-start="0" text-range-end="6">
            <style name="LnFTextRange">
              <FontStyle size="10.0" height="0">
                <family>Roboto</family>
                <style name="Regular" weight="400" italic="normal" />
                <evc-file>Roboto-Regular</evc-file>
              </FontStyle>
              <TextStyle color="51r51g51b" hAlign="left" vAlign="center" decoration="none" line-height="14" />
            </style>
          </text-range>
        </rich-text-range-list>
      </textCell>
      <textCell id="350602e8-b796-4d1b-80b0-6c986b074333" column="0" row="3" colspan="1" rowspan="1">
        <userID>Text_cell_10</userID>
        <text>3</text>
        <style name="LnFTextCell">
          <DimensionStyle width="88" height="34" />
          <PositioningStyle left="0" top="102" />
          <BackgroundStyle type="transparent" />
          <BorderStyle radius="0" leftColor="221r221g221b" topColor="221r221g221b" rightColor="221r221g221b" bottomColor="221r221g221b" leftStyle="none" topStyle="none" rightStyle="solid" bottomStyle="solid" leftWidth="1" topWidth="1" rightWidth="1" bottomWidth="1" />
          <TextStyle color="51r51g51b" hAlign="left" vAlign="center" decoration="none" line-height="14" />
          <FontStyle size="10.0" height="18">
            <family>Roboto</family>
            <style name="Regular" weight="400" italic="normal" />
            <evc-file>Roboto-Regular</evc-file>
          </FontStyle>
          <TransparencyStyle value="0" />
          <PaddingStyle top="0" left="12" bottom="0" right="0" />
          <ShadowStyle>
            <Text enable="false" />
          </ShadowStyle>
        </style>
        <rich-text-range-list>
          <text-range text-range-start="0" text-range-end="1">
            <style name="LnFTextRange">
              <FontStyle size="10.0" height="18">
                <family>Roboto</family>
                <style name="Regular" weight="400" italic="normal" />
                <evc-file>Roboto-Regular</evc-file>
              </FontStyle>
              <TextStyle color="51r51g51b" hAlign="left" vAlign="center" decoration="none" line-height="14" />
            </style>
          </text-range>
        </rich-text-range-list>
      </textCell>
      <textCell id="429f96ea-2e5c-4e66-8a53-b00cccf4f618" column="1" row="3" colspan="1" rowspan="1">
        <userID>Text_cell_12</userID>
        <text>Customer</text>
        <style name="LnFTextCell">
          <DimensionStyle width="113" height="34" />
          <PositioningStyle left="88" top="102" />
          <BackgroundStyle type="transparent" />
          <BorderStyle radius="0" leftColor="221r221g221b" topColor="221r221g221b" rightColor="221r221g221b" bottomColor="221r221g221b" leftStyle="none" topStyle="none" rightStyle="solid" bottomStyle="solid" leftWidth="1" topWidth="1" rightWidth="1" bottomWidth="1" />
          <TextStyle color="51r51g51b" hAlign="left" vAlign="center" decoration="none" line-height="14" />
          <FontStyle size="10.0" height="18">
            <family>Roboto</family>
            <style name="Regular" weight="400" italic="normal" />
            <evc-file>Roboto-Regular</evc-file>
          </FontStyle>
          <TransparencyStyle value="0" />
          <PaddingStyle top="0" left="12" bottom="0" right="0" />
          <ShadowStyle>
            <Text enable="false" />
          </ShadowStyle>
        </style>
        <rich-text-range-list>
          <text-range text-range-start="0" text-range-end="8">
            <style name="LnFTextRange">
              <FontStyle size="10.0" height="18">
                <family>Roboto</family>
                <style name="Regular" weight="400" italic="normal" />
                <evc-file>Roboto-Regular</evc-file>
              </FontStyle>
              <TextStyle color="51r51g51b" hAlign="left" vAlign="center" decoration="none" line-height="14" />
            </style>
          </text-range>
        </rich-text-range-list>
      </textCell>
      <textCell id="fccf4707-1efe-489b-b8ea-9f05ec35dadf" column="2" row="3" colspan="1" rowspan="1">
        <userID>Text_cell_11</userID>
        <text>Jessica Kim</text>
        <style name="LnFTextCell">
          <DimensionStyle width="181" height="34" />
          <PositioningStyle left="201" top="102" />
          <BackgroundStyle type="transparent" />
          <BorderStyle radius="0" leftColor="221r221g221b" topColor="221r221g221b" rightColor="221r221g221b" bottomColor="221r221g221b" leftStyle="none" topStyle="none" rightStyle="solid" bottomStyle="solid" leftWidth="1" topWidth="1" rightWidth="1" bottomWidth="1" />
          <TextStyle color="51r51g51b" hAlign="left" vAlign="center" decoration="none" line-height="14" />
          <FontStyle size="10.0" height="18">
            <family>Roboto</family>
            <style name="Regular" weight="400" italic="normal" />
            <evc-file>Roboto-Regular</evc-file>
          </FontStyle>
          <TransparencyStyle value="0" />
          <PaddingStyle top="0" left="12" bottom="0" right="0" />
          <ShadowStyle>
            <Text enable="false" />
          </ShadowStyle>
        </style>
        <rich-text-range-list>
          <text-range text-range-start="0" text-range-end="11">
            <style name="LnFTextRange">
              <FontStyle size="10.0" height="18">
                <family>Roboto</family>
                <style name="Regular" weight="400" italic="normal" />
                <evc-file>Roboto-Regular</evc-file>
              </FontStyle>
              <TextStyle color="51r51g51b" hAlign="left" vAlign="center" decoration="none" line-height="14" />
            </style>
          </text-range>
        </rich-text-range-list>
      </textCell>
      <textCell id="bc0a444c-2eb6-4b15-843e-b32256a267ea" column="3" row="3" colspan="1" rowspan="1">
        <userID>Text_cell_22</userID>
        <text>C1234</text>
        <style name="LnFTextCell">
          <DimensionStyle width="113" height="34" />
          <PositioningStyle left="382" top="102" />
          <BackgroundStyle type="transparent" />
          <BorderStyle radius="0" leftColor="221r221g221b" topColor="221r221g221b" rightColor="221r221g221b" bottomColor="221r221g221b" leftStyle="none" topStyle="none" rightStyle="solid" bottomStyle="solid" leftWidth="1" topWidth="1" rightWidth="1" bottomWidth="1" />
          <TextStyle color="51r51g51b" hAlign="left" vAlign="center" decoration="none" line-height="14" />
          <FontStyle size="10.0" height="18">
            <family>Roboto</family>
            <style name="Regular" weight="400" italic="normal" />
            <evc-file>Roboto-Regular</evc-file>
          </FontStyle>
          <TransparencyStyle value="0" />
          <PaddingStyle top="0" left="12" bottom="0" right="0" />
          <ShadowStyle>
            <Text enable="false" />
          </ShadowStyle>
        </style>
        <rich-text-range-list>
          <text-range text-range-start="0" text-range-end="5">
            <style name="LnFTextRange">
              <FontStyle size="10.0" height="18">
                <family>Roboto</family>
                <style name="Regular" weight="400" italic="normal" />
                <evc-file>Roboto-Regular</evc-file>
              </FontStyle>
              <TextStyle color="51r51g51b" hAlign="left" vAlign="center" decoration="none" line-height="14" />
            </style>
          </text-range>
        </rich-text-range-list>
      </textCell>
      <textCell id="66b157c1-8de1-407d-9837-060a5ef4ecd6" column="4" row="3" colspan="1" rowspan="1">
        <userID>Text_cell_28</userID>
        <text>Active</text>
        <style name="LnFTextCell">
          <DimensionStyle width="113" height="34" />
          <PositioningStyle left="495" top="102" />
          <BackgroundStyle type="transparent" />
          <BorderStyle radius="0" leftColor="221r221g221b" topColor="221r221g221b" rightColor="221r221g221b" bottomColor="221r221g221b" leftStyle="none" topStyle="none" rightStyle="solid" bottomStyle="solid" leftWidth="1" topWidth="1" rightWidth="1" bottomWidth="1" />
          <TextStyle color="51r51g51b" hAlign="left" vAlign="center" decoration="none" line-height="14" />
          <FontStyle size="10.0" height="18">
            <family>Roboto</family>
            <style name="Regular" weight="400" italic="normal" />
            <evc-file>Roboto-Regular</evc-file>
          </FontStyle>
          <TransparencyStyle value="0" />
          <PaddingStyle top="0" left="12" bottom="0" right="0" />
          <ShadowStyle>
            <Text enable="false" />
          </ShadowStyle>
        </style>
        <rich-text-range-list>
          <text-range text-range-start="0" text-range-end="6">
            <style name="LnFTextRange">
              <FontStyle size="10.0" height="0">
                <family>Roboto</family>
                <style name="Regular" weight="400" italic="normal" />
                <evc-file>Roboto-Regular</evc-file>
              </FontStyle>
              <TextStyle color="51r51g51b" hAlign="left" vAlign="center" decoration="none" line-height="14" />
            </style>
          </text-range>
        </rich-text-range-list>
      </textCell>
      <textCell id="c4210788-8572-4adc-8fb2-06cd41b14063" column="0" row="4" colspan="1" rowspan="1">
        <userID>Text_cell_16</userID>
        <text>4</text>
        <style name="LnFTextCell">
          <DimensionStyle width="88" height="34" />
          <PositioningStyle left="0" top="136" />
          <BackgroundStyle type="transparent" />
          <BorderStyle radius="0" leftColor="221r221g221b" topColor="221r221g221b" rightColor="221r221g221b" bottomColor="221r221g221b" leftStyle="none" topStyle="none" rightStyle="solid" bottomStyle="solid" leftWidth="1" topWidth="1" rightWidth="1" bottomWidth="1" />
          <TextStyle color="51r51g51b" hAlign="left" vAlign="center" decoration="none" line-height="14" />
          <FontStyle size="10.0" height="18">
            <family>Roboto</family>
            <style name="Regular" weight="400" italic="normal" />
            <evc-file>Roboto-Regular</evc-file>
          </FontStyle>
          <TransparencyStyle value="0" />
          <PaddingStyle top="0" left="12" bottom="0" right="0" />
          <ShadowStyle>
            <Text enable="false" />
          </ShadowStyle>
        </style>
        <rich-text-range-list>
          <text-range text-range-start="0" text-range-end="1">
            <style name="LnFTextRange">
              <FontStyle size="10.0" height="18">
                <family>Roboto</family>
                <style name="Regular" weight="400" italic="normal" />
                <evc-file>Roboto-Regular</evc-file>
              </FontStyle>
              <TextStyle color="51r51g51b" hAlign="left" vAlign="center" decoration="none" line-height="14" />
            </style>
          </text-range>
        </rich-text-range-list>
      </textCell>
      <textCell id="1de3e77c-2111-4a22-a4ae-4140b7e47e5a" column="1" row="4" colspan="1" rowspan="1">
        <userID>Text_cell_18</userID>
        <text>Vendor</text>
        <style name="LnFTextCell">
          <DimensionStyle width="113" height="34" />
          <PositioningStyle left="88" top="136" />
          <BackgroundStyle type="transparent" />
          <BorderStyle radius="0" leftColor="221r221g221b" topColor="221r221g221b" rightColor="221r221g221b" bottomColor="221r221g221b" leftStyle="none" topStyle="none" rightStyle="solid" bottomStyle="solid" leftWidth="1" topWidth="1" rightWidth="1" bottomWidth="1" />
          <TextStyle color="51r51g51b" hAlign="left" vAlign="center" decoration="none" line-height="14" />
          <FontStyle size="10.0" height="18">
            <family>Roboto</family>
            <style name="Regular" weight="400" italic="normal" />
            <evc-file>Roboto-Regular</evc-file>
          </FontStyle>
          <TransparencyStyle value="0" />
          <PaddingStyle top="0" left="12" bottom="0" right="0" />
          <ShadowStyle>
            <Text enable="false" />
          </ShadowStyle>
        </style>
        <rich-text-range-list>
          <text-range text-range-start="0" text-range-end="6">
            <style name="LnFTextRange">
              <FontStyle size="10.0" height="0">
                <family>Roboto</family>
                <style name="Regular" weight="400" italic="normal" />
                <evc-file>Roboto-Regular</evc-file>
              </FontStyle>
              <TextStyle color="51r51g51b" hAlign="left" vAlign="center" decoration="none" line-height="14" />
            </style>
          </text-range>
        </rich-text-range-list>
      </textCell>
      <textCell id="35bbaf7e-ada6-4255-855d-bddc561b77aa" column="2" row="4" colspan="1" rowspan="1">
        <userID>Text_cell_14</userID>
        <text>Bell</text>
        <style name="LnFTextCell">
          <DimensionStyle width="181" height="34" />
          <PositioningStyle left="201" top="136" />
          <BackgroundStyle type="transparent" />
          <BorderStyle radius="0" leftColor="221r221g221b" topColor="221r221g221b" rightColor="221r221g221b" bottomColor="221r221g221b" leftStyle="none" topStyle="none" rightStyle="solid" bottomStyle="solid" leftWidth="1" topWidth="1" rightWidth="1" bottomWidth="1" />
          <TextStyle color="51r51g51b" hAlign="left" vAlign="center" decoration="none" line-height="14" />
          <FontStyle size="10.0" height="18">
            <family>Roboto</family>
            <style name="Regular" weight="400" italic="normal" />
            <evc-file>Roboto-Regular</evc-file>
          </FontStyle>
          <TransparencyStyle value="0" />
          <PaddingStyle top="0" left="12" bottom="0" right="0" />
          <ShadowStyle>
            <Text enable="false" />
          </ShadowStyle>
        </style>
        <rich-text-range-list>
          <text-range text-range-start="0" text-range-end="4">
            <style name="LnFTextRange">
              <FontStyle size="10.0" height="18">
                <family>Roboto</family>
                <style name="Regular" weight="400" italic="normal" />
                <evc-file>Roboto-Regular</evc-file>
              </FontStyle>
              <TextStyle color="51r51g51b" hAlign="left" vAlign="center" decoration="none" line-height="14" />
            </style>
          </text-range>
        </rich-text-range-list>
      </textCell>
      <textCell id="7089586c-ad76-41d0-9ab8-70e9b40631f7" column="3" row="4" colspan="1" rowspan="1">
        <userID>Text_cell_23</userID>
        <text>Vendor1233</text>
        <style name="LnFTextCell">
          <DimensionStyle width="113" height="34" />
          <PositioningStyle left="382" top="136" />
          <BackgroundStyle type="transparent" />
          <BorderStyle radius="0" leftColor="221r221g221b" topColor="221r221g221b" rightColor="221r221g221b" bottomColor="221r221g221b" leftStyle="none" topStyle="none" rightStyle="solid" bottomStyle="solid" leftWidth="1" topWidth="1" rightWidth="1" bottomWidth="1" />
          <TextStyle color="51r51g51b" hAlign="left" vAlign="center" decoration="none" line-height="14" />
          <FontStyle size="10.0" height="18">
            <family>Roboto</family>
            <style name="Regular" weight="400" italic="normal" />
            <evc-file>Roboto-Regular</evc-file>
          </FontStyle>
          <TransparencyStyle value="0" />
          <PaddingStyle top="0" left="12" bottom="0" right="0" />
          <ShadowStyle>
            <Text enable="false" />
          </ShadowStyle>
        </style>
        <rich-text-range-list>
          <text-range text-range-start="0" text-range-end="10">
            <style name="LnFTextRange">
              <FontStyle size="10.0" height="18">
                <family>Roboto</family>
                <style name="Regular" weight="400" italic="normal" />
                <evc-file>Roboto-Regular</evc-file>
              </FontStyle>
              <TextStyle color="51r51g51b" hAlign="left" vAlign="center" decoration="none" line-height="14" />
            </style>
          </text-range>
        </rich-text-range-list>
      </textCell>
      <textCell id="ece55309-72cf-4359-9a22-413cc55f470b" column="4" row="4" colspan="1" rowspan="1">
        <userID>Text_cell_29</userID>
        <text>InActive</text>
        <style name="LnFTextCell">
          <DimensionStyle width="113" height="34" />
          <PositioningStyle left="495" top="136" />
          <BackgroundStyle type="transparent" />
          <BorderStyle radius="0" leftColor="221r221g221b" topColor="221r221g221b" rightColor="221r221g221b" bottomColor="221r221g221b" leftStyle="none" topStyle="none" rightStyle="solid" bottomStyle="solid" leftWidth="1" topWidth="1" rightWidth="1" bottomWidth="1" />
          <TextStyle color="51r51g51b" hAlign="left" vAlign="center" decoration="none" line-height="14" />
          <FontStyle size="10.0" height="18">
            <family>Roboto</family>
            <style name="Regular" weight="400" italic="normal" />
            <evc-file>Roboto-Regular</evc-file>
          </FontStyle>
          <TransparencyStyle value="0" />
          <PaddingStyle top="0" left="12" bottom="0" right="0" />
          <ShadowStyle>
            <Text enable="false" />
          </ShadowStyle>
        </style>
        <rich-text-range-list>
          <text-range text-range-start="0" text-range-end="8">
            <style name="LnFTextRange">
              <FontStyle size="10.0" height="0">
                <family>Roboto</family>
                <style name="Regular" weight="400" italic="normal" />
                <evc-file>Roboto-Regular</evc-file>
              </FontStyle>
              <TextStyle color="51r51g51b" hAlign="left" vAlign="center" decoration="none" line-height="14" />
            </style>
          </text-range>
        </rich-text-range-list>
      </textCell>
      <textCell id="8d91d41d-ab53-496f-af09-71be3d57d526" column="0" row="5" colspan="1" rowspan="1">
        <userID>Text_cell_13</userID>
        <text>5</text>
        <style name="LnFTextCell">
          <DimensionStyle width="88" height="34" />
          <PositioningStyle left="0" top="170" />
          <BackgroundStyle type="transparent" />
          <BorderStyle radius="0" leftColor="221r221g221b" topColor="221r221g221b" rightColor="221r221g221b" bottomColor="221r221g221b" leftStyle="none" topStyle="none" rightStyle="solid" bottomStyle="solid" leftWidth="1" topWidth="1" rightWidth="1" bottomWidth="1" />
          <TextStyle color="51r51g51b" hAlign="left" vAlign="center" decoration="none" line-height="14" />
          <FontStyle size="10.0" height="18">
            <family>Roboto</family>
            <style name="Regular" weight="400" italic="normal" />
            <evc-file>Roboto-Regular</evc-file>
          </FontStyle>
          <TransparencyStyle value="0" />
          <PaddingStyle top="0" left="12" bottom="0" right="0" />
          <ShadowStyle>
            <Text enable="false" />
          </ShadowStyle>
        </style>
        <rich-text-range-list>
          <text-range text-range-start="0" text-range-end="1">
            <style name="LnFTextRange">
              <FontStyle size="10.0" height="18">
                <family>Roboto</family>
                <style name="Regular" weight="400" italic="normal" />
                <evc-file>Roboto-Regular</evc-file>
              </FontStyle>
              <TextStyle color="51r51g51b" hAlign="left" vAlign="center" decoration="none" line-height="14" />
            </style>
          </text-range>
        </rich-text-range-list>
      </textCell>
      <textCell id="f498657c-729b-4fa3-ba6a-55e4aaabd05a" column="1" row="5" colspan="1" rowspan="1">
        <userID>Text_cell_15</userID>
        <text>Vendor</text>
        <style name="LnFTextCell">
          <DimensionStyle width="113" height="34" />
          <PositioningStyle left="88" top="170" />
          <BackgroundStyle type="transparent" />
          <BorderStyle radius="0" leftColor="221r221g221b" topColor="221r221g221b" rightColor="221r221g221b" bottomColor="221r221g221b" leftStyle="none" topStyle="none" rightStyle="solid" bottomStyle="solid" leftWidth="1" topWidth="1" rightWidth="1" bottomWidth="1" />
          <TextStyle color="51r51g51b" hAlign="left" vAlign="center" decoration="none" line-height="14" />
          <FontStyle size="10.0" height="18">
            <family>Roboto</family>
            <style name="Regular" weight="400" italic="normal" />
            <evc-file>Roboto-Regular</evc-file>
          </FontStyle>
          <TransparencyStyle value="0" />
          <PaddingStyle top="0" left="12" bottom="0" right="0" />
          <ShadowStyle>
            <Text enable="false" />
          </ShadowStyle>
        </style>
        <rich-text-range-list>
          <text-range text-range-start="0" text-range-end="6">
            <style name="LnFTextRange">
              <FontStyle size="10.0" height="0">
                <family>Roboto</family>
                <style name="Regular" weight="400" italic="normal" />
                <evc-file>Roboto-Regular</evc-file>
              </FontStyle>
              <TextStyle color="51r51g51b" hAlign="left" vAlign="center" decoration="none" line-height="14" />
            </style>
          </text-range>
        </rich-text-range-list>
      </textCell>
      <textCell id="561f9d4d-34fd-4fbe-aa68-13be8977d439" column="2" row="5" colspan="1" rowspan="1">
        <userID>Text_cell_17</userID>
        <text>Rogers</text>
        <style name="LnFTextCell">
          <DimensionStyle width="181" height="34" />
          <PositioningStyle left="201" top="170" />
          <BackgroundStyle type="transparent" />
          <BorderStyle radius="0" leftColor="221r221g221b" topColor="221r221g221b" rightColor="221r221g221b" bottomColor="221r221g221b" leftStyle="none" topStyle="none" rightStyle="solid" bottomStyle="solid" leftWidth="1" topWidth="1" rightWidth="1" bottomWidth="1" />
          <TextStyle color="51r51g51b" hAlign="left" vAlign="center" decoration="none" line-height="14" />
          <FontStyle size="10.0" height="18">
            <family>Roboto</family>
            <style name="Regular" weight="400" italic="normal" />
            <evc-file>Roboto-Regular</evc-file>
          </FontStyle>
          <TransparencyStyle value="0" />
          <PaddingStyle top="0" left="12" bottom="0" right="0" />
          <ShadowStyle>
            <Text enable="false" />
          </ShadowStyle>
        </style>
        <rich-text-range-list>
          <text-range text-range-start="0" text-range-end="6">
            <style name="LnFTextRange">
              <FontStyle size="10.0" height="18">
                <family>Roboto</family>
                <style name="Regular" weight="400" italic="normal" />
                <evc-file>Roboto-Regular</evc-file>
              </FontStyle>
              <TextStyle color="51r51g51b" hAlign="left" vAlign="center" decoration="none" line-height="14" />
            </style>
          </text-range>
        </rich-text-range-list>
      </textCell>
      <textCell id="30daec29-8b6a-486f-ae5e-fd3c8ceaa100" column="3" row="5" colspan="1" rowspan="1">
        <userID>Text_cell_24</userID>
        <text>Vendor1232</text>
        <style name="LnFTextCell">
          <DimensionStyle width="113" height="34" />
          <PositioningStyle left="382" top="170" />
          <BackgroundStyle type="transparent" />
          <BorderStyle radius="0" leftColor="221r221g221b" topColor="221r221g221b" rightColor="221r221g221b" bottomColor="221r221g221b" leftStyle="none" topStyle="none" rightStyle="solid" bottomStyle="solid" leftWidth="1" topWidth="1" rightWidth="1" bottomWidth="1" />
          <TextStyle color="51r51g51b" hAlign="left" vAlign="center" decoration="none" line-height="14" />
          <FontStyle size="10.0" height="18">
            <family>Roboto</family>
            <style name="Regular" weight="400" italic="normal" />
            <evc-file>Roboto-Regular</evc-file>
          </FontStyle>
          <TransparencyStyle value="0" />
          <PaddingStyle top="0" left="12" bottom="0" right="0" />
          <ShadowStyle>
            <Text enable="false" />
          </ShadowStyle>
        </style>
        <rich-text-range-list>
          <text-range text-range-start="0" text-range-end="10">
            <style name="LnFTextRange">
              <FontStyle size="10.0" height="18">
                <family>Roboto</family>
                <style name="Regular" weight="400" italic="normal" />
                <evc-file>Roboto-Regular</evc-file>
              </FontStyle>
              <TextStyle color="51r51g51b" hAlign="left" vAlign="center" decoration="none" line-height="14" />
            </style>
          </text-range>
        </rich-text-range-list>
      </textCell>
      <textCell id="9f8a4f54-11ae-4dac-aefa-b95df51935ca" column="4" row="5" colspan="1" rowspan="1">
        <userID>Text_cell_30</userID>
        <text>Waiting</text>
        <style name="LnFTextCell">
          <DimensionStyle width="113" height="34" />
          <PositioningStyle left="495" top="170" />
          <BackgroundStyle type="transparent" />
          <BorderStyle radius="0" leftColor="221r221g221b" topColor="221r221g221b" rightColor="221r221g221b" bottomColor="221r221g221b" leftStyle="none" topStyle="none" rightStyle="solid" bottomStyle="solid" leftWidth="1" topWidth="1" rightWidth="1" bottomWidth="1" />
          <TextStyle color="51r51g51b" hAlign="left" vAlign="center" decoration="none" line-height="14" />
          <FontStyle size="10.0" height="18">
            <family>Roboto</family>
            <style name="Regular" weight="400" italic="normal" />
            <evc-file>Roboto-Regular</evc-file>
          </FontStyle>
          <TransparencyStyle value="0" />
          <PaddingStyle top="0" left="12" bottom="0" right="0" />
          <ShadowStyle>
            <Text enable="false" />
          </ShadowStyle>
        </style>
        <rich-text-range-list>
          <text-range text-range-start="0" text-range-end="7">
            <style name="LnFTextRange">
              <FontStyle size="10.0" height="18">
                <family>Roboto</family>
                <style name="Regular" weight="400" italic="normal" />
                <evc-file>Roboto-Regular</evc-file>
              </FontStyle>
              <TextStyle color="51r51g51b" hAlign="left" vAlign="center" decoration="none" line-height="14" />
            </style>
          </text-range>
        </rich-text-range-list>
      </textCell>
      <style name="LnFTextTable">
        <DimensionStyle width="609" height="205" />
        <PositioningStyle left="187" top="175" />
        <BackgroundStyle type="color" value="255r255g255b" />
        <BorderStyle radius="0" leftColor="221r221g221b" topColor="221r221g221b" rightColor="221r221g221b" bottomColor="221r221g221b" leftStyle="solid" topStyle="solid" rightStyle="none" bottomStyle="none" leftWidth="1" topWidth="1" rightWidth="1" bottomWidth="1" />
        <TableStyle hSpacing="0" vSpacing="0" />
        <TransparencyStyle value="0" />
        <ShadowStyle>
          <Box enable="false" />
        </ShadowStyle>
      </style>
      <userID>Table_1</userID>
    </textTable>
    <button id="f480ae7d-25de-41d7-b202-b73e8354afed" singleLine="true" hidden="false" lockType="none" onTop="false" visible="true">
      <text>Search</text>
      <style name="LnFButton">
        <DimensionStyle width="54" height="22" />
        <PositioningStyle left="742" top="141" />
        <BackgroundStyle type="gradient">
          <gradient firstColor="255r255g255b" secondColor="230r230g230b" orientation="vertical" double="false" />
        </BackgroundStyle>
        <BorderStyle radius="30" leftColor="205r205g205b" topColor="205r205g205b" rightColor="205r205g205b" bottomColor="205r205g205b" leftStyle="solid" topStyle="solid" rightStyle="solid" bottomStyle="solid" leftWidth="1" topWidth="1" rightWidth="1" bottomWidth="1" />
        <TextStyle color="3r3g3b" hAlign="center" vAlign="center" decoration="none" line-height="0" />
        <FontStyle size="10.0" height="18">
          <family>Roboto</family>
          <style name="Regular" weight="400" italic="normal" />
          <evc-file>Roboto-Regular</evc-file>
        </FontStyle>
        <TransparencyStyle value="0" />
        <PaddingStyle top="0" left="0" bottom="0" right="0" />
        <RotationStyle angle="0" />
        <ShadowStyle>
          <Box enable="false" />
          <Text enable="false" />
        </ShadowStyle>
      </style>
      <rich-text-range-list>
        <text-range text-range-start="0" text-range-end="6">
          <style name="LnFTextRange">
            <FontStyle size="10.0" height="0">
              <family>Roboto</family>
              <style name="Regular" weight="400" italic="normal" />
              <evc-file>Roboto-Regular</evc-file>
            </FontStyle>
            <TextStyle color="3r3g3b" hAlign="center" vAlign="center" decoration="none" line-height="0" />
          </style>
        </text-range>
      </rich-text-range-list>
      <userID>Button_3</userID>
    </button>
    <attribute-form id="e1339d6b-0daf-47cb-98b7-9441b7f1281c" writable="true" hidden="false" lockType="none" onTop="false" visible="true">
      <attStyle>InputText</attStyle>
      <type>text</type>
      <style name="LnFAttributeForm">
        <DimensionStyle width="93" height="22" />
        <PositioningStyle left="641" top="141" />
        <BackgroundStyle type="color" value="255r255g255b" />
        <BorderStyle radius="0" leftColor="200r200g200b" topColor="200r200g200b" rightColor="200r200g200b" bottomColor="200r200g200b" leftStyle="solid" topStyle="solid" rightStyle="solid" bottomStyle="solid" leftWidth="1" topWidth="1" rightWidth="1" bottomWidth="1" />
        <TextStyle color="0r0g0b" hAlign="left" vAlign="center" decoration="none" line-height="17" />
        <FontStyle size="10.0" height="18">
          <family>Roboto</family>
          <style name="Regular" weight="400" italic="normal" />
          <evc-file>Roboto-Regular</evc-file>
        </FontStyle>
        <TransparencyStyle value="0" />
        <PaddingStyle top="0" left="0" bottom="0" right="0" />
        <ShadowStyle>
          <Box enable="false" />
          <Text enable="false" />
        </ShadowStyle>
      </style>
      <defaultValue></defaultValue>
      <userID>Input_5</userID>
    </attribute-form>
    <label id="5afbe23a-9d75-4ec8-bfd1-4b176382a794" singleLine="true" hidden="false" lockType="bothsizes" onTop="false" visible="true">
      <text>Name:</text>
      <style name="LnFTextBox">
        <DimensionStyle width="38" height="18" autofit="true" />
        <PositioningStyle left="594" top="143" />
        <BackgroundStyle type="transparent" />
        <BorderStyle radius="0" leftColor="0r0g0b" topColor="0r0g0b" rightColor="0r0g0b" bottomColor="0r0g0b" leftStyle="none" topStyle="none" rightStyle="none" bottomStyle="none" leftWidth="1" topWidth="1" rightWidth="1" bottomWidth="1" />
        <TextStyle color="51r51g51b" hAlign="left" vAlign="center" decoration="none" line-height="0" />
        <FontStyle size="10.0" height="18">
          <family>Roboto</family>
          <style name="Bold" weight="700" italic="normal" />
          <evc-file>Roboto-Bold</evc-file>
        </FontStyle>
        <TransparencyStyle value="0" />
        <PaddingStyle top="0" left="0" bottom="0" right="0" />
        <RotationStyle angle="0" />
        <ShadowStyle>
          <Box enable="false" />
          <Text enable="false" />
        </ShadowStyle>
      </style>
      <rich-text-range-list>
        <text-range text-range-start="0" text-range-end="5">
          <style name="LnFTextRange">
            <FontStyle size="10.0" height="0">
              <family>Roboto</family>
              <style name="Bold" weight="700" italic="normal" />
              <evc-file>Roboto-Bold</evc-file>
            </FontStyle>
            <TextStyle color="51r51g51b" hAlign="left" vAlign="center" decoration="none" line-height="0" />
          </style>
        </text-range>
      </rich-text-range-list>
      <userID>Text_2</userID>
    </label>
    <style name="LnFCanvas">
      <DimensionStyle width="796" height="380" />
      <PositioningStyle left="0" top="0" />
      <BackgroundStyle type="transparent" />
      <TransparencyStyle value="0" />
    </style>
  </item-group>
  <Events>
    <event id="de8c701f-614e-47c4-92c1-59ff0530c908" trigger="onClick">
      <case execType="serial" delayAction="0">
        <description>Case 1</description>
        <block>
          <navigateLink execType="serial" delayAction="0">
            <screen id="57df3d41-3e3f-48c7-b7f4-54647c30234c">User Info</screen>
            <type>window</type>
          </navigateLink>
        </block>
      </case>
    </event>
    <event id="660c49f5-c4ea-4e63-957c-acab1c4f20be" trigger="onClick">
      <case execType="serial" delayAction="0">
        <description>Case 1</description>
        <block>
          <navigateLink execType="serial" delayAction="0">
            <screen id="57df3d41-3e3f-48c7-b7f4-54647c30234c">User Info</screen>
            <type>window</type>
          </navigateLink>
        </block>
      </case>
    </event>
    <event id="fccf4707-1efe-489b-b8ea-9f05ec35dadf" trigger="onClick">
      <case execType="serial" delayAction="0">
        <description>Case 1</description>
        <block>
          <navigateLink execType="serial" delayAction="0">
            <screen id="57df3d41-3e3f-48c7-b7f4-54647c30234c">User Info</screen>
            <type>window</type>
          </navigateLink>
        </block>
      </case>
    </event>
    <event id="35bbaf7e-ada6-4255-855d-bddc561b77aa" trigger="onClick">
      <case execType="serial" delayAction="0">
        <description>Case 1</description>
        <block>
          <navigateLink execType="serial" delayAction="0">
            <screen id="57df3d41-3e3f-48c7-b7f4-54647c30234c">User Info</screen>
            <type>window</type>
          </navigateLink>
        </block>
      </case>
    </event>
    <event id="561f9d4d-34fd-4fbe-aa68-13be8977d439" trigger="onClick">
      <case execType="serial" delayAction="0">
        <description>Case 1</description>
        <block>
          <navigateLink execType="serial" delayAction="0">
            <screen id="57df3d41-3e3f-48c7-b7f4-54647c30234c">User Info</screen>
            <type>window</type>
          </navigateLink>
        </block>
      </case>
    </event>
  </Events>
</screen>

