<?xml version="1.0" encoding="UTF-8"?>
<screen>
  <parentCode />
  <folderPosition>14</folderPosition>
  <name>Send Message</name>
  <code>eb5eb0af-19bf-4c60-972b-fcfa0ea05e32</code>
  <templateID>f39803f7-df02-4169-93eb-7547fb8c961a</templateID>
  <date>13/02/2017 14:21:24</date>
  <note></note>
  <legend-item></legend-item>
  <pageAlignment>CENTER</pageAlignment>
  <orientation>PORTRAIT</orientation>
  <backgroundGrowth>BOTH</backgroundGrowth>
  <width>1024</width>
  <height>768</height>
  <item-group id="a0f1c1fa-8869-4f4f-816d-bef570e1ef62" visible="true">
    <label id="ff10e532-e5a8-489b-9add-db276453bf1b" singleLine="true" hidden="false" lockType="bothsizes" onTop="false" visible="true">
      <text>Send/Read Message</text>
      <style name="LnFTextBox">
        <DimensionStyle width="251" height="35" autofit="true" />
        <PositioningStyle left="187" top="104" />
        <BackgroundStyle type="transparent" />
        <BorderStyle radius="0" leftColor="0r0g0b" topColor="0r0g0b" rightColor="0r0g0b" bottomColor="0r0g0b" leftStyle="none" topStyle="none" rightStyle="none" bottomStyle="none" leftWidth="1" topWidth="1" rightWidth="1" bottomWidth="1" />
        <TextStyle color="51r51g51b" hAlign="left" vAlign="center" decoration="none" line-height="0" />
        <FontStyle size="20.0" height="35">
          <family>Roboto</family>
          <style name="Bold" weight="700" italic="normal" />
          <evc-file>Roboto-Bold</evc-file>
        </FontStyle>
        <TransparencyStyle value="0" />
        <PaddingStyle top="0" left="0" bottom="0" right="0" />
        <RotationStyle angle="0" />
        <ShadowStyle>
          <Box enable="false" />
          <Text enable="false" />
        </ShadowStyle>
      </style>
      <rich-text-range-list>
        <text-range text-range-start="0" text-range-end="17">
          <style name="LnFTextRange">
            <FontStyle size="20.0" height="35">
              <family>Roboto</family>
              <style name="Bold" weight="700" italic="normal" />
              <evc-file>Roboto-Bold</evc-file>
            </FontStyle>
            <TextStyle color="51r51g51b" hAlign="left" vAlign="center" decoration="none" line-height="0" />
          </style>
        </text-range>
      </rich-text-range-list>
      <userID>Text_1</userID>
    </label>
    <label id="73f5efc9-caf0-4190-9e70-3e136f96cce5" singleLine="true" hidden="false" lockType="none" onTop="false" visible="true">
      <text>Title</text>
      <style name="LnFTextBox">
        <DimensionStyle width="139" height="29" />
        <PositioningStyle left="205" top="175" />
        <BackgroundStyle type="transparent" />
        <BorderStyle radius="0" leftColor="0r0g0b" topColor="0r0g0b" rightColor="0r0g0b" bottomColor="0r0g0b" leftStyle="none" topStyle="none" rightStyle="none" bottomStyle="none" leftWidth="1" topWidth="1" rightWidth="1" bottomWidth="1" />
        <TextStyle color="51r51g51b" hAlign="right" vAlign="center" decoration="none" line-height="0" />
        <FontStyle size="11.0" height="17">
          <family>Arial</family>
          <style name="Regular" weight="400" italic="normal" />
        </FontStyle>
        <TransparencyStyle value="0" />
        <PaddingStyle top="0" left="0" bottom="0" right="0" />
        <RotationStyle angle="0" />
        <ShadowStyle>
          <Box enable="false" />
          <Text enable="false" />
        </ShadowStyle>
      </style>
      <rich-text-range-list>
        <text-range text-range-start="0" text-range-end="5">
          <style name="LnFTextRange">
            <FontStyle size="11.0" height="17">
              <family>Arial</family>
              <style name="Regular" weight="400" italic="normal" />
            </FontStyle>
            <TextStyle color="51r51g51b" hAlign="right" vAlign="center" decoration="none" line-height="0" />
          </style>
        </text-range>
      </rich-text-range-list>
      <userID>Text_2</userID>
    </label>
    <label id="671328b5-95e2-41ae-a3f5-4c63f8f2393f" singleLine="true" hidden="false" lockType="none" onTop="false" visible="true">
      <text>Contents</text>
      <style name="LnFTextBox">
        <DimensionStyle width="139" height="29" />
        <PositioningStyle left="207" top="373" />
        <BackgroundStyle type="transparent" />
        <BorderStyle radius="0" leftColor="0r0g0b" topColor="0r0g0b" rightColor="0r0g0b" bottomColor="0r0g0b" leftStyle="none" topStyle="none" rightStyle="none" bottomStyle="none" leftWidth="1" topWidth="1" rightWidth="1" bottomWidth="1" />
        <TextStyle color="51r51g51b" hAlign="right" vAlign="center" decoration="none" line-height="0" />
        <FontStyle size="11.0" height="17">
          <family>Arial</family>
          <style name="Regular" weight="400" italic="normal" />
        </FontStyle>
        <TransparencyStyle value="0" />
        <PaddingStyle top="0" left="0" bottom="0" right="0" />
        <RotationStyle angle="0" />
        <ShadowStyle>
          <Box enable="false" />
          <Text enable="false" />
        </ShadowStyle>
      </style>
      <rich-text-range-list>
        <text-range text-range-start="0" text-range-end="8">
          <style name="LnFTextRange">
            <FontStyle size="11.0" height="17">
              <family>Arial</family>
              <style name="Regular" weight="400" italic="normal" />
            </FontStyle>
            <TextStyle color="51r51g51b" hAlign="right" vAlign="center" decoration="none" line-height="0" />
          </style>
        </text-range>
      </rich-text-range-list>
      <userID>Text_3</userID>
    </label>
    <attribute-form id="541f7f2d-e2ec-41c5-bece-2cb939cf0ac0" writable="true" hidden="false" lockType="none" onTop="false" visible="true">
      <attStyle>InputText</attStyle>
      <type>text</type>
      <style name="LnFAttributeForm">
        <DimensionStyle width="354" height="29" />
        <PositioningStyle left="357" top="175" />
        <BackgroundStyle type="color" value="255r255g255b" />
        <BorderStyle radius="0" leftColor="200r200g200b" topColor="200r200g200b" rightColor="200r200g200b" bottomColor="200r200g200b" leftStyle="solid" topStyle="solid" rightStyle="solid" bottomStyle="solid" leftWidth="1" topWidth="1" rightWidth="1" bottomWidth="1" />
        <TextStyle color="0r0g0b" hAlign="left" vAlign="center" decoration="none" line-height="0" />
        <FontStyle size="11.0" height="17">
          <family>Arial</family>
          <style name="Regular" weight="400" italic="normal" />
        </FontStyle>
        <TransparencyStyle value="0" />
        <PaddingStyle top="0" left="5" bottom="0" right="0" />
        <ShadowStyle>
          <Box enable="false" />
          <Text enable="false" />
        </ShadowStyle>
      </style>
      <defaultValue>I hope....</defaultValue>
      <userID>Input_11</userID>
    </attribute-form>
    <attribute-form id="b12c8c83-c254-421a-8776-eb077b8be9d8" writable="true" hidden="false" lockType="none" onTop="false" visible="true">
      <attStyle>InputText</attStyle>
      <type>text</type>
      <style name="LnFAttributeForm">
        <DimensionStyle width="360" height="193" />
        <PositioningStyle left="357" top="291" />
        <BackgroundStyle type="color" value="255r255g255b" />
        <BorderStyle radius="0" leftColor="200r200g200b" topColor="200r200g200b" rightColor="200r200g200b" bottomColor="200r200g200b" leftStyle="solid" topStyle="solid" rightStyle="solid" bottomStyle="solid" leftWidth="1" topWidth="1" rightWidth="1" bottomWidth="1" />
        <TextStyle color="0r0g0b" hAlign="left" vAlign="center" decoration="none" line-height="0" />
        <FontStyle size="11.0" height="17">
          <family>Arial</family>
          <style name="Regular" weight="400" italic="normal" />
        </FontStyle>
        <TransparencyStyle value="0" />
        <PaddingStyle top="0" left="5" bottom="0" right="0" />
        <ShadowStyle>
          <Box enable="false" />
          <Text enable="false" />
        </ShadowStyle>
      </style>
      <defaultValue>I hope.....</defaultValue>
      <userID>Input_20</userID>
    </attribute-form>
    <label id="e58376b5-5ccb-4bc8-925f-c04eeaed890e" singleLine="true" hidden="false" lockType="none" onTop="false" visible="true">
      <text>Recipient/Sender</text>
      <style name="LnFTextBox">
        <DimensionStyle width="139" height="29" />
        <PositioningStyle left="207" top="214" />
        <BackgroundStyle type="transparent" />
        <BorderStyle radius="0" leftColor="0r0g0b" topColor="0r0g0b" rightColor="0r0g0b" bottomColor="0r0g0b" leftStyle="none" topStyle="none" rightStyle="none" bottomStyle="none" leftWidth="1" topWidth="1" rightWidth="1" bottomWidth="1" />
        <TextStyle color="51r51g51b" hAlign="right" vAlign="center" decoration="none" line-height="0" />
        <FontStyle size="11.0" height="17">
          <family>Arial</family>
          <style name="Regular" weight="400" italic="normal" />
        </FontStyle>
        <TransparencyStyle value="0" />
        <PaddingStyle top="0" left="0" bottom="0" right="0" />
        <RotationStyle angle="0" />
        <ShadowStyle>
          <Box enable="false" />
          <Text enable="false" />
        </ShadowStyle>
      </style>
      <rich-text-range-list>
        <text-range text-range-start="0" text-range-end="16">
          <style name="LnFTextRange">
            <FontStyle size="11.0" height="17">
              <family>Arial</family>
              <style name="Regular" weight="400" italic="normal" />
            </FontStyle>
            <TextStyle color="51r51g51b" hAlign="right" vAlign="center" decoration="none" line-height="0" />
          </style>
        </text-range>
      </rich-text-range-list>
      <userID>Text_13</userID>
    </label>
    <attribute-form id="79917a35-9d3c-4729-9c96-608a7cc4efe7" writable="true" hidden="false" lockType="none" onTop="false" visible="true">
      <attStyle>InputText</attStyle>
      <type>text</type>
      <style name="LnFAttributeForm">
        <DimensionStyle width="214" height="29" />
        <PositioningStyle left="357" top="214" />
        <BackgroundStyle type="color" value="255r255g255b" />
        <BorderStyle radius="0" leftColor="200r200g200b" topColor="200r200g200b" rightColor="200r200g200b" bottomColor="200r200g200b" leftStyle="solid" topStyle="solid" rightStyle="solid" bottomStyle="solid" leftWidth="1" topWidth="1" rightWidth="1" bottomWidth="1" />
        <TextStyle color="0r0g0b" hAlign="left" vAlign="center" decoration="none" line-height="0" />
        <FontStyle size="11.0" height="17">
          <family>Arial</family>
          <style name="Regular" weight="400" italic="normal" />
        </FontStyle>
        <TransparencyStyle value="0" />
        <PaddingStyle top="0" left="5" bottom="0" right="0" />
        <ShadowStyle>
          <Box enable="false" />
          <Text enable="false" />
        </ShadowStyle>
      </style>
      <defaultValue>Kevin</defaultValue>
      <userID>Input_29</userID>
    </attribute-form>
    <button id="fc8843d4-b02c-41f6-99db-77ea5dd16c53" singleLine="true" hidden="false" lockType="none" onTop="false" visible="true">
      <text>Cancel</text>
      <style name="LnFButton">
        <DimensionStyle width="60" height="36" />
        <PositioningStyle left="657" top="505" />
        <BackgroundStyle type="gradient">
          <gradient firstColor="255r255g255b" secondColor="230r230g230b" orientation="vertical" double="false" />
        </BackgroundStyle>
        <BorderStyle radius="30" leftColor="205r205g205b" topColor="205r205g205b" rightColor="205r205g205b" bottomColor="205r205g205b" leftStyle="solid" topStyle="solid" rightStyle="solid" bottomStyle="solid" leftWidth="1" topWidth="1" rightWidth="1" bottomWidth="1" />
        <TextStyle color="3r3g3b" hAlign="center" vAlign="center" decoration="none" line-height="0" />
        <FontStyle size="10.0" height="18">
          <family>Roboto</family>
          <style name="Regular" weight="400" italic="normal" />
          <evc-file>Roboto-Regular</evc-file>
        </FontStyle>
        <TransparencyStyle value="0" />
        <PaddingStyle top="0" left="0" bottom="0" right="0" />
        <RotationStyle angle="0" />
        <ShadowStyle>
          <Box enable="false" />
          <Text enable="false" />
        </ShadowStyle>
      </style>
      <rich-text-range-list>
        <text-range text-range-start="0" text-range-end="6">
          <style name="LnFTextRange">
            <FontStyle size="10.0" height="18">
              <family>Roboto</family>
              <style name="Regular" weight="400" italic="normal" />
              <evc-file>Roboto-Regular</evc-file>
            </FontStyle>
            <TextStyle color="3r3g3b" hAlign="center" vAlign="center" decoration="none" line-height="0" />
          </style>
        </text-range>
      </rich-text-range-list>
      <userID>Button_1</userID>
    </button>
    <button id="41c030ca-d839-4ec0-aa72-b6f62dd30b09" singleLine="true" hidden="false" lockType="none" onTop="false" visible="true">
      <text>Send</text>
      <style name="LnFButton">
        <DimensionStyle width="60" height="36" />
        <PositioningStyle left="589" top="505" />
        <BackgroundStyle type="gradient">
          <gradient firstColor="255r255g255b" secondColor="230r230g230b" orientation="vertical" double="false" />
        </BackgroundStyle>
        <BorderStyle radius="30" leftColor="205r205g205b" topColor="205r205g205b" rightColor="205r205g205b" bottomColor="205r205g205b" leftStyle="solid" topStyle="solid" rightStyle="solid" bottomStyle="solid" leftWidth="1" topWidth="1" rightWidth="1" bottomWidth="1" />
        <TextStyle color="3r3g3b" hAlign="center" vAlign="center" decoration="none" line-height="0" />
        <FontStyle size="10.0" height="18">
          <family>Roboto</family>
          <style name="Regular" weight="400" italic="normal" />
          <evc-file>Roboto-Regular</evc-file>
        </FontStyle>
        <TransparencyStyle value="0" />
        <PaddingStyle top="0" left="0" bottom="0" right="0" />
        <RotationStyle angle="0" />
        <ShadowStyle>
          <Box enable="false" />
          <Text enable="false" />
        </ShadowStyle>
      </style>
      <rich-text-range-list>
        <text-range text-range-start="0" text-range-end="4">
          <style name="LnFTextRange">
            <FontStyle size="10.0" height="0">
              <family>Roboto</family>
              <style name="Regular" weight="400" italic="normal" />
              <evc-file>Roboto-Regular</evc-file>
            </FontStyle>
            <TextStyle color="3r3g3b" hAlign="center" vAlign="center" decoration="none" line-height="0" />
          </style>
        </text-range>
      </rich-text-range-list>
      <userID>Button_2</userID>
    </button>
    <button id="bb6cc0e3-e9cb-4de4-b6da-612a1ed2eff7" singleLine="true" hidden="false" lockType="none" onTop="false" visible="true">
      <text>Reply</text>
      <style name="LnFButton">
        <DimensionStyle width="60" height="36" />
        <PositioningStyle left="523" top="505" />
        <BackgroundStyle type="gradient">
          <gradient firstColor="255r255g255b" secondColor="230r230g230b" orientation="vertical" double="false" />
        </BackgroundStyle>
        <BorderStyle radius="30" leftColor="205r205g205b" topColor="205r205g205b" rightColor="205r205g205b" bottomColor="205r205g205b" leftStyle="solid" topStyle="solid" rightStyle="solid" bottomStyle="solid" leftWidth="1" topWidth="1" rightWidth="1" bottomWidth="1" />
        <TextStyle color="3r3g3b" hAlign="center" vAlign="center" decoration="none" line-height="0" />
        <FontStyle size="10.0" height="18">
          <family>Roboto</family>
          <style name="Regular" weight="400" italic="normal" />
          <evc-file>Roboto-Regular</evc-file>
        </FontStyle>
        <TransparencyStyle value="0" />
        <PaddingStyle top="0" left="0" bottom="0" right="0" />
        <RotationStyle angle="0" />
        <ShadowStyle>
          <Box enable="false" />
          <Text enable="false" />
        </ShadowStyle>
      </style>
      <rich-text-range-list>
        <text-range text-range-start="0" text-range-end="5">
          <style name="LnFTextRange">
            <FontStyle size="10.0" height="18">
              <family>Roboto</family>
              <style name="Regular" weight="400" italic="normal" />
              <evc-file>Roboto-Regular</evc-file>
            </FontStyle>
            <TextStyle color="3r3g3b" hAlign="center" vAlign="center" decoration="none" line-height="0" />
          </style>
        </text-range>
      </rich-text-range-list>
      <userID>Button_3</userID>
    </button>
    <label id="b814bb31-9566-469e-83b4-38c2b35c98b9" singleLine="true" hidden="false" lockType="none" onTop="false" visible="true">
      <text>Date</text>
      <style name="LnFTextBox">
        <DimensionStyle width="139" height="29" />
        <PositioningStyle left="207" top="251" />
        <BackgroundStyle type="transparent" />
        <BorderStyle radius="0" leftColor="0r0g0b" topColor="0r0g0b" rightColor="0r0g0b" bottomColor="0r0g0b" leftStyle="none" topStyle="none" rightStyle="none" bottomStyle="none" leftWidth="1" topWidth="1" rightWidth="1" bottomWidth="1" />
        <TextStyle color="51r51g51b" hAlign="right" vAlign="center" decoration="none" line-height="0" />
        <FontStyle size="11.0" height="17">
          <family>Arial</family>
          <style name="Regular" weight="400" italic="normal" />
        </FontStyle>
        <TransparencyStyle value="0" />
        <PaddingStyle top="0" left="0" bottom="0" right="0" />
        <RotationStyle angle="0" />
        <ShadowStyle>
          <Box enable="false" />
          <Text enable="false" />
        </ShadowStyle>
      </style>
      <rich-text-range-list>
        <text-range text-range-start="0" text-range-end="4">
          <style name="LnFTextRange">
            <FontStyle size="11.0" height="17">
              <family>Arial</family>
              <style name="Regular" weight="400" italic="normal" />
            </FontStyle>
            <TextStyle color="51r51g51b" hAlign="right" vAlign="center" decoration="none" line-height="0" />
          </style>
        </text-range>
      </rich-text-range-list>
      <userID>Text_14</userID>
    </label>
    <attribute-form id="93085ecc-caeb-4f2b-a426-ab823a54234a" writable="true" hidden="false" lockType="none" onTop="false" visible="true">
      <attStyle>InputText</attStyle>
      <type>text</type>
      <style name="LnFAttributeForm">
        <DimensionStyle width="214" height="29" />
        <PositioningStyle left="357" top="251" />
        <BackgroundStyle type="color" value="255r255g255b" />
        <BorderStyle radius="0" leftColor="200r200g200b" topColor="200r200g200b" rightColor="200r200g200b" bottomColor="200r200g200b" leftStyle="solid" topStyle="solid" rightStyle="solid" bottomStyle="solid" leftWidth="1" topWidth="1" rightWidth="1" bottomWidth="1" />
        <TextStyle color="0r0g0b" hAlign="left" vAlign="center" decoration="none" line-height="0" />
        <FontStyle size="11.0" height="17">
          <family>Arial</family>
          <style name="Regular" weight="400" italic="normal" />
        </FontStyle>
        <TransparencyStyle value="0" />
        <PaddingStyle top="0" left="5" bottom="0" right="0" />
        <ShadowStyle>
          <Box enable="false" />
          <Text enable="false" />
        </ShadowStyle>
      </style>
      <defaultValue>2017-02-13</defaultValue>
      <userID>Input_30</userID>
    </attribute-form>
    <style name="LnFCanvas">
      <DimensionStyle width="717" height="541" />
      <PositioningStyle left="0" top="0" />
      <BackgroundStyle type="transparent" />
      <TransparencyStyle value="0" />
    </style>
  </item-group>
  <Events>
    <event id="fc8843d4-b02c-41f6-99db-77ea5dd16c53" trigger="onClick">
      <case execType="serial" delayAction="0">
        <description>Case 1</description>
        <block>
          <navigateLink execType="serial" delayAction="0">
            <screen id="6f7a217f-ae6c-4eb2-a1c7-d61b52dd5800">Message List</screen>
            <type>window</type>
          </navigateLink>
        </block>
      </case>
    </event>
    <event id="41c030ca-d839-4ec0-aa72-b6f62dd30b09" trigger="onClick">
      <case execType="serial" delayAction="0">
        <description>Case 1</description>
        <block>
          <navigateLink execType="serial" delayAction="0">
            <screen id="6f7a217f-ae6c-4eb2-a1c7-d61b52dd5800">Message List</screen>
            <type>window</type>
          </navigateLink>
        </block>
      </case>
    </event>
  </Events>
</screen>

