<?xml version="1.0" encoding="UTF-8"?>
<screen>
  <parentCode />
  <folderPosition>12</folderPosition>
  <name>Add Child Group</name>
  <code>f4652a17-bfa0-40e7-8943-0804935e91fc</code>
  <templateID>f39803f7-df02-4169-93eb-7547fb8c961a</templateID>
  <date>13/02/2017 14:13:23</date>
  <note></note>
  <legend-item></legend-item>
  <pageAlignment>CENTER</pageAlignment>
  <orientation>PORTRAIT</orientation>
  <backgroundGrowth>BOTH</backgroundGrowth>
  <width>1024</width>
  <height>768</height>
  <item-group id="07af8d6f-6c2b-46b6-b215-6ef5498f8228" visible="true">
    <button id="f669dda1-4e12-4a18-9b06-78593a086865" singleLine="true" hidden="false" lockType="none" onTop="false" visible="true">
      <text>Save</text>
      <style name="LnFButton">
        <DimensionStyle width="60" height="29" />
        <PositioningStyle left="406" top="465" />
        <BackgroundStyle type="gradient">
          <gradient firstColor="255r255g255b" secondColor="230r230g230b" orientation="vertical" double="false" />
        </BackgroundStyle>
        <BorderStyle radius="30" leftColor="205r205g205b" topColor="205r205g205b" rightColor="205r205g205b" bottomColor="205r205g205b" leftStyle="solid" topStyle="solid" rightStyle="solid" bottomStyle="solid" leftWidth="1" topWidth="1" rightWidth="1" bottomWidth="1" />
        <TextStyle color="3r3g3b" hAlign="center" vAlign="center" decoration="none" line-height="0" />
        <FontStyle size="11.0" height="17">
          <family>Arial</family>
          <style name="Regular" weight="400" italic="normal" />
        </FontStyle>
        <TransparencyStyle value="0" />
        <PaddingStyle top="0" left="0" bottom="0" right="0" />
        <RotationStyle angle="0" />
        <ShadowStyle>
          <Box enable="false" />
          <Text enable="false" />
        </ShadowStyle>
      </style>
      <rich-text-range-list>
        <text-range text-range-start="0" text-range-end="4">
          <style name="LnFTextRange">
            <FontStyle size="11.0" height="17">
              <family>Arial</family>
              <style name="Regular" weight="400" italic="normal" />
            </FontStyle>
            <TextStyle color="3r3g3b" hAlign="center" vAlign="center" decoration="none" line-height="0" />
          </style>
        </text-range>
      </rich-text-range-list>
      <userID>Button_10</userID>
    </button>
    <button id="74276a7a-db61-4114-a906-8466fbebaf91" singleLine="true" hidden="false" lockType="none" onTop="false" visible="true">
      <text>Cancel</text>
      <style name="LnFButton">
        <DimensionStyle width="52" height="29" />
        <PositioningStyle left="487" top="465" />
        <BackgroundStyle type="gradient">
          <gradient firstColor="255r255g255b" secondColor="230r230g230b" orientation="vertical" double="false" />
        </BackgroundStyle>
        <BorderStyle radius="30" leftColor="205r205g205b" topColor="205r205g205b" rightColor="205r205g205b" bottomColor="205r205g205b" leftStyle="solid" topStyle="solid" rightStyle="solid" bottomStyle="solid" leftWidth="1" topWidth="1" rightWidth="1" bottomWidth="1" />
        <TextStyle color="3r3g3b" hAlign="center" vAlign="center" decoration="none" line-height="0" />
        <FontStyle size="11.0" height="17">
          <family>Arial</family>
          <style name="Regular" weight="400" italic="normal" />
        </FontStyle>
        <TransparencyStyle value="0" />
        <PaddingStyle top="0" left="0" bottom="0" right="0" />
        <RotationStyle angle="0" />
        <ShadowStyle>
          <Box enable="false" />
          <Text enable="false" />
        </ShadowStyle>
      </style>
      <rich-text-range-list>
        <text-range text-range-start="0" text-range-end="6">
          <style name="LnFTextRange">
            <FontStyle size="11.0" height="17">
              <family>Arial</family>
              <style name="Regular" weight="400" italic="normal" />
            </FontStyle>
            <TextStyle color="3r3g3b" hAlign="center" vAlign="center" decoration="none" line-height="0" />
          </style>
        </text-range>
      </rich-text-range-list>
      <userID>Button_11</userID>
    </button>
    <label id="c468517b-ac42-45ee-9c39-289ab4f07697" singleLine="true" hidden="false" lockType="none" onTop="false" visible="true">
      <text>Parent Group Name</text>
      <style name="LnFTextBox">
        <DimensionStyle width="139" height="29" />
        <PositioningStyle left="239" top="141" />
        <BackgroundStyle type="transparent" />
        <BorderStyle radius="0" leftColor="0r0g0b" topColor="0r0g0b" rightColor="0r0g0b" bottomColor="0r0g0b" leftStyle="none" topStyle="none" rightStyle="none" bottomStyle="none" leftWidth="1" topWidth="1" rightWidth="1" bottomWidth="1" />
        <TextStyle color="51r51g51b" hAlign="right" vAlign="center" decoration="none" line-height="0" />
        <FontStyle size="11.0" height="17">
          <family>Arial</family>
          <style name="Regular" weight="400" italic="normal" />
        </FontStyle>
        <TransparencyStyle value="0" />
        <PaddingStyle top="0" left="0" bottom="0" right="0" />
        <RotationStyle angle="0" />
        <ShadowStyle>
          <Box enable="false" />
          <Text enable="false" />
        </ShadowStyle>
      </style>
      <rich-text-range-list>
        <text-range text-range-start="0" text-range-end="17">
          <style name="LnFTextRange">
            <FontStyle size="11.0" height="17">
              <family>Arial</family>
              <style name="Regular" weight="400" italic="normal" />
            </FontStyle>
            <TextStyle color="51r51g51b" hAlign="right" vAlign="center" decoration="none" line-height="0" />
          </style>
        </text-range>
      </rich-text-range-list>
      <userID>Text_1</userID>
    </label>
    <label id="c0b0c106-60f1-4c24-8787-a46c43a589b6" singleLine="true" hidden="false" lockType="none" onTop="false" visible="true">
      <text>Name</text>
      <style name="LnFTextBox">
        <DimensionStyle width="139" height="29" />
        <PositioningStyle left="239" top="217" />
        <BackgroundStyle type="transparent" />
        <BorderStyle radius="0" leftColor="0r0g0b" topColor="0r0g0b" rightColor="0r0g0b" bottomColor="0r0g0b" leftStyle="none" topStyle="none" rightStyle="none" bottomStyle="none" leftWidth="1" topWidth="1" rightWidth="1" bottomWidth="1" />
        <TextStyle color="51r51g51b" hAlign="right" vAlign="center" decoration="none" line-height="0" />
        <FontStyle size="11.0" height="17">
          <family>Arial</family>
          <style name="Regular" weight="400" italic="normal" />
        </FontStyle>
        <TransparencyStyle value="0" />
        <PaddingStyle top="0" left="0" bottom="0" right="0" />
        <RotationStyle angle="0" />
        <ShadowStyle>
          <Box enable="false" />
          <Text enable="false" />
        </ShadowStyle>
      </style>
      <rich-text-range-list>
        <text-range text-range-start="0" text-range-end="4">
          <style name="LnFTextRange">
            <FontStyle size="11.0" height="17">
              <family>Arial</family>
              <style name="Regular" weight="400" italic="normal" />
            </FontStyle>
            <TextStyle color="51r51g51b" hAlign="right" vAlign="center" decoration="none" line-height="0" />
          </style>
        </text-range>
      </rich-text-range-list>
      <userID>Text_3</userID>
    </label>
    <label id="e88ebfcf-490d-4e18-a893-d7326c231675" singleLine="true" hidden="false" lockType="none" onTop="false" visible="true">
      <text>Full Name</text>
      <style name="LnFTextBox">
        <DimensionStyle width="139" height="29" />
        <PositioningStyle left="234" top="255" />
        <BackgroundStyle type="transparent" />
        <BorderStyle radius="0" leftColor="0r0g0b" topColor="0r0g0b" rightColor="0r0g0b" bottomColor="0r0g0b" leftStyle="none" topStyle="none" rightStyle="none" bottomStyle="none" leftWidth="1" topWidth="1" rightWidth="1" bottomWidth="1" />
        <TextStyle color="51r51g51b" hAlign="right" vAlign="center" decoration="none" line-height="0" />
        <FontStyle size="11.0" height="17">
          <family>Arial</family>
          <style name="Regular" weight="400" italic="normal" />
        </FontStyle>
        <TransparencyStyle value="0" />
        <PaddingStyle top="0" left="0" bottom="0" right="0" />
        <RotationStyle angle="0" />
        <ShadowStyle>
          <Box enable="false" />
          <Text enable="false" />
        </ShadowStyle>
      </style>
      <rich-text-range-list>
        <text-range text-range-start="0" text-range-end="9">
          <style name="LnFTextRange">
            <FontStyle size="11.0" height="17">
              <family>Arial</family>
              <style name="Regular" weight="400" italic="normal" />
            </FontStyle>
            <TextStyle color="51r51g51b" hAlign="right" vAlign="center" decoration="none" line-height="0" />
          </style>
        </text-range>
      </rich-text-range-list>
      <userID>Text_4</userID>
    </label>
    <attribute-form id="9138114d-e848-4250-bd2f-9e7ffd65da6a" writable="true" hidden="false" lockType="none" onTop="false" visible="true">
      <attStyle>InputText</attStyle>
      <type>text</type>
      <style name="LnFAttributeForm">
        <DimensionStyle width="214" height="29" />
        <PositioningStyle left="391" top="141" />
        <BackgroundStyle type="color" value="255r255g255b" />
        <BorderStyle radius="0" leftColor="200r200g200b" topColor="200r200g200b" rightColor="200r200g200b" bottomColor="200r200g200b" leftStyle="solid" topStyle="solid" rightStyle="solid" bottomStyle="solid" leftWidth="1" topWidth="1" rightWidth="1" bottomWidth="1" />
        <TextStyle color="0r0g0b" hAlign="left" vAlign="center" decoration="none" line-height="0" />
        <FontStyle size="11.0" height="17">
          <family>Arial</family>
          <style name="Regular" weight="400" italic="normal" />
        </FontStyle>
        <TransparencyStyle value="0" />
        <PaddingStyle top="0" left="5" bottom="0" right="0" />
        <ShadowStyle>
          <Box enable="false" />
          <Text enable="false" />
        </ShadowStyle>
      </style>
      <defaultValue>Salary (ID)</defaultValue>
      <userID>Input_11</userID>
    </attribute-form>
    <attribute-form id="62b848a7-8f4f-4f98-b569-542245dcef37" writable="true" hidden="false" lockType="none" onTop="false" visible="true">
      <attStyle>InputText</attStyle>
      <type>text</type>
      <style name="LnFAttributeForm">
        <DimensionStyle width="214" height="29" />
        <PositioningStyle left="391" top="217" />
        <BackgroundStyle type="color" value="255r255g255b" />
        <BorderStyle radius="0" leftColor="200r200g200b" topColor="200r200g200b" rightColor="200r200g200b" bottomColor="200r200g200b" leftStyle="solid" topStyle="solid" rightStyle="solid" bottomStyle="solid" leftWidth="1" topWidth="1" rightWidth="1" bottomWidth="1" />
        <TextStyle color="0r0g0b" hAlign="left" vAlign="center" decoration="none" line-height="0" />
        <FontStyle size="11.0" height="17">
          <family>Arial</family>
          <style name="Regular" weight="400" italic="normal" />
        </FontStyle>
        <TransparencyStyle value="0" />
        <PaddingStyle top="0" left="5" bottom="0" right="0" />
        <ShadowStyle>
          <Box enable="false" />
          <Text enable="false" />
        </ShadowStyle>
      </style>
      <defaultValue>Employee Salary</defaultValue>
      <userID>Input_20</userID>
    </attribute-form>
    <attribute-form id="41d1f031-1315-4167-8f9a-bd54538324f2" writable="true" hidden="false" lockType="none" onTop="false" visible="true">
      <attStyle>InputText</attStyle>
      <type>text</type>
      <style name="LnFAttributeForm">
        <DimensionStyle width="214" height="29" />
        <PositioningStyle left="391" top="255" />
        <BackgroundStyle type="color" value="255r255g255b" />
        <BorderStyle radius="0" leftColor="200r200g200b" topColor="200r200g200b" rightColor="200r200g200b" bottomColor="200r200g200b" leftStyle="solid" topStyle="solid" rightStyle="solid" bottomStyle="solid" leftWidth="1" topWidth="1" rightWidth="1" bottomWidth="1" />
        <TextStyle color="0r0g0b" hAlign="left" vAlign="center" decoration="none" line-height="0" />
        <FontStyle size="11.0" height="17">
          <family>Arial</family>
          <style name="Regular" weight="400" italic="normal" />
        </FontStyle>
        <TransparencyStyle value="0" />
        <PaddingStyle top="0" left="5" bottom="0" right="0" />
        <ShadowStyle>
          <Box enable="false" />
          <Text enable="false" />
        </ShadowStyle>
      </style>
      <defaultValue>Kevin Park</defaultValue>
      <userID>Input_21</userID>
    </attribute-form>
    <label id="8994aea3-94ac-4bed-b5e6-287a128e9862" singleLine="true" hidden="false" lockType="none" onTop="false" visible="true">
      <text>Status</text>
      <style name="LnFTextBox">
        <DimensionStyle width="139" height="29" />
        <PositioningStyle left="234" top="293" />
        <BackgroundStyle type="transparent" />
        <BorderStyle radius="0" leftColor="0r0g0b" topColor="0r0g0b" rightColor="0r0g0b" bottomColor="0r0g0b" leftStyle="none" topStyle="none" rightStyle="none" bottomStyle="none" leftWidth="1" topWidth="1" rightWidth="1" bottomWidth="1" />
        <TextStyle color="51r51g51b" hAlign="right" vAlign="center" decoration="none" line-height="0" />
        <FontStyle size="11.0" height="17">
          <family>Arial</family>
          <style name="Regular" weight="400" italic="normal" />
        </FontStyle>
        <TransparencyStyle value="0" />
        <PaddingStyle top="0" left="0" bottom="0" right="0" />
        <RotationStyle angle="0" />
        <ShadowStyle>
          <Box enable="false" />
          <Text enable="false" />
        </ShadowStyle>
      </style>
      <rich-text-range-list>
        <text-range text-range-start="0" text-range-end="6">
          <style name="LnFTextRange">
            <FontStyle size="11.0" height="17">
              <family>Arial</family>
              <style name="Regular" weight="400" italic="normal" />
            </FontStyle>
            <TextStyle color="51r51g51b" hAlign="right" vAlign="center" decoration="none" line-height="0" />
          </style>
        </text-range>
      </rich-text-range-list>
      <userID>Text_5</userID>
    </label>
    <label id="8f1cfdf8-aeb4-4e16-939e-d84269bf4fb9" singleLine="true" hidden="false" lockType="none" onTop="false" visible="true">
      <text>Description</text>
      <style name="LnFTextBox">
        <DimensionStyle width="139" height="29" />
        <PositioningStyle left="234" top="331" />
        <BackgroundStyle type="transparent" />
        <BorderStyle radius="0" leftColor="0r0g0b" topColor="0r0g0b" rightColor="0r0g0b" bottomColor="0r0g0b" leftStyle="none" topStyle="none" rightStyle="none" bottomStyle="none" leftWidth="1" topWidth="1" rightWidth="1" bottomWidth="1" />
        <TextStyle color="51r51g51b" hAlign="right" vAlign="center" decoration="none" line-height="0" />
        <FontStyle size="11.0" height="17">
          <family>Arial</family>
          <style name="Regular" weight="400" italic="normal" />
        </FontStyle>
        <TransparencyStyle value="0" />
        <PaddingStyle top="0" left="0" bottom="0" right="0" />
        <RotationStyle angle="0" />
        <ShadowStyle>
          <Box enable="false" />
          <Text enable="false" />
        </ShadowStyle>
      </style>
      <rich-text-range-list>
        <text-range text-range-start="0" text-range-end="11">
          <style name="LnFTextRange">
            <FontStyle size="11.0" height="17">
              <family>Arial</family>
              <style name="Regular" weight="400" italic="normal" />
            </FontStyle>
            <TextStyle color="51r51g51b" hAlign="right" vAlign="center" decoration="none" line-height="0" />
          </style>
        </text-range>
      </rich-text-range-list>
      <userID>Text_6</userID>
    </label>
    <attribute-form id="12426349-78ee-4b50-ad49-8c57fc751a59" writable="true" hidden="false" lockType="none" onTop="false" visible="true">
      <attStyle>InputText</attStyle>
      <type>text</type>
      <style name="LnFAttributeForm">
        <DimensionStyle width="214" height="29" />
        <PositioningStyle left="391" top="293" />
        <BackgroundStyle type="color" value="255r255g255b" />
        <BorderStyle radius="0" leftColor="200r200g200b" topColor="200r200g200b" rightColor="200r200g200b" bottomColor="200r200g200b" leftStyle="solid" topStyle="solid" rightStyle="solid" bottomStyle="solid" leftWidth="1" topWidth="1" rightWidth="1" bottomWidth="1" />
        <TextStyle color="0r0g0b" hAlign="left" vAlign="center" decoration="none" line-height="0" />
        <FontStyle size="11.0" height="17">
          <family>Arial</family>
          <style name="Regular" weight="400" italic="normal" />
        </FontStyle>
        <TransparencyStyle value="0" />
        <PaddingStyle top="0" left="5" bottom="0" right="0" />
        <ShadowStyle>
          <Box enable="false" />
          <Text enable="false" />
        </ShadowStyle>
      </style>
      <defaultValue>Active</defaultValue>
      <userID>Input_22</userID>
    </attribute-form>
    <attribute-form id="c33536aa-bf25-4b06-a60c-ea7f6f5113b7" writable="true" hidden="false" lockType="none" onTop="false" visible="true">
      <attStyle>InputText</attStyle>
      <type>text</type>
      <style name="LnFAttributeForm">
        <DimensionStyle width="302" height="70" />
        <PositioningStyle left="391" top="331" />
        <BackgroundStyle type="color" value="255r255g255b" />
        <BorderStyle radius="0" leftColor="200r200g200b" topColor="200r200g200b" rightColor="200r200g200b" bottomColor="200r200g200b" leftStyle="solid" topStyle="solid" rightStyle="solid" bottomStyle="solid" leftWidth="1" topWidth="1" rightWidth="1" bottomWidth="1" />
        <TextStyle color="0r0g0b" hAlign="left" vAlign="center" decoration="none" line-height="0" />
        <FontStyle size="11.0" height="17">
          <family>Arial</family>
          <style name="Regular" weight="400" italic="normal" />
        </FontStyle>
        <TransparencyStyle value="0" />
        <PaddingStyle top="0" left="5" bottom="0" right="0" />
        <ShadowStyle>
          <Box enable="false" />
          <Text enable="false" />
        </ShadowStyle>
      </style>
      <defaultValue>515-258-6547</defaultValue>
      <userID>Input_23</userID>
    </attribute-form>
    <attribute-form id="3ca5c962-5244-446d-9b7b-4e89ae330fc0" writable="true" hidden="false" lockType="none" onTop="false" visible="true">
      <attStyle>InputText</attStyle>
      <type>text</type>
      <style name="LnFAttributeForm">
        <DimensionStyle width="214" height="29" />
        <PositioningStyle left="391" top="407" />
        <BackgroundStyle type="color" value="255r255g255b" />
        <BorderStyle radius="0" leftColor="200r200g200b" topColor="200r200g200b" rightColor="200r200g200b" bottomColor="200r200g200b" leftStyle="solid" topStyle="solid" rightStyle="solid" bottomStyle="solid" leftWidth="1" topWidth="1" rightWidth="1" bottomWidth="1" />
        <TextStyle color="0r0g0b" hAlign="left" vAlign="center" decoration="none" line-height="0" />
        <FontStyle size="11.0" height="17">
          <family>Arial</family>
          <style name="Regular" weight="400" italic="normal" />
        </FontStyle>
        <TransparencyStyle value="0" />
        <PaddingStyle top="0" left="5" bottom="0" right="0" />
        <ShadowStyle>
          <Box enable="false" />
          <Text enable="false" />
        </ShadowStyle>
      </style>
      <defaultValue>2017-02-13</defaultValue>
      <userID>Input_25</userID>
    </attribute-form>
    <label id="bdfcc451-a325-4d42-98c4-6bc3b5d5ef50" singleLine="true" hidden="false" lockType="none" onTop="false" visible="true">
      <text>Modify Date</text>
      <style name="LnFTextBox">
        <DimensionStyle width="139" height="29" />
        <PositioningStyle left="234" top="407" />
        <BackgroundStyle type="transparent" />
        <BorderStyle radius="0" leftColor="0r0g0b" topColor="0r0g0b" rightColor="0r0g0b" bottomColor="0r0g0b" leftStyle="none" topStyle="none" rightStyle="none" bottomStyle="none" leftWidth="1" topWidth="1" rightWidth="1" bottomWidth="1" />
        <TextStyle color="51r51g51b" hAlign="right" vAlign="center" decoration="none" line-height="0" />
        <FontStyle size="11.0" height="17">
          <family>Arial</family>
          <style name="Regular" weight="400" italic="normal" />
        </FontStyle>
        <TransparencyStyle value="0" />
        <PaddingStyle top="0" left="0" bottom="0" right="0" />
        <RotationStyle angle="0" />
        <ShadowStyle>
          <Box enable="false" />
          <Text enable="false" />
        </ShadowStyle>
      </style>
      <rich-text-range-list>
        <text-range text-range-start="0" text-range-end="11">
          <style name="LnFTextRange">
            <FontStyle size="11.0" height="17">
              <family>Arial</family>
              <style name="Regular" weight="400" italic="normal" />
            </FontStyle>
            <TextStyle color="51r51g51b" hAlign="right" vAlign="center" decoration="none" line-height="0" />
          </style>
        </text-range>
      </rich-text-range-list>
      <userID>Text_8</userID>
    </label>
    <label id="9b464748-7cb9-402d-a4e1-10587389e3f8" singleLine="true" hidden="false" lockType="none" onTop="false" visible="true">
      <text>Group ID</text>
      <style name="LnFTextBox">
        <DimensionStyle width="139" height="29" />
        <PositioningStyle left="241" top="180" />
        <BackgroundStyle type="transparent" />
        <BorderStyle radius="0" leftColor="0r0g0b" topColor="0r0g0b" rightColor="0r0g0b" bottomColor="0r0g0b" leftStyle="none" topStyle="none" rightStyle="none" bottomStyle="none" leftWidth="1" topWidth="1" rightWidth="1" bottomWidth="1" />
        <TextStyle color="51r51g51b" hAlign="right" vAlign="center" decoration="none" line-height="0" />
        <FontStyle size="11.0" height="17">
          <family>Arial</family>
          <style name="Regular" weight="400" italic="normal" />
        </FontStyle>
        <TransparencyStyle value="0" />
        <PaddingStyle top="0" left="0" bottom="0" right="0" />
        <RotationStyle angle="0" />
        <ShadowStyle>
          <Box enable="false" />
          <Text enable="false" />
        </ShadowStyle>
      </style>
      <rich-text-range-list>
        <text-range text-range-start="0" text-range-end="8">
          <style name="LnFTextRange">
            <FontStyle size="11.0" height="17">
              <family>Arial</family>
              <style name="Regular" weight="400" italic="normal" />
            </FontStyle>
            <TextStyle color="51r51g51b" hAlign="right" vAlign="center" decoration="none" line-height="0" />
          </style>
        </text-range>
      </rich-text-range-list>
      <userID>Text_13</userID>
    </label>
    <attribute-form id="cc503400-79a9-4c47-86ff-3724716485d1" writable="true" hidden="false" lockType="none" onTop="false" visible="true">
      <attStyle>InputText</attStyle>
      <type>text</type>
      <style name="LnFAttributeForm">
        <DimensionStyle width="214" height="29" />
        <PositioningStyle left="391" top="180" />
        <BackgroundStyle type="color" value="255r255g255b" />
        <BorderStyle radius="0" leftColor="200r200g200b" topColor="200r200g200b" rightColor="200r200g200b" bottomColor="200r200g200b" leftStyle="solid" topStyle="solid" rightStyle="solid" bottomStyle="solid" leftWidth="1" topWidth="1" rightWidth="1" bottomWidth="1" />
        <TextStyle color="0r0g0b" hAlign="left" vAlign="center" decoration="none" line-height="0" />
        <FontStyle size="11.0" height="17">
          <family>Arial</family>
          <style name="Regular" weight="400" italic="normal" />
        </FontStyle>
        <TransparencyStyle value="0" />
        <PaddingStyle top="0" left="5" bottom="0" right="0" />
        <ShadowStyle>
          <Box enable="false" />
          <Text enable="false" />
        </ShadowStyle>
      </style>
      <defaultValue>2</defaultValue>
      <userID>Input_29</userID>
    </attribute-form>
    <label id="96c631b2-5cae-4cbd-b856-2b23f37acfd9" singleLine="true" hidden="false" lockType="bothsizes" onTop="false" visible="true">
      <text>Add/Modify Group</text>
      <style name="LnFTextBox">
        <DimensionStyle width="222" height="35" autofit="true" />
        <PositioningStyle left="234" top="78" />
        <BackgroundStyle type="transparent" />
        <BorderStyle radius="0" leftColor="0r0g0b" topColor="0r0g0b" rightColor="0r0g0b" bottomColor="0r0g0b" leftStyle="none" topStyle="none" rightStyle="none" bottomStyle="none" leftWidth="1" topWidth="1" rightWidth="1" bottomWidth="1" />
        <TextStyle color="51r51g51b" hAlign="left" vAlign="center" decoration="none" line-height="0" />
        <FontStyle size="20.0" height="35">
          <family>Roboto</family>
          <style name="Bold" weight="700" italic="normal" />
          <evc-file>Roboto-Bold</evc-file>
        </FontStyle>
        <TransparencyStyle value="0" />
        <PaddingStyle top="0" left="0" bottom="0" right="0" />
        <RotationStyle angle="0" />
        <ShadowStyle>
          <Box enable="false" />
          <Text enable="false" />
        </ShadowStyle>
      </style>
      <rich-text-range-list>
        <text-range text-range-start="0" text-range-end="16">
          <style name="LnFTextRange">
            <FontStyle size="20.0" height="35">
              <family>Roboto</family>
              <style name="Bold" weight="700" italic="normal" />
              <evc-file>Roboto-Bold</evc-file>
            </FontStyle>
            <TextStyle color="51r51g51b" hAlign="left" vAlign="center" decoration="none" line-height="0" />
          </style>
        </text-range>
      </rich-text-range-list>
      <userID>Text_2</userID>
    </label>
    <style name="LnFCanvas">
      <DimensionStyle width="693" height="494" />
      <PositioningStyle left="0" top="0" />
      <BackgroundStyle type="transparent" />
      <TransparencyStyle value="0" />
    </style>
  </item-group>
  <Events>
    <event id="f669dda1-4e12-4a18-9b06-78593a086865" trigger="onClick">
      <case execType="serial" delayAction="0">
        <description>Case 1</description>
        <block>
          <navigateLink execType="serial" delayAction="0">
            <screen id="26f24953-58f7-4ff2-84a3-0cf4fb413f25">Manage Group</screen>
            <type>window</type>
          </navigateLink>
        </block>
      </case>
    </event>
    <event id="74276a7a-db61-4114-a906-8466fbebaf91" trigger="onClick">
      <case execType="serial" delayAction="0">
        <description>Case 1</description>
        <block>
          <navigateLink execType="serial" delayAction="0">
            <screen id="26f24953-58f7-4ff2-84a3-0cf4fb413f25">Manage Group</screen>
            <type>window</type>
          </navigateLink>
        </block>
      </case>
    </event>
  </Events>
</screen>

