<?xml version="1.0" encoding="UTF-8"?>
<screen>
  <parentCode />
  <folderPosition>7</folderPosition>
  <name>Upload Reports</name>
  <code>f486c4aa-7209-4fcf-9bc8-3dedba101181</code>
  <templateID>f39803f7-df02-4169-93eb-7547fb8c961a</templateID>
  <date>13/02/2017 13:46:06</date>
  <note></note>
  <legend-item></legend-item>
  <pageAlignment>CENTER</pageAlignment>
  <orientation>PORTRAIT</orientation>
  <backgroundGrowth>BOTH</backgroundGrowth>
  <width>1024</width>
  <height>768</height>
  <item-group id="a89e4e93-3a76-406c-8caf-9276be190505" visible="true">
    <label id="2a6a4407-3606-4518-88ba-0cd8cd819531" singleLine="true" hidden="false" lockType="bothsizes" onTop="false" visible="true">
      <text>Upload Reports Info</text>
      <style name="LnFTextBox">
        <DimensionStyle width="242" height="35" autofit="true" />
        <PositioningStyle left="300" top="96" />
        <BackgroundStyle type="transparent" />
        <BorderStyle radius="0" leftColor="0r0g0b" topColor="0r0g0b" rightColor="0r0g0b" bottomColor="0r0g0b" leftStyle="none" topStyle="none" rightStyle="none" bottomStyle="none" leftWidth="1" topWidth="1" rightWidth="1" bottomWidth="1" />
        <TextStyle color="51r51g51b" hAlign="left" vAlign="center" decoration="none" line-height="0" />
        <FontStyle size="20.0" height="35">
          <family>Roboto</family>
          <style name="Bold" weight="700" italic="normal" />
          <evc-file>Roboto-Bold</evc-file>
        </FontStyle>
        <TransparencyStyle value="0" />
        <PaddingStyle top="0" left="0" bottom="0" right="0" />
        <RotationStyle angle="0" />
        <ShadowStyle>
          <Box enable="false" />
          <Text enable="false" />
        </ShadowStyle>
      </style>
      <rich-text-range-list>
        <text-range text-range-start="0" text-range-end="19">
          <style name="LnFTextRange">
            <FontStyle size="20.0" height="35">
              <family>Roboto</family>
              <style name="Bold" weight="700" italic="normal" />
              <evc-file>Roboto-Bold</evc-file>
            </FontStyle>
            <TextStyle color="51r51g51b" hAlign="left" vAlign="center" decoration="none" line-height="0" />
          </style>
        </text-range>
      </rich-text-range-list>
      <userID>Text_9</userID>
    </label>
    <label id="013b0089-6c91-409c-8e90-a96e312ca12c" singleLine="true" hidden="false" lockType="none" onTop="false" visible="true">
      <text>ID</text>
      <style name="LnFTextBox">
        <DimensionStyle width="139" height="29" />
        <PositioningStyle left="268" top="155" />
        <BackgroundStyle type="transparent" />
        <BorderStyle radius="0" leftColor="0r0g0b" topColor="0r0g0b" rightColor="0r0g0b" bottomColor="0r0g0b" leftStyle="none" topStyle="none" rightStyle="none" bottomStyle="none" leftWidth="1" topWidth="1" rightWidth="1" bottomWidth="1" />
        <TextStyle color="51r51g51b" hAlign="right" vAlign="center" decoration="none" line-height="0" />
        <FontStyle size="11.0" height="17">
          <family>Arial</family>
          <style name="Regular" weight="400" italic="normal" />
        </FontStyle>
        <TransparencyStyle value="0" />
        <PaddingStyle top="0" left="0" bottom="0" right="0" />
        <RotationStyle angle="0" />
        <ShadowStyle>
          <Box enable="false" />
          <Text enable="false" />
        </ShadowStyle>
      </style>
      <rich-text-range-list>
        <text-range text-range-start="0" text-range-end="2">
          <style name="LnFTextRange">
            <FontStyle size="11.0" height="17">
              <family>Arial</family>
              <style name="Regular" weight="400" italic="normal" />
            </FontStyle>
            <TextStyle color="51r51g51b" hAlign="right" vAlign="center" decoration="none" line-height="0" />
          </style>
        </text-range>
      </rich-text-range-list>
      <userID>Text_1</userID>
    </label>
    <label id="e586e888-a41a-4237-95a7-0624ee8fce26" singleLine="true" hidden="false" lockType="none" onTop="false" visible="true">
      <text>Report Path</text>
      <style name="LnFTextBox">
        <DimensionStyle width="139" height="29" />
        <PositioningStyle left="263" top="233" />
        <BackgroundStyle type="transparent" />
        <BorderStyle radius="0" leftColor="0r0g0b" topColor="0r0g0b" rightColor="0r0g0b" bottomColor="0r0g0b" leftStyle="none" topStyle="none" rightStyle="none" bottomStyle="none" leftWidth="1" topWidth="1" rightWidth="1" bottomWidth="1" />
        <TextStyle color="51r51g51b" hAlign="right" vAlign="center" decoration="none" line-height="0" />
        <FontStyle size="11.0" height="17">
          <family>Arial</family>
          <style name="Regular" weight="400" italic="normal" />
        </FontStyle>
        <TransparencyStyle value="0" />
        <PaddingStyle top="0" left="0" bottom="0" right="0" />
        <RotationStyle angle="0" />
        <ShadowStyle>
          <Box enable="false" />
          <Text enable="false" />
        </ShadowStyle>
      </style>
      <rich-text-range-list>
        <text-range text-range-start="0" text-range-end="11">
          <style name="LnFTextRange">
            <FontStyle size="11.0" height="17">
              <family>Arial</family>
              <style name="Regular" weight="400" italic="normal" />
            </FontStyle>
            <TextStyle color="51r51g51b" hAlign="right" vAlign="center" decoration="none" line-height="0" />
          </style>
        </text-range>
      </rich-text-range-list>
      <userID>Text_4</userID>
    </label>
    <attribute-form id="3712516d-cf3e-47ba-a7e2-978744a78cf2" writable="true" hidden="false" lockType="none" onTop="false" visible="true">
      <attStyle>InputText</attStyle>
      <type>text</type>
      <style name="LnFAttributeForm">
        <DimensionStyle width="214" height="29" />
        <PositioningStyle left="420" top="155" />
        <BackgroundStyle type="color" value="255r255g255b" />
        <BorderStyle radius="0" leftColor="200r200g200b" topColor="200r200g200b" rightColor="200r200g200b" bottomColor="200r200g200b" leftStyle="solid" topStyle="solid" rightStyle="solid" bottomStyle="solid" leftWidth="1" topWidth="1" rightWidth="1" bottomWidth="1" />
        <TextStyle color="0r0g0b" hAlign="left" vAlign="center" decoration="none" line-height="0" />
        <FontStyle size="11.0" height="17">
          <family>Arial</family>
          <style name="Regular" weight="400" italic="normal" />
        </FontStyle>
        <TransparencyStyle value="0" />
        <PaddingStyle top="0" left="5" bottom="0" right="0" />
        <ShadowStyle>
          <Box enable="false" />
          <Text enable="false" />
        </ShadowStyle>
      </style>
      <defaultValue>1234567</defaultValue>
      <userID>Input_11</userID>
    </attribute-form>
    <attribute-form id="f09d0fd1-b83c-48e7-9c9e-1e1914a8b83e" writable="true" hidden="false" lockType="none" onTop="false" visible="true">
      <attStyle>InputText</attStyle>
      <type>text</type>
      <style name="LnFAttributeForm">
        <DimensionStyle width="214" height="29" />
        <PositioningStyle left="420" top="233" />
        <BackgroundStyle type="color" value="255r255g255b" />
        <BorderStyle radius="0" leftColor="200r200g200b" topColor="200r200g200b" rightColor="200r200g200b" bottomColor="200r200g200b" leftStyle="solid" topStyle="solid" rightStyle="solid" bottomStyle="solid" leftWidth="1" topWidth="1" rightWidth="1" bottomWidth="1" />
        <TextStyle color="0r0g0b" hAlign="left" vAlign="center" decoration="none" line-height="0" />
        <FontStyle size="11.0" height="17">
          <family>Arial</family>
          <style name="Regular" weight="400" italic="normal" />
        </FontStyle>
        <TransparencyStyle value="0" />
        <PaddingStyle top="0" left="5" bottom="0" right="0" />
        <ShadowStyle>
          <Box enable="false" />
          <Text enable="false" />
        </ShadowStyle>
      </style>
      <defaultValue>/CPKSolution/SalaryReport</defaultValue>
      <userID>Input_21</userID>
    </attribute-form>
    <label id="9509b91e-2d08-4922-b50d-7a24b3f9200f" singleLine="true" hidden="false" lockType="none" onTop="false" visible="true">
      <text>Status</text>
      <style name="LnFTextBox">
        <DimensionStyle width="139" height="29" />
        <PositioningStyle left="263" top="271" />
        <BackgroundStyle type="transparent" />
        <BorderStyle radius="0" leftColor="0r0g0b" topColor="0r0g0b" rightColor="0r0g0b" bottomColor="0r0g0b" leftStyle="none" topStyle="none" rightStyle="none" bottomStyle="none" leftWidth="1" topWidth="1" rightWidth="1" bottomWidth="1" />
        <TextStyle color="51r51g51b" hAlign="right" vAlign="center" decoration="none" line-height="0" />
        <FontStyle size="11.0" height="17">
          <family>Arial</family>
          <style name="Regular" weight="400" italic="normal" />
        </FontStyle>
        <TransparencyStyle value="0" />
        <PaddingStyle top="0" left="0" bottom="0" right="0" />
        <RotationStyle angle="0" />
        <ShadowStyle>
          <Box enable="false" />
          <Text enable="false" />
        </ShadowStyle>
      </style>
      <rich-text-range-list>
        <text-range text-range-start="0" text-range-end="6">
          <style name="LnFTextRange">
            <FontStyle size="11.0" height="17">
              <family>Arial</family>
              <style name="Regular" weight="400" italic="normal" />
            </FontStyle>
            <TextStyle color="51r51g51b" hAlign="right" vAlign="center" decoration="none" line-height="0" />
          </style>
        </text-range>
      </rich-text-range-list>
      <userID>Text_5</userID>
    </label>
    <label id="1d550c1e-51de-47d1-b5a5-d4b9685cf774" singleLine="true" hidden="false" lockType="none" onTop="false" visible="true">
      <text>Description</text>
      <style name="LnFTextBox">
        <DimensionStyle width="139" height="29" />
        <PositioningStyle left="263" top="309" />
        <BackgroundStyle type="transparent" />
        <BorderStyle radius="0" leftColor="0r0g0b" topColor="0r0g0b" rightColor="0r0g0b" bottomColor="0r0g0b" leftStyle="none" topStyle="none" rightStyle="none" bottomStyle="none" leftWidth="1" topWidth="1" rightWidth="1" bottomWidth="1" />
        <TextStyle color="51r51g51b" hAlign="right" vAlign="center" decoration="none" line-height="0" />
        <FontStyle size="11.0" height="17">
          <family>Arial</family>
          <style name="Regular" weight="400" italic="normal" />
        </FontStyle>
        <TransparencyStyle value="0" />
        <PaddingStyle top="0" left="0" bottom="0" right="0" />
        <RotationStyle angle="0" />
        <ShadowStyle>
          <Box enable="false" />
          <Text enable="false" />
        </ShadowStyle>
      </style>
      <rich-text-range-list>
        <text-range text-range-start="0" text-range-end="11">
          <style name="LnFTextRange">
            <FontStyle size="11.0" height="17">
              <family>Arial</family>
              <style name="Regular" weight="400" italic="normal" />
            </FontStyle>
            <TextStyle color="51r51g51b" hAlign="right" vAlign="center" decoration="none" line-height="0" />
          </style>
        </text-range>
      </rich-text-range-list>
      <userID>Text_6</userID>
    </label>
    <attribute-form id="beb372a2-da33-43c5-a19c-73fc1015e3ab" writable="true" hidden="false" lockType="none" onTop="false" visible="true">
      <attStyle>InputText</attStyle>
      <type>text</type>
      <style name="LnFAttributeForm">
        <DimensionStyle width="214" height="29" />
        <PositioningStyle left="420" top="271" />
        <BackgroundStyle type="color" value="255r255g255b" />
        <BorderStyle radius="0" leftColor="200r200g200b" topColor="200r200g200b" rightColor="200r200g200b" bottomColor="200r200g200b" leftStyle="solid" topStyle="solid" rightStyle="solid" bottomStyle="solid" leftWidth="1" topWidth="1" rightWidth="1" bottomWidth="1" />
        <TextStyle color="0r0g0b" hAlign="left" vAlign="center" decoration="none" line-height="0" />
        <FontStyle size="11.0" height="17">
          <family>Arial</family>
          <style name="Regular" weight="400" italic="normal" />
        </FontStyle>
        <TransparencyStyle value="0" />
        <PaddingStyle top="0" left="5" bottom="0" right="0" />
        <ShadowStyle>
          <Box enable="false" />
          <Text enable="false" />
        </ShadowStyle>
      </style>
      <defaultValue>Active</defaultValue>
      <userID>Input_22</userID>
    </attribute-form>
    <attribute-form id="954dac4d-e667-45a0-ab26-25cf424439ac" writable="true" hidden="false" lockType="none" onTop="false" visible="true">
      <attStyle>InputText</attStyle>
      <type>text</type>
      <style name="LnFAttributeForm">
        <DimensionStyle width="360" height="94" />
        <PositioningStyle left="420" top="309" />
        <BackgroundStyle type="color" value="255r255g255b" />
        <BorderStyle radius="0" leftColor="200r200g200b" topColor="200r200g200b" rightColor="200r200g200b" bottomColor="200r200g200b" leftStyle="solid" topStyle="solid" rightStyle="solid" bottomStyle="solid" leftWidth="1" topWidth="1" rightWidth="1" bottomWidth="1" />
        <TextStyle color="0r0g0b" hAlign="left" vAlign="center" decoration="none" line-height="0" />
        <FontStyle size="11.0" height="17">
          <family>Arial</family>
          <style name="Regular" weight="400" italic="normal" />
        </FontStyle>
        <TransparencyStyle value="0" />
        <PaddingStyle top="0" left="5" bottom="0" right="0" />
        <ShadowStyle>
          <Box enable="false" />
          <Text enable="false" />
        </ShadowStyle>
      </style>
      <defaultValue>515-258-6547</defaultValue>
      <userID>Input_23</userID>
    </attribute-form>
    <attribute-form id="0364a797-8cab-4601-ad87-56c07d9d4a19" writable="true" hidden="false" lockType="none" onTop="false" visible="true">
      <attStyle>InputText</attStyle>
      <type>text</type>
      <style name="LnFAttributeForm">
        <DimensionStyle width="214" height="29" />
        <PositioningStyle left="420" top="410" />
        <BackgroundStyle type="color" value="255r255g255b" />
        <BorderStyle radius="0" leftColor="200r200g200b" topColor="200r200g200b" rightColor="200r200g200b" bottomColor="200r200g200b" leftStyle="solid" topStyle="solid" rightStyle="solid" bottomStyle="solid" leftWidth="1" topWidth="1" rightWidth="1" bottomWidth="1" />
        <TextStyle color="0r0g0b" hAlign="left" vAlign="center" decoration="none" line-height="0" />
        <FontStyle size="11.0" height="17">
          <family>Arial</family>
          <style name="Regular" weight="400" italic="normal" />
        </FontStyle>
        <TransparencyStyle value="0" />
        <PaddingStyle top="0" left="5" bottom="0" right="0" />
        <ShadowStyle>
          <Box enable="false" />
          <Text enable="false" />
        </ShadowStyle>
      </style>
      <defaultValue>2017-02-13</defaultValue>
      <userID>Input_24</userID>
    </attribute-form>
    <label id="b87f564f-82c1-4f51-a737-eae1d54fbc82" singleLine="true" hidden="false" lockType="none" onTop="false" visible="true">
      <text>Modify Date</text>
      <style name="LnFTextBox">
        <DimensionStyle width="139" height="29" />
        <PositioningStyle left="263" top="410" />
        <BackgroundStyle type="transparent" />
        <BorderStyle radius="0" leftColor="0r0g0b" topColor="0r0g0b" rightColor="0r0g0b" bottomColor="0r0g0b" leftStyle="none" topStyle="none" rightStyle="none" bottomStyle="none" leftWidth="1" topWidth="1" rightWidth="1" bottomWidth="1" />
        <TextStyle color="51r51g51b" hAlign="right" vAlign="center" decoration="none" line-height="0" />
        <FontStyle size="11.0" height="17">
          <family>Arial</family>
          <style name="Regular" weight="400" italic="normal" />
        </FontStyle>
        <TransparencyStyle value="0" />
        <PaddingStyle top="0" left="0" bottom="0" right="0" />
        <RotationStyle angle="0" />
        <ShadowStyle>
          <Box enable="false" />
          <Text enable="false" />
        </ShadowStyle>
      </style>
      <rich-text-range-list>
        <text-range text-range-start="0" text-range-end="11">
          <style name="LnFTextRange">
            <FontStyle size="11.0" height="17">
              <family>Arial</family>
              <style name="Regular" weight="400" italic="normal" />
            </FontStyle>
            <TextStyle color="51r51g51b" hAlign="right" vAlign="center" decoration="none" line-height="0" />
          </style>
        </text-range>
      </rich-text-range-list>
      <userID>Text_7</userID>
    </label>
    <label id="d1d92c51-45da-4c83-a50a-4595e63bad77" singleLine="true" hidden="false" lockType="none" onTop="false" visible="true">
      <text>Name</text>
      <style name="LnFTextBox">
        <DimensionStyle width="139" height="29" />
        <PositioningStyle left="270" top="194" />
        <BackgroundStyle type="transparent" />
        <BorderStyle radius="0" leftColor="0r0g0b" topColor="0r0g0b" rightColor="0r0g0b" bottomColor="0r0g0b" leftStyle="none" topStyle="none" rightStyle="none" bottomStyle="none" leftWidth="1" topWidth="1" rightWidth="1" bottomWidth="1" />
        <TextStyle color="51r51g51b" hAlign="right" vAlign="center" decoration="none" line-height="0" />
        <FontStyle size="11.0" height="17">
          <family>Arial</family>
          <style name="Regular" weight="400" italic="normal" />
        </FontStyle>
        <TransparencyStyle value="0" />
        <PaddingStyle top="0" left="0" bottom="0" right="0" />
        <RotationStyle angle="0" />
        <ShadowStyle>
          <Box enable="false" />
          <Text enable="false" />
        </ShadowStyle>
      </style>
      <rich-text-range-list>
        <text-range text-range-start="0" text-range-end="4">
          <style name="LnFTextRange">
            <FontStyle size="11.0" height="17">
              <family>Arial</family>
              <style name="Regular" weight="400" italic="normal" />
            </FontStyle>
            <TextStyle color="51r51g51b" hAlign="right" vAlign="center" decoration="none" line-height="0" />
          </style>
        </text-range>
      </rich-text-range-list>
      <userID>Text_13</userID>
    </label>
    <attribute-form id="9f1e62d8-a85b-49cf-93b2-290d5a7b2922" writable="true" hidden="false" lockType="none" onTop="false" visible="true">
      <attStyle>InputText</attStyle>
      <type>text</type>
      <style name="LnFAttributeForm">
        <DimensionStyle width="214" height="29" />
        <PositioningStyle left="420" top="194" />
        <BackgroundStyle type="color" value="255r255g255b" />
        <BorderStyle radius="0" leftColor="200r200g200b" topColor="200r200g200b" rightColor="200r200g200b" bottomColor="200r200g200b" leftStyle="solid" topStyle="solid" rightStyle="solid" bottomStyle="solid" leftWidth="1" topWidth="1" rightWidth="1" bottomWidth="1" />
        <TextStyle color="0r0g0b" hAlign="left" vAlign="center" decoration="none" line-height="0" />
        <FontStyle size="11.0" height="17">
          <family>Arial</family>
          <style name="Regular" weight="400" italic="normal" />
        </FontStyle>
        <TransparencyStyle value="0" />
        <PaddingStyle top="0" left="5" bottom="0" right="0" />
        <ShadowStyle>
          <Box enable="false" />
          <Text enable="false" />
        </ShadowStyle>
      </style>
      <defaultValue>Salary Report</defaultValue>
      <userID>Input_29</userID>
    </attribute-form>
    <button id="e83d07da-6263-4013-b1d1-3898625ec34e" singleLine="true" hidden="false" lockType="none" onTop="false" visible="true">
      <text>save</text>
      <style name="LnFButton">
        <DimensionStyle width="66" height="35" />
        <PositioningStyle left="403" top="479" />
        <BackgroundStyle type="gradient">
          <gradient firstColor="255r255g255b" secondColor="230r230g230b" orientation="vertical" double="false" />
        </BackgroundStyle>
        <BorderStyle radius="30" leftColor="205r205g205b" topColor="205r205g205b" rightColor="205r205g205b" bottomColor="205r205g205b" leftStyle="solid" topStyle="solid" rightStyle="solid" bottomStyle="solid" leftWidth="1" topWidth="1" rightWidth="1" bottomWidth="1" />
        <TextStyle color="3r3g3b" hAlign="center" vAlign="center" decoration="none" line-height="0" />
        <FontStyle size="10.0" height="18">
          <family>Roboto</family>
          <style name="Regular" weight="400" italic="normal" />
          <evc-file>Roboto-Regular</evc-file>
        </FontStyle>
        <TransparencyStyle value="0" />
        <PaddingStyle top="0" left="0" bottom="0" right="0" />
        <RotationStyle angle="0" />
        <ShadowStyle>
          <Box enable="false" />
          <Text enable="false" />
        </ShadowStyle>
      </style>
      <rich-text-range-list>
        <text-range text-range-start="0" text-range-end="4">
          <style name="LnFTextRange">
            <FontStyle size="10.0" height="18">
              <family>Roboto</family>
              <style name="Regular" weight="400" italic="normal" />
              <evc-file>Roboto-Regular</evc-file>
            </FontStyle>
            <TextStyle color="3r3g3b" hAlign="center" vAlign="center" decoration="none" line-height="0" />
          </style>
        </text-range>
      </rich-text-range-list>
      <userID>Button_1</userID>
    </button>
    <button id="210994d0-998d-4fff-8e8a-f02d7fb4803b" singleLine="true" hidden="false" lockType="none" onTop="false" visible="true">
      <text>Cancel</text>
      <style name="LnFButton">
        <DimensionStyle width="66" height="35" />
        <PositioningStyle left="479" top="479" />
        <BackgroundStyle type="gradient">
          <gradient firstColor="255r255g255b" secondColor="230r230g230b" orientation="vertical" double="false" />
        </BackgroundStyle>
        <BorderStyle radius="30" leftColor="205r205g205b" topColor="205r205g205b" rightColor="205r205g205b" bottomColor="205r205g205b" leftStyle="solid" topStyle="solid" rightStyle="solid" bottomStyle="solid" leftWidth="1" topWidth="1" rightWidth="1" bottomWidth="1" />
        <TextStyle color="3r3g3b" hAlign="center" vAlign="center" decoration="none" line-height="0" />
        <FontStyle size="10.0" height="18">
          <family>Roboto</family>
          <style name="Regular" weight="400" italic="normal" />
          <evc-file>Roboto-Regular</evc-file>
        </FontStyle>
        <TransparencyStyle value="0" />
        <PaddingStyle top="0" left="0" bottom="0" right="0" />
        <RotationStyle angle="0" />
        <ShadowStyle>
          <Box enable="false" />
          <Text enable="false" />
        </ShadowStyle>
      </style>
      <rich-text-range-list>
        <text-range text-range-start="0" text-range-end="6">
          <style name="LnFTextRange">
            <FontStyle size="10.0" height="18">
              <family>Roboto</family>
              <style name="Regular" weight="400" italic="normal" />
              <evc-file>Roboto-Regular</evc-file>
            </FontStyle>
            <TextStyle color="3r3g3b" hAlign="center" vAlign="center" decoration="none" line-height="0" />
          </style>
        </text-range>
      </rich-text-range-list>
      <userID>Button_2</userID>
    </button>
    <style name="LnFCanvas">
      <DimensionStyle width="780" height="514" />
      <PositioningStyle left="0" top="0" />
      <BackgroundStyle type="transparent" />
      <TransparencyStyle value="0" />
    </style>
  </item-group>
  <Events />
</screen>

