<?xml version="1.0" encoding="UTF-8"?>
<screen>
  <parentCode />
  <folderPosition>11</folderPosition>
  <name>Add Report</name>
  <code>fea2d2d7-3b02-4286-a598-bc46b94a5407</code>
  <templateID>f39803f7-df02-4169-93eb-7547fb8c961a</templateID>
  <date>13/02/2017 14:31:23</date>
  <note></note>
  <legend-item></legend-item>
  <pageAlignment>CENTER</pageAlignment>
  <orientation>PORTRAIT</orientation>
  <backgroundGrowth>BOTH</backgroundGrowth>
  <width>1024</width>
  <height>768</height>
  <item-group id="1e543217-4545-4ece-a04b-bfbb7eed4899" visible="true">
    <label id="615077c6-abac-45d4-b111-3edc3c6d358b" singleLine="true" hidden="false" lockType="bothsizes" onTop="false" visible="true">
      <text>Add Report</text>
      <style name="LnFTextBox">
        <DimensionStyle width="134" height="35" autofit="true" />
        <PositioningStyle left="189" top="153" />
        <BackgroundStyle type="transparent" />
        <BorderStyle radius="0" leftColor="0r0g0b" topColor="0r0g0b" rightColor="0r0g0b" bottomColor="0r0g0b" leftStyle="none" topStyle="none" rightStyle="none" bottomStyle="none" leftWidth="1" topWidth="1" rightWidth="1" bottomWidth="1" />
        <TextStyle color="51r51g51b" hAlign="left" vAlign="center" decoration="none" line-height="0" />
        <FontStyle size="20.0" height="35">
          <family>Roboto</family>
          <style name="Bold" weight="700" italic="normal" />
          <evc-file>Roboto-Bold</evc-file>
        </FontStyle>
        <TransparencyStyle value="0" />
        <PaddingStyle top="0" left="0" bottom="0" right="0" />
        <RotationStyle angle="0" />
        <ShadowStyle>
          <Box enable="false" />
          <Text enable="false" />
        </ShadowStyle>
      </style>
      <rich-text-range-list>
        <text-range text-range-start="0" text-range-end="10">
          <style name="LnFTextRange">
            <FontStyle size="20.0" height="35">
              <family>Roboto</family>
              <style name="Bold" weight="700" italic="normal" />
              <evc-file>Roboto-Bold</evc-file>
            </FontStyle>
            <TextStyle color="51r51g51b" hAlign="left" vAlign="center" decoration="none" line-height="0" />
          </style>
        </text-range>
      </rich-text-range-list>
      <userID>Text_8</userID>
    </label>
    <button id="1064a3b9-98fe-4680-8e4f-19e2e3d8decd" singleLine="true" hidden="false" lockType="none" onTop="false" visible="true">
      <text>Add</text>
      <style name="LnFButton">
        <DimensionStyle width="66" height="37" />
        <PositioningStyle left="413" top="438" />
        <BackgroundStyle type="gradient">
          <gradient firstColor="255r255g255b" secondColor="230r230g230b" orientation="vertical" double="false" />
        </BackgroundStyle>
        <BorderStyle radius="30" leftColor="205r205g205b" topColor="205r205g205b" rightColor="205r205g205b" bottomColor="205r205g205b" leftStyle="solid" topStyle="solid" rightStyle="solid" bottomStyle="solid" leftWidth="1" topWidth="1" rightWidth="1" bottomWidth="1" />
        <TextStyle color="3r3g3b" hAlign="center" vAlign="center" decoration="none" line-height="0" />
        <FontStyle size="10.0" height="18">
          <family>Roboto</family>
          <style name="Regular" weight="400" italic="normal" />
          <evc-file>Roboto-Regular</evc-file>
        </FontStyle>
        <TransparencyStyle value="0" />
        <PaddingStyle top="0" left="0" bottom="0" right="0" />
        <RotationStyle angle="0" />
        <ShadowStyle>
          <Box enable="false" />
          <Text enable="false" />
        </ShadowStyle>
      </style>
      <rich-text-range-list>
        <text-range text-range-start="0" text-range-end="3">
          <style name="LnFTextRange">
            <FontStyle size="10.0" height="18">
              <family>Roboto</family>
              <style name="Regular" weight="400" italic="normal" />
              <evc-file>Roboto-Regular</evc-file>
            </FontStyle>
            <TextStyle color="3r3g3b" hAlign="center" vAlign="center" decoration="none" line-height="0" />
          </style>
        </text-range>
      </rich-text-range-list>
      <userID>Button_1</userID>
    </button>
    <button id="118fd6f9-7961-4f69-99c9-a9cb8e14e8aa" singleLine="true" hidden="false" lockType="none" onTop="false" visible="true">
      <text>Cancel</text>
      <style name="LnFButton">
        <DimensionStyle width="66" height="37" />
        <PositioningStyle left="512" top="438" />
        <BackgroundStyle type="gradient">
          <gradient firstColor="255r255g255b" secondColor="230r230g230b" orientation="vertical" double="false" />
        </BackgroundStyle>
        <BorderStyle radius="30" leftColor="205r205g205b" topColor="205r205g205b" rightColor="205r205g205b" bottomColor="205r205g205b" leftStyle="solid" topStyle="solid" rightStyle="solid" bottomStyle="solid" leftWidth="1" topWidth="1" rightWidth="1" bottomWidth="1" />
        <TextStyle color="3r3g3b" hAlign="center" vAlign="center" decoration="none" line-height="0" />
        <FontStyle size="10.0" height="18">
          <family>Roboto</family>
          <style name="Regular" weight="400" italic="normal" />
          <evc-file>Roboto-Regular</evc-file>
        </FontStyle>
        <TransparencyStyle value="0" />
        <PaddingStyle top="0" left="0" bottom="0" right="0" />
        <RotationStyle angle="0" />
        <ShadowStyle>
          <Box enable="false" />
          <Text enable="false" />
        </ShadowStyle>
      </style>
      <rich-text-range-list>
        <text-range text-range-start="0" text-range-end="6">
          <style name="LnFTextRange">
            <FontStyle size="10.0" height="18">
              <family>Roboto</family>
              <style name="Regular" weight="400" italic="normal" />
              <evc-file>Roboto-Regular</evc-file>
            </FontStyle>
            <TextStyle color="3r3g3b" hAlign="center" vAlign="center" decoration="none" line-height="0" />
          </style>
        </text-range>
      </rich-text-range-list>
      <userID>Button_2</userID>
    </button>
    <textTable id="b84f710d-f4f9-4cae-a477-29bc5cdf7a4c" numColumns="5" numRows="4" hidden="false" lockType="none" onTop="false" visible="true">
      <textCell id="dba9a10c-c65a-4c60-adc8-64a10317d075" column="0" row="0" colspan="1" rowspan="1">
        <userID>Text_cell_13</userID>
        <text></text>
        <style name="LnFTextCell">
          <DimensionStyle width="81" height="36" />
          <PositioningStyle left="0" top="0" />
          <BackgroundStyle type="transparent" />
          <BorderStyle radius="0" leftColor="221r221g221b" topColor="221r221g221b" rightColor="221r221g221b" bottomColor="221r221g221b" leftStyle="none" topStyle="none" rightStyle="solid" bottomStyle="solid" leftWidth="1" topWidth="1" rightWidth="1" bottomWidth="1" />
          <TextStyle color="51r51g51b" hAlign="left" vAlign="center" decoration="none" line-height="14" />
          <FontStyle size="10.0" height="18">
            <family>Roboto</family>
            <style name="Regular" weight="400" italic="normal" />
            <evc-file>Roboto-Regular</evc-file>
          </FontStyle>
          <TransparencyStyle value="0" />
          <PaddingStyle top="0" left="12" bottom="0" right="0" />
          <ShadowStyle>
            <Text enable="false" />
          </ShadowStyle>
        </style>
        <rich-text-range-list>
          <text-range text-range-start="0" text-range-end="0">
            <style name="LnFTextRange">
              <FontStyle size="10.0" height="18">
                <family>Roboto</family>
                <style name="Regular" weight="400" italic="normal" />
                <evc-file>Roboto-Regular</evc-file>
              </FontStyle>
              <TextStyle color="51r51g51b" hAlign="left" vAlign="center" decoration="none" line-height="14" />
            </style>
          </text-range>
        </rich-text-range-list>
      </textCell>
      <textCell id="130fa5d5-9b37-4d2c-867f-4e5e71f128aa" column="1" row="0" colspan="1" rowspan="1">
        <userID>Text_cell_1</userID>
        <text>ID</text>
        <style name="LnFTextCell">
          <DimensionStyle width="81" height="36" />
          <PositioningStyle left="81" top="0" />
          <BackgroundStyle type="transparent" />
          <BorderStyle radius="0" leftColor="221r221g221b" topColor="221r221g221b" rightColor="221r221g221b" bottomColor="221r221g221b" leftStyle="none" topStyle="none" rightStyle="solid" bottomStyle="solid" leftWidth="1" topWidth="1" rightWidth="1" bottomWidth="1" />
          <TextStyle color="51r51g51b" hAlign="left" vAlign="center" decoration="none" line-height="14" />
          <FontStyle size="10.0" height="18">
            <family>Roboto</family>
            <style name="Regular" weight="400" italic="normal" />
            <evc-file>Roboto-Regular</evc-file>
          </FontStyle>
          <TransparencyStyle value="0" />
          <PaddingStyle top="0" left="12" bottom="0" right="0" />
          <ShadowStyle>
            <Text enable="false" />
          </ShadowStyle>
        </style>
        <rich-text-range-list>
          <text-range text-range-start="0" text-range-end="2">
            <style name="LnFTextRange">
              <FontStyle size="10.0" height="18">
                <family>Roboto</family>
                <style name="Regular" weight="400" italic="normal" />
                <evc-file>Roboto-Regular</evc-file>
              </FontStyle>
              <TextStyle color="51r51g51b" hAlign="left" vAlign="center" decoration="none" line-height="14" />
            </style>
          </text-range>
        </rich-text-range-list>
      </textCell>
      <textCell id="74578abd-1ab5-4047-897d-6c161c0b77b2" column="2" row="0" colspan="1" rowspan="1">
        <userID>Text_cell_4</userID>
        <text>Name</text>
        <style name="LnFTextCell">
          <DimensionStyle width="244" height="36" />
          <PositioningStyle left="162" top="0" />
          <BackgroundStyle type="transparent" />
          <BorderStyle radius="0" leftColor="221r221g221b" topColor="221r221g221b" rightColor="221r221g221b" bottomColor="221r221g221b" leftStyle="none" topStyle="none" rightStyle="solid" bottomStyle="solid" leftWidth="1" topWidth="1" rightWidth="1" bottomWidth="1" />
          <TextStyle color="51r51g51b" hAlign="left" vAlign="center" decoration="none" line-height="14" />
          <FontStyle size="10.0" height="18">
            <family>Roboto</family>
            <style name="Regular" weight="400" italic="normal" />
            <evc-file>Roboto-Regular</evc-file>
          </FontStyle>
          <TransparencyStyle value="0" />
          <PaddingStyle top="0" left="12" bottom="0" right="0" />
          <ShadowStyle>
            <Text enable="false" />
          </ShadowStyle>
        </style>
        <rich-text-range-list>
          <text-range text-range-start="0" text-range-end="4">
            <style name="LnFTextRange">
              <FontStyle size="10.0" height="0">
                <family>Roboto</family>
                <style name="Regular" weight="400" italic="normal" />
                <evc-file>Roboto-Regular</evc-file>
              </FontStyle>
              <TextStyle color="51r51g51b" hAlign="left" vAlign="center" decoration="none" line-height="14" />
            </style>
          </text-range>
        </rich-text-range-list>
      </textCell>
      <textCell id="baea466f-8f67-420d-80b4-3989c3417c0b" column="3" row="0" colspan="1" rowspan="1">
        <userID>Text_cell_7</userID>
        <text>Status</text>
        <style name="LnFTextCell">
          <DimensionStyle width="124" height="36" />
          <PositioningStyle left="406" top="0" />
          <BackgroundStyle type="transparent" />
          <BorderStyle radius="0" leftColor="221r221g221b" topColor="221r221g221b" rightColor="221r221g221b" bottomColor="221r221g221b" leftStyle="none" topStyle="none" rightStyle="solid" bottomStyle="solid" leftWidth="1" topWidth="1" rightWidth="1" bottomWidth="1" />
          <TextStyle color="51r51g51b" hAlign="left" vAlign="center" decoration="none" line-height="14" />
          <FontStyle size="10.0" height="18">
            <family>Roboto</family>
            <style name="Regular" weight="400" italic="normal" />
            <evc-file>Roboto-Regular</evc-file>
          </FontStyle>
          <TransparencyStyle value="0" />
          <PaddingStyle top="0" left="12" bottom="0" right="0" />
          <ShadowStyle>
            <Text enable="false" />
          </ShadowStyle>
        </style>
        <rich-text-range-list>
          <text-range text-range-start="0" text-range-end="6">
            <style name="LnFTextRange">
              <FontStyle size="10.0" height="18">
                <family>Roboto</family>
                <style name="Regular" weight="400" italic="normal" />
                <evc-file>Roboto-Regular</evc-file>
              </FontStyle>
              <TextStyle color="51r51g51b" hAlign="left" vAlign="center" decoration="none" line-height="14" />
            </style>
          </text-range>
        </rich-text-range-list>
      </textCell>
      <textCell id="69297ec2-4885-4cd7-9dff-e8b5c07dc4ad" column="4" row="0" colspan="1" rowspan="1">
        <userID>Text_cell_17</userID>
        <text>Date</text>
        <style name="LnFTextCell">
          <DimensionStyle width="110" height="36" />
          <PositioningStyle left="530" top="0" />
          <BackgroundStyle type="transparent" />
          <BorderStyle radius="0" leftColor="221r221g221b" topColor="221r221g221b" rightColor="221r221g221b" bottomColor="221r221g221b" leftStyle="none" topStyle="none" rightStyle="solid" bottomStyle="solid" leftWidth="1" topWidth="1" rightWidth="1" bottomWidth="1" />
          <TextStyle color="51r51g51b" hAlign="left" vAlign="center" decoration="none" line-height="14" />
          <FontStyle size="10.0" height="18">
            <family>Roboto</family>
            <style name="Regular" weight="400" italic="normal" />
            <evc-file>Roboto-Regular</evc-file>
          </FontStyle>
          <TransparencyStyle value="0" />
          <PaddingStyle top="0" left="12" bottom="0" right="0" />
          <ShadowStyle>
            <Text enable="false" />
          </ShadowStyle>
        </style>
        <rich-text-range-list>
          <text-range text-range-start="0" text-range-end="4">
            <style name="LnFTextRange">
              <FontStyle size="10.0" height="18">
                <family>Roboto</family>
                <style name="Regular" weight="400" italic="normal" />
                <evc-file>Roboto-Regular</evc-file>
              </FontStyle>
              <TextStyle color="51r51g51b" hAlign="left" vAlign="center" decoration="none" line-height="14" />
            </style>
          </text-range>
        </rich-text-range-list>
      </textCell>
      <textCell id="0733b099-30ee-40da-b0ff-8a91794d9c03" column="0" row="1" colspan="1" rowspan="1">
        <userID>Text_cell_14</userID>
        <text></text>
        <style name="LnFTextCell">
          <DimensionStyle width="81" height="35" />
          <PositioningStyle left="0" top="36" />
          <BackgroundStyle type="transparent" />
          <BorderStyle radius="0" leftColor="221r221g221b" topColor="221r221g221b" rightColor="221r221g221b" bottomColor="221r221g221b" leftStyle="none" topStyle="none" rightStyle="solid" bottomStyle="solid" leftWidth="1" topWidth="1" rightWidth="1" bottomWidth="1" />
          <TextStyle color="51r51g51b" hAlign="left" vAlign="center" decoration="none" line-height="14" />
          <FontStyle size="10.0" height="18">
            <family>Roboto</family>
            <style name="Regular" weight="400" italic="normal" />
            <evc-file>Roboto-Regular</evc-file>
          </FontStyle>
          <TransparencyStyle value="0" />
          <PaddingStyle top="0" left="12" bottom="0" right="0" />
          <ShadowStyle>
            <Text enable="false" />
          </ShadowStyle>
        </style>
        <rich-text-range-list>
          <text-range text-range-start="0" text-range-end="0">
            <style name="LnFTextRange">
              <FontStyle size="10.0" height="18">
                <family>Roboto</family>
                <style name="Regular" weight="400" italic="normal" />
                <evc-file>Roboto-Regular</evc-file>
              </FontStyle>
              <TextStyle color="51r51g51b" hAlign="left" vAlign="center" decoration="none" line-height="14" />
            </style>
          </text-range>
        </rich-text-range-list>
      </textCell>
      <textCell id="205b431a-e6b7-4a71-8d6f-290c38caac63" column="1" row="1" colspan="1" rowspan="1">
        <userID>Text_cell_2</userID>
        <text>1</text>
        <style name="LnFTextCell">
          <DimensionStyle width="81" height="35" />
          <PositioningStyle left="81" top="36" />
          <BackgroundStyle type="transparent" />
          <BorderStyle radius="0" leftColor="221r221g221b" topColor="221r221g221b" rightColor="221r221g221b" bottomColor="221r221g221b" leftStyle="none" topStyle="none" rightStyle="solid" bottomStyle="solid" leftWidth="1" topWidth="1" rightWidth="1" bottomWidth="1" />
          <TextStyle color="51r51g51b" hAlign="left" vAlign="center" decoration="none" line-height="14" />
          <FontStyle size="10.0" height="18">
            <family>Roboto</family>
            <style name="Regular" weight="400" italic="normal" />
            <evc-file>Roboto-Regular</evc-file>
          </FontStyle>
          <TransparencyStyle value="0" />
          <PaddingStyle top="0" left="12" bottom="0" right="0" />
          <ShadowStyle>
            <Text enable="false" />
          </ShadowStyle>
        </style>
        <rich-text-range-list>
          <text-range text-range-start="0" text-range-end="1">
            <style name="LnFTextRange">
              <FontStyle size="10.0" height="18">
                <family>Roboto</family>
                <style name="Regular" weight="400" italic="normal" />
                <evc-file>Roboto-Regular</evc-file>
              </FontStyle>
              <TextStyle color="51r51g51b" hAlign="left" vAlign="center" decoration="none" line-height="14" />
            </style>
          </text-range>
        </rich-text-range-list>
      </textCell>
      <textCell id="fd6162ff-e1d0-424c-97bb-54202486ce9a" column="2" row="1" colspan="1" rowspan="1">
        <userID>Text_cell_5</userID>
        <text>Default Report</text>
        <style name="LnFTextCell">
          <DimensionStyle width="244" height="35" />
          <PositioningStyle left="162" top="36" />
          <BackgroundStyle type="transparent" />
          <BorderStyle radius="0" leftColor="221r221g221b" topColor="221r221g221b" rightColor="221r221g221b" bottomColor="221r221g221b" leftStyle="none" topStyle="none" rightStyle="solid" bottomStyle="solid" leftWidth="1" topWidth="1" rightWidth="1" bottomWidth="1" />
          <TextStyle color="51r51g51b" hAlign="left" vAlign="center" decoration="none" line-height="14" />
          <FontStyle size="10.0" height="18">
            <family>Roboto</family>
            <style name="Regular" weight="400" italic="normal" />
            <evc-file>Roboto-Regular</evc-file>
          </FontStyle>
          <TransparencyStyle value="0" />
          <PaddingStyle top="0" left="12" bottom="0" right="0" />
          <ShadowStyle>
            <Text enable="false" />
          </ShadowStyle>
        </style>
        <rich-text-range-list>
          <text-range text-range-start="0" text-range-end="14">
            <style name="LnFTextRange">
              <FontStyle size="10.0" height="18">
                <family>Roboto</family>
                <style name="Regular" weight="400" italic="normal" />
                <evc-file>Roboto-Regular</evc-file>
              </FontStyle>
              <TextStyle color="51r51g51b" hAlign="left" vAlign="center" decoration="none" line-height="14" />
            </style>
          </text-range>
        </rich-text-range-list>
      </textCell>
      <textCell id="70cefb6a-8a22-4ff5-a1c0-e13420c7586a" column="3" row="1" colspan="1" rowspan="1">
        <userID>Text_cell_8</userID>
        <text>Inactive</text>
        <style name="LnFTextCell">
          <DimensionStyle width="124" height="35" />
          <PositioningStyle left="406" top="36" />
          <BackgroundStyle type="transparent" />
          <BorderStyle radius="0" leftColor="221r221g221b" topColor="221r221g221b" rightColor="221r221g221b" bottomColor="221r221g221b" leftStyle="none" topStyle="none" rightStyle="solid" bottomStyle="solid" leftWidth="1" topWidth="1" rightWidth="1" bottomWidth="1" />
          <TextStyle color="51r51g51b" hAlign="left" vAlign="center" decoration="none" line-height="14" />
          <FontStyle size="10.0" height="18">
            <family>Roboto</family>
            <style name="Regular" weight="400" italic="normal" />
            <evc-file>Roboto-Regular</evc-file>
          </FontStyle>
          <TransparencyStyle value="0" />
          <PaddingStyle top="0" left="12" bottom="0" right="0" />
          <ShadowStyle>
            <Text enable="false" />
          </ShadowStyle>
        </style>
        <rich-text-range-list>
          <text-range text-range-start="0" text-range-end="8">
            <style name="LnFTextRange">
              <FontStyle size="10.0" height="18">
                <family>Roboto</family>
                <style name="Regular" weight="400" italic="normal" />
                <evc-file>Roboto-Regular</evc-file>
              </FontStyle>
              <TextStyle color="51r51g51b" hAlign="left" vAlign="center" decoration="none" line-height="14" />
            </style>
          </text-range>
        </rich-text-range-list>
      </textCell>
      <textCell id="1539ba7d-88ff-4f7f-9a4c-f1902723ab9d" column="4" row="1" colspan="1" rowspan="1">
        <userID>Text_cell_18</userID>
        <text>2017-02-28</text>
        <style name="LnFTextCell">
          <DimensionStyle width="110" height="35" />
          <PositioningStyle left="530" top="36" />
          <BackgroundStyle type="transparent" />
          <BorderStyle radius="0" leftColor="221r221g221b" topColor="221r221g221b" rightColor="221r221g221b" bottomColor="221r221g221b" leftStyle="none" topStyle="none" rightStyle="solid" bottomStyle="solid" leftWidth="1" topWidth="1" rightWidth="1" bottomWidth="1" />
          <TextStyle color="51r51g51b" hAlign="left" vAlign="center" decoration="none" line-height="14" />
          <FontStyle size="10.0" height="18">
            <family>Roboto</family>
            <style name="Regular" weight="400" italic="normal" />
            <evc-file>Roboto-Regular</evc-file>
          </FontStyle>
          <TransparencyStyle value="0" />
          <PaddingStyle top="0" left="12" bottom="0" right="0" />
          <ShadowStyle>
            <Text enable="false" />
          </ShadowStyle>
        </style>
        <rich-text-range-list>
          <text-range text-range-start="0" text-range-end="10">
            <style name="LnFTextRange">
              <FontStyle size="10.0" height="18">
                <family>Roboto</family>
                <style name="Regular" weight="400" italic="normal" />
                <evc-file>Roboto-Regular</evc-file>
              </FontStyle>
              <TextStyle color="51r51g51b" hAlign="left" vAlign="center" decoration="none" line-height="14" />
            </style>
          </text-range>
        </rich-text-range-list>
      </textCell>
      <textCell id="44984e72-585e-49ce-912d-8d450ac6a2c9" column="0" row="2" colspan="1" rowspan="1">
        <userID>Text_cell_15</userID>
        <text></text>
        <style name="LnFTextCell">
          <DimensionStyle width="81" height="35" />
          <PositioningStyle left="0" top="71" />
          <BackgroundStyle type="transparent" />
          <BorderStyle radius="0" leftColor="221r221g221b" topColor="221r221g221b" rightColor="221r221g221b" bottomColor="221r221g221b" leftStyle="none" topStyle="none" rightStyle="solid" bottomStyle="solid" leftWidth="1" topWidth="1" rightWidth="1" bottomWidth="1" />
          <TextStyle color="51r51g51b" hAlign="left" vAlign="center" decoration="none" line-height="14" />
          <FontStyle size="10.0" height="18">
            <family>Roboto</family>
            <style name="Regular" weight="400" italic="normal" />
            <evc-file>Roboto-Regular</evc-file>
          </FontStyle>
          <TransparencyStyle value="0" />
          <PaddingStyle top="0" left="12" bottom="0" right="0" />
          <ShadowStyle>
            <Text enable="false" />
          </ShadowStyle>
        </style>
        <rich-text-range-list>
          <text-range text-range-start="0" text-range-end="0">
            <style name="LnFTextRange">
              <FontStyle size="10.0" height="18">
                <family>Roboto</family>
                <style name="Regular" weight="400" italic="normal" />
                <evc-file>Roboto-Regular</evc-file>
              </FontStyle>
              <TextStyle color="51r51g51b" hAlign="left" vAlign="center" decoration="none" line-height="14" />
            </style>
          </text-range>
        </rich-text-range-list>
      </textCell>
      <textCell id="4f36af1b-4e40-49fb-b924-75526f8508da" column="1" row="2" colspan="1" rowspan="1">
        <userID>Text_cell_3</userID>
        <text>2</text>
        <style name="LnFTextCell">
          <DimensionStyle width="81" height="35" />
          <PositioningStyle left="81" top="71" />
          <BackgroundStyle type="transparent" />
          <BorderStyle radius="0" leftColor="221r221g221b" topColor="221r221g221b" rightColor="221r221g221b" bottomColor="221r221g221b" leftStyle="none" topStyle="none" rightStyle="solid" bottomStyle="solid" leftWidth="1" topWidth="1" rightWidth="1" bottomWidth="1" />
          <TextStyle color="51r51g51b" hAlign="left" vAlign="center" decoration="none" line-height="14" />
          <FontStyle size="10.0" height="18">
            <family>Roboto</family>
            <style name="Regular" weight="400" italic="normal" />
            <evc-file>Roboto-Regular</evc-file>
          </FontStyle>
          <TransparencyStyle value="0" />
          <PaddingStyle top="0" left="12" bottom="0" right="0" />
          <ShadowStyle>
            <Text enable="false" />
          </ShadowStyle>
        </style>
        <rich-text-range-list>
          <text-range text-range-start="0" text-range-end="1">
            <style name="LnFTextRange">
              <FontStyle size="10.0" height="18">
                <family>Roboto</family>
                <style name="Regular" weight="400" italic="normal" />
                <evc-file>Roboto-Regular</evc-file>
              </FontStyle>
              <TextStyle color="51r51g51b" hAlign="left" vAlign="center" decoration="none" line-height="14" />
            </style>
          </text-range>
        </rich-text-range-list>
      </textCell>
      <textCell id="a1e45ab1-a463-4d6e-9cf9-f39c155094cf" column="2" row="2" colspan="1" rowspan="1">
        <userID>Text_cell_6</userID>
        <text>Salary Report</text>
        <style name="LnFTextCell">
          <DimensionStyle width="244" height="35" />
          <PositioningStyle left="162" top="71" />
          <BackgroundStyle type="transparent" />
          <BorderStyle radius="0" leftColor="221r221g221b" topColor="221r221g221b" rightColor="221r221g221b" bottomColor="221r221g221b" leftStyle="none" topStyle="none" rightStyle="solid" bottomStyle="solid" leftWidth="1" topWidth="1" rightWidth="1" bottomWidth="1" />
          <TextStyle color="51r51g51b" hAlign="left" vAlign="center" decoration="none" line-height="14" />
          <FontStyle size="10.0" height="18">
            <family>Roboto</family>
            <style name="Regular" weight="400" italic="normal" />
            <evc-file>Roboto-Regular</evc-file>
          </FontStyle>
          <TransparencyStyle value="0" />
          <PaddingStyle top="0" left="12" bottom="0" right="0" />
          <ShadowStyle>
            <Text enable="false" />
          </ShadowStyle>
        </style>
        <rich-text-range-list>
          <text-range text-range-start="0" text-range-end="13">
            <style name="LnFTextRange">
              <FontStyle size="10.0" height="18">
                <family>Roboto</family>
                <style name="Regular" weight="400" italic="normal" />
                <evc-file>Roboto-Regular</evc-file>
              </FontStyle>
              <TextStyle color="51r51g51b" hAlign="left" vAlign="center" decoration="none" line-height="14" />
            </style>
          </text-range>
        </rich-text-range-list>
      </textCell>
      <textCell id="9bbcc1c2-28ff-4a30-a22e-419e5ffed349" column="3" row="2" colspan="1" rowspan="1">
        <userID>Text_cell_9</userID>
        <text>Active</text>
        <style name="LnFTextCell">
          <DimensionStyle width="124" height="35" />
          <PositioningStyle left="406" top="71" />
          <BackgroundStyle type="transparent" />
          <BorderStyle radius="0" leftColor="221r221g221b" topColor="221r221g221b" rightColor="221r221g221b" bottomColor="221r221g221b" leftStyle="none" topStyle="none" rightStyle="solid" bottomStyle="solid" leftWidth="1" topWidth="1" rightWidth="1" bottomWidth="1" />
          <TextStyle color="51r51g51b" hAlign="left" vAlign="center" decoration="none" line-height="14" />
          <FontStyle size="10.0" height="18">
            <family>Roboto</family>
            <style name="Regular" weight="400" italic="normal" />
            <evc-file>Roboto-Regular</evc-file>
          </FontStyle>
          <TransparencyStyle value="0" />
          <PaddingStyle top="0" left="12" bottom="0" right="0" />
          <ShadowStyle>
            <Text enable="false" />
          </ShadowStyle>
        </style>
        <rich-text-range-list>
          <text-range text-range-start="0" text-range-end="6">
            <style name="LnFTextRange">
              <FontStyle size="10.0" height="18">
                <family>Roboto</family>
                <style name="Regular" weight="400" italic="normal" />
                <evc-file>Roboto-Regular</evc-file>
              </FontStyle>
              <TextStyle color="51r51g51b" hAlign="left" vAlign="center" decoration="none" line-height="14" />
            </style>
          </text-range>
        </rich-text-range-list>
      </textCell>
      <textCell id="9fb6c129-7597-4b1b-9d01-4bc9880f261e" column="4" row="2" colspan="1" rowspan="1">
        <userID>Text_cell_19</userID>
        <text>2017-02-28</text>
        <style name="LnFTextCell">
          <DimensionStyle width="110" height="35" />
          <PositioningStyle left="530" top="71" />
          <BackgroundStyle type="transparent" />
          <BorderStyle radius="0" leftColor="221r221g221b" topColor="221r221g221b" rightColor="221r221g221b" bottomColor="221r221g221b" leftStyle="none" topStyle="none" rightStyle="solid" bottomStyle="solid" leftWidth="1" topWidth="1" rightWidth="1" bottomWidth="1" />
          <TextStyle color="51r51g51b" hAlign="left" vAlign="center" decoration="none" line-height="14" />
          <FontStyle size="10.0" height="18">
            <family>Roboto</family>
            <style name="Regular" weight="400" italic="normal" />
            <evc-file>Roboto-Regular</evc-file>
          </FontStyle>
          <TransparencyStyle value="0" />
          <PaddingStyle top="0" left="12" bottom="0" right="0" />
          <ShadowStyle>
            <Text enable="false" />
          </ShadowStyle>
        </style>
        <rich-text-range-list>
          <text-range text-range-start="0" text-range-end="10">
            <style name="LnFTextRange">
              <FontStyle size="10.0" height="0">
                <family>Roboto</family>
                <style name="Regular" weight="400" italic="normal" />
                <evc-file>Roboto-Regular</evc-file>
              </FontStyle>
              <TextStyle color="51r51g51b" hAlign="left" vAlign="center" decoration="none" line-height="14" />
            </style>
          </text-range>
        </rich-text-range-list>
      </textCell>
      <textCell id="40c36dd0-bd10-4a81-b342-41491501842e" column="0" row="3" colspan="1" rowspan="1">
        <userID>Text_cell_16</userID>
        <text></text>
        <style name="LnFTextCell">
          <DimensionStyle width="81" height="35" />
          <PositioningStyle left="0" top="106" />
          <BackgroundStyle type="transparent" />
          <BorderStyle radius="0" leftColor="221r221g221b" topColor="221r221g221b" rightColor="221r221g221b" bottomColor="221r221g221b" leftStyle="none" topStyle="none" rightStyle="solid" bottomStyle="solid" leftWidth="1" topWidth="1" rightWidth="1" bottomWidth="1" />
          <TextStyle color="51r51g51b" hAlign="left" vAlign="center" decoration="none" line-height="14" />
          <FontStyle size="10.0" height="18">
            <family>Roboto</family>
            <style name="Regular" weight="400" italic="normal" />
            <evc-file>Roboto-Regular</evc-file>
          </FontStyle>
          <TransparencyStyle value="0" />
          <PaddingStyle top="0" left="12" bottom="0" right="0" />
          <ShadowStyle>
            <Text enable="false" />
          </ShadowStyle>
        </style>
        <rich-text-range-list>
          <text-range text-range-start="0" text-range-end="0">
            <style name="LnFTextRange">
              <FontStyle size="10.0" height="18">
                <family>Roboto</family>
                <style name="Regular" weight="400" italic="normal" />
                <evc-file>Roboto-Regular</evc-file>
              </FontStyle>
              <TextStyle color="51r51g51b" hAlign="left" vAlign="center" decoration="none" line-height="14" />
            </style>
          </text-range>
        </rich-text-range-list>
      </textCell>
      <textCell id="be0e92fb-0c15-46d7-9ddc-99baedd5ab9f" column="1" row="3" colspan="1" rowspan="1">
        <userID>Text_cell_10</userID>
        <text>3</text>
        <style name="LnFTextCell">
          <DimensionStyle width="81" height="35" />
          <PositioningStyle left="81" top="106" />
          <BackgroundStyle type="transparent" />
          <BorderStyle radius="0" leftColor="221r221g221b" topColor="221r221g221b" rightColor="221r221g221b" bottomColor="221r221g221b" leftStyle="none" topStyle="none" rightStyle="solid" bottomStyle="solid" leftWidth="1" topWidth="1" rightWidth="1" bottomWidth="1" />
          <TextStyle color="51r51g51b" hAlign="left" vAlign="center" decoration="none" line-height="14" />
          <FontStyle size="10.0" height="18">
            <family>Roboto</family>
            <style name="Regular" weight="400" italic="normal" />
            <evc-file>Roboto-Regular</evc-file>
          </FontStyle>
          <TransparencyStyle value="0" />
          <PaddingStyle top="0" left="12" bottom="0" right="0" />
          <ShadowStyle>
            <Text enable="false" />
          </ShadowStyle>
        </style>
        <rich-text-range-list>
          <text-range text-range-start="0" text-range-end="1">
            <style name="LnFTextRange">
              <FontStyle size="10.0" height="18">
                <family>Roboto</family>
                <style name="Regular" weight="400" italic="normal" />
                <evc-file>Roboto-Regular</evc-file>
              </FontStyle>
              <TextStyle color="51r51g51b" hAlign="left" vAlign="center" decoration="none" line-height="14" />
            </style>
          </text-range>
        </rich-text-range-list>
      </textCell>
      <textCell id="7733661b-50b1-4f81-8f84-54c6438abb90" column="2" row="3" colspan="1" rowspan="1">
        <userID>Text_cell_11</userID>
        <text>Employee Report</text>
        <style name="LnFTextCell">
          <DimensionStyle width="244" height="35" />
          <PositioningStyle left="162" top="106" />
          <BackgroundStyle type="transparent" />
          <BorderStyle radius="0" leftColor="221r221g221b" topColor="221r221g221b" rightColor="221r221g221b" bottomColor="221r221g221b" leftStyle="none" topStyle="none" rightStyle="solid" bottomStyle="solid" leftWidth="1" topWidth="1" rightWidth="1" bottomWidth="1" />
          <TextStyle color="51r51g51b" hAlign="left" vAlign="center" decoration="none" line-height="14" />
          <FontStyle size="10.0" height="18">
            <family>Roboto</family>
            <style name="Regular" weight="400" italic="normal" />
            <evc-file>Roboto-Regular</evc-file>
          </FontStyle>
          <TransparencyStyle value="0" />
          <PaddingStyle top="0" left="12" bottom="0" right="0" />
          <ShadowStyle>
            <Text enable="false" />
          </ShadowStyle>
        </style>
        <rich-text-range-list>
          <text-range text-range-start="0" text-range-end="15">
            <style name="LnFTextRange">
              <FontStyle size="10.0" height="18">
                <family>Roboto</family>
                <style name="Regular" weight="400" italic="normal" />
                <evc-file>Roboto-Regular</evc-file>
              </FontStyle>
              <TextStyle color="51r51g51b" hAlign="left" vAlign="center" decoration="none" line-height="14" />
            </style>
          </text-range>
        </rich-text-range-list>
      </textCell>
      <textCell id="dcc83604-4c52-4aab-83fc-38fff478b28a" column="3" row="3" colspan="1" rowspan="1">
        <userID>Text_cell_12</userID>
        <text>Active</text>
        <style name="LnFTextCell">
          <DimensionStyle width="124" height="35" />
          <PositioningStyle left="406" top="106" />
          <BackgroundStyle type="transparent" />
          <BorderStyle radius="0" leftColor="221r221g221b" topColor="221r221g221b" rightColor="221r221g221b" bottomColor="221r221g221b" leftStyle="none" topStyle="none" rightStyle="solid" bottomStyle="solid" leftWidth="1" topWidth="1" rightWidth="1" bottomWidth="1" />
          <TextStyle color="51r51g51b" hAlign="left" vAlign="center" decoration="none" line-height="14" />
          <FontStyle size="10.0" height="18">
            <family>Roboto</family>
            <style name="Regular" weight="400" italic="normal" />
            <evc-file>Roboto-Regular</evc-file>
          </FontStyle>
          <TransparencyStyle value="0" />
          <PaddingStyle top="0" left="12" bottom="0" right="0" />
          <ShadowStyle>
            <Text enable="false" />
          </ShadowStyle>
        </style>
        <rich-text-range-list>
          <text-range text-range-start="0" text-range-end="6">
            <style name="LnFTextRange">
              <FontStyle size="10.0" height="0">
                <family>Roboto</family>
                <style name="Regular" weight="400" italic="normal" />
                <evc-file>Roboto-Regular</evc-file>
              </FontStyle>
              <TextStyle color="51r51g51b" hAlign="left" vAlign="center" decoration="none" line-height="14" />
            </style>
          </text-range>
        </rich-text-range-list>
      </textCell>
      <textCell id="ce58aea2-7625-49eb-aad5-64f4fd3c7e87" column="4" row="3" colspan="1" rowspan="1">
        <userID>Text_cell_20</userID>
        <text>2017-02-28</text>
        <style name="LnFTextCell">
          <DimensionStyle width="110" height="35" />
          <PositioningStyle left="530" top="106" />
          <BackgroundStyle type="transparent" />
          <BorderStyle radius="0" leftColor="221r221g221b" topColor="221r221g221b" rightColor="221r221g221b" bottomColor="221r221g221b" leftStyle="none" topStyle="none" rightStyle="solid" bottomStyle="solid" leftWidth="1" topWidth="1" rightWidth="1" bottomWidth="1" />
          <TextStyle color="51r51g51b" hAlign="left" vAlign="center" decoration="none" line-height="14" />
          <FontStyle size="10.0" height="18">
            <family>Roboto</family>
            <style name="Regular" weight="400" italic="normal" />
            <evc-file>Roboto-Regular</evc-file>
          </FontStyle>
          <TransparencyStyle value="0" />
          <PaddingStyle top="0" left="12" bottom="0" right="0" />
          <ShadowStyle>
            <Text enable="false" />
          </ShadowStyle>
        </style>
        <rich-text-range-list>
          <text-range text-range-start="0" text-range-end="10">
            <style name="LnFTextRange">
              <FontStyle size="10.0" height="0">
                <family>Roboto</family>
                <style name="Regular" weight="400" italic="normal" />
                <evc-file>Roboto-Regular</evc-file>
              </FontStyle>
              <TextStyle color="51r51g51b" hAlign="left" vAlign="center" decoration="none" line-height="14" />
            </style>
          </text-range>
        </rich-text-range-list>
      </textCell>
      <style name="LnFTextTable">
        <DimensionStyle width="641" height="142" />
        <PositioningStyle left="189" top="239" />
        <BackgroundStyle type="color" value="255r255g255b" />
        <BorderStyle radius="0" leftColor="221r221g221b" topColor="221r221g221b" rightColor="221r221g221b" bottomColor="221r221g221b" leftStyle="solid" topStyle="solid" rightStyle="none" bottomStyle="none" leftWidth="1" topWidth="1" rightWidth="1" bottomWidth="1" />
        <TableStyle hSpacing="0" vSpacing="0" />
        <TransparencyStyle value="0" />
        <ShadowStyle>
          <Box enable="false" />
        </ShadowStyle>
      </style>
      <userID>Table_1</userID>
    </textTable>
    <attribute-form id="a641c6f0-8876-40ad-bcf5-5ac389cf0a4e" writable="true" hidden="false" lockType="bothsizes" onTop="false" visible="true">
      <attStyle>CheckBox</attStyle>
      <type>boolean</type>
      <style name="LnFAttributeForm">
        <DimensionStyle width="13" height="13" />
        <PositioningStyle left="222" top="249" />
        <BackgroundStyle type="color" value="255r255g255b" />
        <BorderStyle radius="0" leftColor="200r200g200b" topColor="200r200g200b" rightColor="200r200g200b" bottomColor="200r200g200b" leftStyle="solid" topStyle="solid" rightStyle="solid" bottomStyle="solid" leftWidth="1" topWidth="1" rightWidth="1" bottomWidth="1" />
        <TextStyle color="0r0g0b" hAlign="left" vAlign="center" decoration="none" line-height="17" />
        <FontStyle size="10.0" height="18">
          <family>Roboto</family>
          <style name="Regular" weight="400" italic="normal" />
          <evc-file>Roboto-Regular</evc-file>
        </FontStyle>
        <TransparencyStyle value="0" />
        <PaddingStyle top="0" left="0" bottom="0" right="0" />
        <ShadowStyle>
          <Box enable="false" />
        </ShadowStyle>
      </style>
      <defaultValue>false</defaultValue>
      <userID>Input_1</userID>
    </attribute-form>
    <attribute-form id="013b6890-69dd-4bc7-83e7-228b76f29832" writable="true" hidden="false" lockType="bothsizes" onTop="false" visible="true">
      <attStyle>CheckBox</attStyle>
      <type>boolean</type>
      <style name="LnFAttributeForm">
        <DimensionStyle width="13" height="13" />
        <PositioningStyle left="222" top="283" />
        <BackgroundStyle type="color" value="255r255g255b" />
        <BorderStyle radius="0" leftColor="200r200g200b" topColor="200r200g200b" rightColor="200r200g200b" bottomColor="200r200g200b" leftStyle="solid" topStyle="solid" rightStyle="solid" bottomStyle="solid" leftWidth="1" topWidth="1" rightWidth="1" bottomWidth="1" />
        <TextStyle color="0r0g0b" hAlign="left" vAlign="center" decoration="none" line-height="17" />
        <FontStyle size="10.0" height="18">
          <family>Roboto</family>
          <style name="Regular" weight="400" italic="normal" />
          <evc-file>Roboto-Regular</evc-file>
        </FontStyle>
        <TransparencyStyle value="0" />
        <PaddingStyle top="0" left="0" bottom="0" right="0" />
        <ShadowStyle>
          <Box enable="false" />
        </ShadowStyle>
      </style>
      <defaultValue>false</defaultValue>
      <userID>Input_2</userID>
    </attribute-form>
    <attribute-form id="597670b1-e18a-4389-be48-9c01415e723b" writable="true" hidden="false" lockType="bothsizes" onTop="false" visible="true">
      <attStyle>CheckBox</attStyle>
      <type>boolean</type>
      <style name="LnFAttributeForm">
        <DimensionStyle width="13" height="13" />
        <PositioningStyle left="222" top="323" />
        <BackgroundStyle type="color" value="255r255g255b" />
        <BorderStyle radius="0" leftColor="200r200g200b" topColor="200r200g200b" rightColor="200r200g200b" bottomColor="200r200g200b" leftStyle="solid" topStyle="solid" rightStyle="solid" bottomStyle="solid" leftWidth="1" topWidth="1" rightWidth="1" bottomWidth="1" />
        <TextStyle color="0r0g0b" hAlign="left" vAlign="center" decoration="none" line-height="17" />
        <FontStyle size="10.0" height="18">
          <family>Roboto</family>
          <style name="Regular" weight="400" italic="normal" />
          <evc-file>Roboto-Regular</evc-file>
        </FontStyle>
        <TransparencyStyle value="0" />
        <PaddingStyle top="0" left="0" bottom="0" right="0" />
        <ShadowStyle>
          <Box enable="false" />
        </ShadowStyle>
      </style>
      <defaultValue>false</defaultValue>
      <userID>Input_3</userID>
    </attribute-form>
    <attribute-form id="b609f4b1-cae0-4e56-a843-4468841bd6ab" writable="true" hidden="false" lockType="bothsizes" onTop="false" visible="true">
      <attStyle>CheckBox</attStyle>
      <type>boolean</type>
      <style name="LnFAttributeForm">
        <DimensionStyle width="13" height="13" />
        <PositioningStyle left="222" top="358" />
        <BackgroundStyle type="color" value="255r255g255b" />
        <BorderStyle radius="0" leftColor="200r200g200b" topColor="200r200g200b" rightColor="200r200g200b" bottomColor="200r200g200b" leftStyle="solid" topStyle="solid" rightStyle="solid" bottomStyle="solid" leftWidth="1" topWidth="1" rightWidth="1" bottomWidth="1" />
        <TextStyle color="0r0g0b" hAlign="left" vAlign="center" decoration="none" line-height="17" />
        <FontStyle size="10.0" height="18">
          <family>Roboto</family>
          <style name="Regular" weight="400" italic="normal" />
          <evc-file>Roboto-Regular</evc-file>
        </FontStyle>
        <TransparencyStyle value="0" />
        <PaddingStyle top="0" left="0" bottom="0" right="0" />
        <ShadowStyle>
          <Box enable="false" />
        </ShadowStyle>
      </style>
      <defaultValue>false</defaultValue>
      <userID>Input_4</userID>
    </attribute-form>
    <button id="7050a28c-7f01-41eb-b86c-d3b6c8858bb6" singleLine="true" hidden="false" lockType="none" onTop="false" visible="true">
      <text>Search</text>
      <style name="LnFButton">
        <DimensionStyle width="54" height="22" />
        <PositioningStyle left="774" top="212" />
        <BackgroundStyle type="gradient">
          <gradient firstColor="255r255g255b" secondColor="230r230g230b" orientation="vertical" double="false" />
        </BackgroundStyle>
        <BorderStyle radius="30" leftColor="205r205g205b" topColor="205r205g205b" rightColor="205r205g205b" bottomColor="205r205g205b" leftStyle="solid" topStyle="solid" rightStyle="solid" bottomStyle="solid" leftWidth="1" topWidth="1" rightWidth="1" bottomWidth="1" />
        <TextStyle color="3r3g3b" hAlign="center" vAlign="center" decoration="none" line-height="0" />
        <FontStyle size="10.0" height="18">
          <family>Roboto</family>
          <style name="Regular" weight="400" italic="normal" />
          <evc-file>Roboto-Regular</evc-file>
        </FontStyle>
        <TransparencyStyle value="0" />
        <PaddingStyle top="0" left="0" bottom="0" right="0" />
        <RotationStyle angle="0" />
        <ShadowStyle>
          <Box enable="false" />
          <Text enable="false" />
        </ShadowStyle>
      </style>
      <rich-text-range-list>
        <text-range text-range-start="0" text-range-end="6">
          <style name="LnFTextRange">
            <FontStyle size="10.0" height="18">
              <family>Roboto</family>
              <style name="Regular" weight="400" italic="normal" />
              <evc-file>Roboto-Regular</evc-file>
            </FontStyle>
            <TextStyle color="3r3g3b" hAlign="center" vAlign="center" decoration="none" line-height="0" />
          </style>
        </text-range>
      </rich-text-range-list>
      <userID>Button_3</userID>
    </button>
    <attribute-form id="56482607-8a51-4182-bb6e-67c7bbb0ad0f" writable="true" hidden="false" lockType="none" onTop="false" visible="true">
      <attStyle>InputText</attStyle>
      <type>text</type>
      <style name="LnFAttributeForm">
        <DimensionStyle width="93" height="22" />
        <PositioningStyle left="673" top="215" />
        <BackgroundStyle type="color" value="255r255g255b" />
        <BorderStyle radius="0" leftColor="200r200g200b" topColor="200r200g200b" rightColor="200r200g200b" bottomColor="200r200g200b" leftStyle="solid" topStyle="solid" rightStyle="solid" bottomStyle="solid" leftWidth="1" topWidth="1" rightWidth="1" bottomWidth="1" />
        <TextStyle color="0r0g0b" hAlign="left" vAlign="center" decoration="none" line-height="17" />
        <FontStyle size="10.0" height="18">
          <family>Roboto</family>
          <style name="Regular" weight="400" italic="normal" />
          <evc-file>Roboto-Regular</evc-file>
        </FontStyle>
        <TransparencyStyle value="0" />
        <PaddingStyle top="0" left="0" bottom="0" right="0" />
        <ShadowStyle>
          <Box enable="false" />
          <Text enable="false" />
        </ShadowStyle>
      </style>
      <defaultValue></defaultValue>
      <userID>Input_5</userID>
    </attribute-form>
    <label id="46f3f1df-7df4-43a8-8a5a-ff475008417d" singleLine="true" hidden="false" lockType="bothsizes" onTop="false" visible="true">
      <text>Name:</text>
      <style name="LnFTextBox">
        <DimensionStyle width="38" height="18" autofit="true" />
        <PositioningStyle left="626" top="217" />
        <BackgroundStyle type="transparent" />
        <BorderStyle radius="0" leftColor="0r0g0b" topColor="0r0g0b" rightColor="0r0g0b" bottomColor="0r0g0b" leftStyle="none" topStyle="none" rightStyle="none" bottomStyle="none" leftWidth="1" topWidth="1" rightWidth="1" bottomWidth="1" />
        <TextStyle color="51r51g51b" hAlign="left" vAlign="center" decoration="none" line-height="0" />
        <FontStyle size="10.0" height="18">
          <family>Roboto</family>
          <style name="Bold" weight="700" italic="normal" />
          <evc-file>Roboto-Bold</evc-file>
        </FontStyle>
        <TransparencyStyle value="0" />
        <PaddingStyle top="0" left="0" bottom="0" right="0" />
        <RotationStyle angle="0" />
        <ShadowStyle>
          <Box enable="false" />
          <Text enable="false" />
        </ShadowStyle>
      </style>
      <rich-text-range-list>
        <text-range text-range-start="0" text-range-end="5">
          <style name="LnFTextRange">
            <FontStyle size="10.0" height="18">
              <family>Roboto</family>
              <style name="Bold" weight="700" italic="normal" />
              <evc-file>Roboto-Bold</evc-file>
            </FontStyle>
            <TextStyle color="51r51g51b" hAlign="left" vAlign="center" decoration="none" line-height="0" />
          </style>
        </text-range>
      </rich-text-range-list>
      <userID>Text_1</userID>
    </label>
    <style name="LnFCanvas">
      <DimensionStyle width="830" height="475" />
      <PositioningStyle left="0" top="0" />
      <BackgroundStyle type="transparent" />
      <TransparencyStyle value="0" />
    </style>
  </item-group>
  <Events>
    <event id="1064a3b9-98fe-4680-8e4f-19e2e3d8decd" trigger="onClick">
      <case execType="serial" delayAction="0">
        <description>Case 1</description>
        <block>
          <navigateLink execType="serial" delayAction="0">
            <screen id="26f24953-58f7-4ff2-84a3-0cf4fb413f25">Manage Group</screen>
            <type>window</type>
          </navigateLink>
        </block>
      </case>
    </event>
    <event id="118fd6f9-7961-4f69-99c9-a9cb8e14e8aa" trigger="onClick">
      <case execType="serial" delayAction="0">
        <description>Case 1</description>
        <block>
          <navigateLink execType="serial" delayAction="0">
            <screen id="26f24953-58f7-4ff2-84a3-0cf4fb413f25">Manage Group</screen>
            <type>window</type>
          </navigateLink>
        </block>
      </case>
    </event>
  </Events>
</screen>

