<?xml version="1.0" encoding="UTF-8"?>
<root>
  <label id="32e3531a-ddc8-49bc-889d-79aee1a13415" singleLine="true" hidden="false" lockType="none" onTop="false" visible="true">
    <text>Recipient/Sender</text>
    <style name="LnFTextBox">
      <DimensionStyle width="139" height="29" />
      <PositioningStyle left="10" top="10" />
      <BackgroundStyle type="transparent" />
      <BorderStyle radius="0" leftColor="0r0g0b" topColor="0r0g0b" rightColor="0r0g0b" bottomColor="0r0g0b" leftStyle="none" topStyle="none" rightStyle="none" bottomStyle="none" leftWidth="1" topWidth="1" rightWidth="1" bottomWidth="1" />
      <TextStyle color="51r51g51b" hAlign="right" vAlign="center" decoration="none" line-height="0" />
      <FontStyle size="11.0" height="0">
        <family>Arial</family>
        <style name="Regular" weight="400" italic="normal" />
      </FontStyle>
      <TransparencyStyle value="0" />
      <PaddingStyle top="0" left="0" bottom="0" right="0" />
      <RotationStyle angle="0" />
      <ShadowStyle>
        <Box enable="false" />
        <Text enable="false" />
      </ShadowStyle>
    </style>
    <rich-text-range-list>
      <text-range text-range-start="0" text-range-end="16">
        <style name="LnFTextRange">
          <FontStyle size="11.0" height="0">
            <family>Arial</family>
            <style name="Regular" weight="400" italic="normal" />
          </FontStyle>
          <TextStyle color="51r51g51b" hAlign="right" vAlign="center" decoration="none" line-height="0" />
        </style>
      </text-range>
    </rich-text-range-list>
    <userID>Text_4</userID>
  </label>
  <attribute-form id="891ac594-e486-4f7d-8fdb-32b0131f2471" writable="true" hidden="false" lockType="none" onTop="false" visible="true">
    <attStyle>InputText</attStyle>
    <type>text</type>
    <style name="LnFAttributeForm">
      <DimensionStyle width="214" height="29" />
      <PositioningStyle left="160" top="10" />
      <BackgroundStyle type="color" value="255r255g255b" />
      <BorderStyle radius="0" leftColor="200r200g200b" topColor="200r200g200b" rightColor="200r200g200b" bottomColor="200r200g200b" leftStyle="solid" topStyle="solid" rightStyle="solid" bottomStyle="solid" leftWidth="1" topWidth="1" rightWidth="1" bottomWidth="1" />
      <TextStyle color="0r0g0b" hAlign="left" vAlign="center" decoration="none" line-height="0" />
      <FontStyle size="11.0" height="17">
        <family>Arial</family>
        <style name="Regular" weight="400" italic="normal" />
      </FontStyle>
      <TransparencyStyle value="0" />
      <PaddingStyle top="0" left="5" bottom="0" right="0" />
      <ShadowStyle>
        <Box enable="false" />
        <Text enable="false" />
      </ShadowStyle>
    </style>
    <defaultValue>Kevin</defaultValue>
    <userID>Input_1</userID>
  </attribute-form>
  <Events />
</root>

