<?xml version="1.0" encoding="UTF-8"?>
<properties>
  <prototypeID>7a50e539-90af-418a-8ba7-f4b3e82ed24d</prototypeID>
  <cloudID>0</cloudID>
  <accountCloudID>0</accountCloudID>
  <version>7.5.0.20161024</version>
  <prototypeDevice>web</prototypeDevice>
  <canvasSize w="1024" h="768" />
  <canvasOrientation>PORTRAIT</canvasOrientation>
  <defaultTemplateCode>f39803f7-df02-4169-93eb-7547fb8c961a</defaultTemplateCode>
  <homeScreenCode>d12245cc-1680-458d-89dd-4f0d7fb22724</homeScreenCode>
</properties>

